order_id,order_date,store_id,region,channel,category,product,units,unit_price,discount_pct,unit_cost,customer_segment,payment_method,returned,satisfaction,gross_sales,discount_amount,net_sales,total_cost,gross_profit,margin_pct,is_high_value_order
ORD-000175,2025-01-01,GDL-02,Occidente,Online,Hogar,Cafetera programable,5,1448.8,0.05,870.59,Recurrente,Efectivo,False,4,7244.0,362.2,6881.8,4352.95,2528.85,36.75,True
ORD-000257,2025-01-01,GDL-01,Occidente,Tienda,Deportes,Mancuernas 10 kg,3,925.16,0.0,500.37,Empresa,Efectivo,False,1,2775.48,0.0,2775.48,1501.11,1274.37,45.92,False
ORD-000285,2025-01-01,GDL-01,Occidente,Tienda,Hogar,Juego de sábanas,2,643.19,0.3,308.67,Nuevo,Transferencia,False,3,1286.38,385.91,900.47,617.34,283.13,31.44,False
ORD-000713,2025-01-01,GDL-01,Occidente,Tienda,Hogar,Cafetera programable,3,1490.23,0.3,885.13,Recurrente,Tarjeta,False,4,4470.69,1341.21,3129.48,2655.39,474.09,15.15,False
ORD-000729,2025-01-01,PUE-01,Centro,Online,Oficina,Lámpara LED,1,545.96,0.05,237.32,Nuevo,Transferencia,False,4,545.96,27.3,518.66,237.32,281.34,54.24,False
ORD-001125,2025-01-01,MER-01,Sureste,Tienda,Deportes,Tapete de yoga,1,419.91,0.2,163.39,Nuevo,Tarjeta,False,4,419.91,83.98,335.93,163.39,172.54,51.36,False
ORD-001246,2025-01-01,CDMX-02,Centro,Tienda,Deportes,Mochila deportiva,2,750.37,0.0,338.47,Nuevo,Transferencia,False,5,1500.74,0.0,1500.74,676.94,823.8,54.89,False
ORD-002137,2025-01-01,GDL-01,Occidente,Tienda,Hogar,Licuadora,2,970.23,0.0,556.35,Nuevo,Tarjeta,False,5,1940.46,0.0,1940.46,1112.7,827.76,42.66,False
ORD-002191,2025-01-01,GDL-01,Occidente,Tienda,Electrónica,Audífonos Bluetooth,2,714.63,0.2,382.13,Recurrente,Tarjeta,False,3,1429.26,285.85,1143.41,764.26,379.15,33.16,False
ORD-002223,2025-01-01,CDMX-02,Centro,Tienda,Hogar,Licuadora,1,1008.85,0.1,556.74,Recurrente,Tarjeta,False,5,1008.85,100.88,907.97,556.74,351.23,38.68,False
ORD-002517,2025-01-01,MTY-02,Norte,Tienda,Electrónica,Teclado mecánico,2,1205.66,0.0,734.43,Nuevo,Tarjeta,False,5,2411.32,0.0,2411.32,1468.86,942.46,39.08,False
ORD-002573,2025-01-01,GDL-02,Occidente,Tienda,Hogar,Juego de sábanas,1,682.22,0.1,315.66,Nuevo,Efectivo,False,4,682.22,68.22,614.0,315.66,298.34,48.59,False
ORD-000157,2025-01-02,CAN-01,Sureste,Tienda,Hogar,Cafetera programable,2,1525.76,0.15,871.49,Nuevo,Tarjeta,False,3,3051.52,457.73,2593.79,1742.98,850.81,32.8,False
ORD-000161,2025-01-02,MTY-02,Norte,Tienda,Hogar,Cafetera programable,1,1477.66,0.0,881.46,Nuevo,Tarjeta,False,3,1477.66,0.0,1477.66,881.46,596.2,40.35,False
ORD-000436,2025-01-02,CAN-01,Sureste,Tienda,Deportes,Mancuernas 10 kg,2,903.05,0.0,505.9,Nuevo,Tarjeta,False,3,1806.1,0.0,1806.1,1011.8,794.3,43.98,False
ORD-001130,2025-01-02,GDL-02,Occidente,Tienda,Hogar,Cafetera programable,3,1455.53,0.1,874.21,Recurrente,Transferencia,False,4,4366.59,436.66,3929.93,2622.63,1307.3,33.27,False
ORD-001514,2025-01-02,MER-01,Sureste,Tienda,Electrónica,Teclado mecánico,4,1195.46,0.15,722.07,Recurrente,Efectivo,False,5,4781.84,717.28,4064.56,2888.28,1176.28,28.94,False
ORD-002519,2025-01-02,MTY-01,Norte,Tienda,Deportes,Tapete de yoga,2,405.8,0.0,163.78,Recurrente,Efectivo,False,5,811.6,0.0,811.6,327.56,484.04,59.64,False
ORD-002965,2025-01-02,MTY-01,Norte,Tienda,Deportes,Mancuernas 10 kg,3,900.52,0.0,518.31,Recurrente,Tarjeta,False,5,2701.56,0.0,2701.56,1554.93,1146.63,42.44,False
ORD-003046,2025-01-02,CDMX-02,Centro,Tienda,Electrónica,Monitor 24 pulgadas,1,3390.23,0.0,2359.66,Recurrente,Efectivo,False,4,3390.23,0.0,3390.23,2359.66,1030.57,30.4,False
ORD-003413,2025-01-02,MTY-01,Norte,Online,Hogar,Cafetera programable,4,1458.92,0.1,862.57,Empresa,Tarjeta,False,4,5835.68,583.57,5252.11,3450.28,1801.83,34.31,False
ORD-000018,2025-01-03,MTY-02,Norte,Tienda,Electrónica,Monitor 24 pulgadas,2,3325.27,0.2,2328.95,Nuevo,Tarjeta,False,4,6650.54,1330.11,5320.43,4657.9,662.53,12.45,False
ORD-001190,2025-01-03,ZAP-01,Occidente,Tienda,Oficina,Organizador de escritorio,3,277.03,0.1,106.18,Recurrente,Efectivo,False,4,831.09,83.11,747.98,318.54,429.44,57.41,False
ORD-001463,2025-01-03,GDL-01,Occidente,Online,Electrónica,Audífonos Bluetooth,1,722.14,0.2,378.78,Recurrente,Tarjeta,False,4,722.14,144.43,577.71,378.78,198.93,34.43,False
ORD-001875,2025-01-03,GDL-01,Occidente,Tienda,Oficina,Silla ergonómica,3,2938.15,0.1,1850.68,Nuevo,Tarjeta,False,4,8814.45,881.45,7933.0,5552.04,2380.96,30.01,True
ORD-001940,2025-01-03,VER-01,Golfo,Online,Electrónica,Audífonos Bluetooth,4,673.71,0.0,378.28,Nuevo,Tarjeta,True,4,2694.84,0.0,2694.84,1513.12,1181.72,43.85,False
ORD-001987,2025-01-03,CAN-01,Sureste,Tienda,Deportes,Mancuernas 10 kg,1,937.5,0.15,517.21,Recurrente,Tarjeta,False,5,937.5,140.62,796.88,517.21,279.67,35.1,False
ORD-002260,2025-01-03,ZAP-01,Occidente,Tienda,Oficina,Lámpara LED,2,550.65,0.1,233.87,Nuevo,Efectivo,False,4,1101.3,110.13,991.17,467.74,523.43,52.81,False
ORD-003256,2025-01-03,MTY-01,Norte,Tienda,Deportes,Mancuernas 10 kg,5,917.39,0.2,525.18,Recurrente,Tarjeta,False,5,4586.95,917.39,3669.56,2625.9,1043.66,28.44,False
ORD-000349,2025-01-04,MER-01,Sureste,Online,Electrónica,Teclado mecánico,5,1227.57,0.0,711.4,Recurrente,Tarjeta,False,5,6137.85,0.0,6137.85,3557.0,2580.85,42.05,True
ORD-001100,2025-01-04,CDMX-01,Centro,Online,Deportes,Mancuernas 10 kg,2,889.11,0.15,521.05,Nuevo,Tarjeta,False,3,1778.22,266.73,1511.49,1042.1,469.39,31.05,False
ORD-001247,2025-01-04,GDL-02,Occidente,Tienda,Hogar,Juego de sábanas,3,659.79,0.1,309.64,Recurrente,Tarjeta,False,3,1979.37,197.94,1781.43,928.92,852.51,47.86,False
ORD-001993,2025-01-04,CDMX-01,Centro,Tienda,Electrónica,Teclado mecánico,3,1146.02,0.15,722.8,Recurrente,Tarjeta,False,2,3438.06,515.71,2922.35,2168.4,753.95,25.8,False
ORD-002039,2025-01-04,MTY-01,Norte,Tienda,Oficina,Silla ergonómica,5,2958.37,0.1,1836.76,Recurrente,Efectivo,False,4,14791.85,1479.19,13312.66,9183.8,4128.86,31.01,True
ORD-002754,2025-01-04,ZAP-01,Occidente,Tienda,Oficina,Silla ergonómica,3,2990.87,0.0,1827.01,Nuevo,Tarjeta,False,5,8972.61,0.0,8972.61,5481.03,3491.58,38.91,True
ORD-003247,2025-01-04,ZAP-01,Occidente,Tienda,Hogar,Licuadora,2,981.95,0.2,558.48,Recurrente,Tarjeta,False,3,1963.9,392.78,1571.12,1116.96,454.16,28.91,False
ORD-000047,2025-01-05,GDL-01,Occidente,Tienda,Hogar,Juego de sábanas,2,639.21,0.1,314.41,Nuevo,Transferencia,False,5,1278.42,127.84,1150.58,628.82,521.76,45.35,False
ORD-000071,2025-01-05,ZAP-01,Occidente,Tienda,Hogar,Licuadora,3,1025.0,0.1,571.25,Recurrente,Tarjeta,False,5,3075.0,307.5,2767.5,1713.75,1053.75,38.08,False
ORD-000272,2025-01-05,MER-01,Sureste,Tienda,Oficina,Organizador de escritorio,2,279.04,0.2,105.55,Empresa,Efectivo,False,5,558.08,111.62,446.46,211.1,235.36,52.72,False
ORD-001215,2025-01-05,GDL-01,Occidente,Online,Electrónica,Audífonos Bluetooth,1,688.38,0.05,393.38,Recurrente,Tarjeta,False,3,688.38,34.42,653.96,393.38,260.58,39.85,False
ORD-001308,2025-01-05,CHH-01,Norte,Tienda,Deportes,Mochila deportiva,3,723.33,0.1,343.65,Empresa,Tarjeta,False,4,2169.99,217.0,1952.99,1030.95,922.04,47.21,False
ORD-001310,2025-01-05,PUE-01,Centro,Tienda,Oficina,Organizador de escritorio,2,291.62,0.05,103.71,Recurrente,Tarjeta,False,5,583.24,29.16,554.08,207.42,346.66,62.56,False
ORD-001323,2025-01-05,MTY-01,Norte,Tienda,Hogar,Cafetera programable,5,1500.63,0.15,865.5,Recurrente,Tarjeta,False,5,7503.15,1125.47,6377.68,4327.5,2050.18,32.15,True
ORD-001480,2025-01-05,CDMX-02,Centro,Tienda,Electrónica,Audífonos Bluetooth,1,720.38,0.0,387.65,Recurrente,Efectivo,False,4,720.38,0.0,720.38,387.65,332.73,46.19,False
ORD-001537,2025-01-05,GDL-02,Occidente,Tienda,Hogar,Licuadora,4,993.4,0.05,564.63,Recurrente,Efectivo,False,5,3973.6,198.68,3774.92,2258.52,1516.4,40.17,False
ORD-002350,2025-01-05,CHH-01,Norte,Tienda,Deportes,Mochila deportiva,2,753.64,0.05,343.7,Recurrente,Tarjeta,True,4,1507.28,75.36,1431.92,687.4,744.52,51.99,False
ORD-002435,2025-01-05,VER-01,Golfo,Tienda,Deportes,Tapete de yoga,1,386.77,0.05,160.12,Recurrente,Tarjeta,False,5,386.77,19.34,367.43,160.12,207.31,56.42,False
ORD-002901,2025-01-05,PUE-01,Centro,Tienda,Deportes,Mochila deportiva,1,738.68,0.15,340.06,Recurrente,Tarjeta,False,5,738.68,110.8,627.88,340.06,287.82,45.84,False
ORD-000292,2025-01-06,CDMX-02,Centro,Tienda,Electrónica,Monitor 24 pulgadas,3,3412.73,0.1,2404.48,Recurrente,Tarjeta,False,5,10238.19,1023.82,9214.37,7213.44,2000.93,21.72,True
ORD-000466,2025-01-06,MTY-02,Norte,Tienda,Deportes,Mochila deportiva,2,749.72,0.2,333.43,Empresa,Tarjeta,False,5,1499.44,299.89,1199.55,666.86,532.69,44.41,False
ORD-001472,2025-01-06,CHH-01,Norte,Tienda,Electrónica,Monitor 24 pulgadas,2,3250.5,0.15,2346.84,Recurrente,Tarjeta,False,1,6501.0,975.15,5525.85,4693.68,832.17,15.06,False
ORD-002723,2025-01-06,GDL-01,Occidente,Online,Hogar,Licuadora,2,1006.97,0.2,570.93,Nuevo,Tarjeta,False,4,2013.94,402.79,1611.15,1141.86,469.29,29.13,False
ORD-003184,2025-01-06,GDL-01,Occidente,Tienda,Electrónica,Monitor 24 pulgadas,1,3150.94,0.2,2414.08,Nuevo,Tarjeta,False,5,3150.94,630.19,2520.75,2414.08,106.67,4.23,False
ORD-003368,2025-01-06,CDMX-02,Centro,Online,Hogar,Juego de sábanas,3,651.12,0.05,309.71,Nuevo,Efectivo,False,1,1953.36,97.67,1855.69,929.13,926.56,49.93,False
ORD-003596,2025-01-06,MER-01,Sureste,Tienda,Deportes,Mancuernas 10 kg,3,895.05,0.2,520.58,Empresa,Transferencia,False,4,2685.15,537.03,2148.12,1561.74,586.38,27.3,False
ORD-001023,2025-01-07,CDMX-01,Centro,Tienda,Oficina,Lámpara LED,5,581.1,0.15,237.6,Recurrente,Efectivo,False,5,2905.5,435.82,2469.68,1188.0,1281.68,51.9,False
ORD-001037,2025-01-07,PUE-01,Centro,Tienda,Oficina,Lámpara LED,2,522.96,0.0,233.97,Nuevo,Transferencia,False,4,1045.92,0.0,1045.92,467.94,577.98,55.26,False
ORD-001141,2025-01-07,MTY-02,Norte,Tienda,Hogar,Licuadora,3,1015.51,0.2,560.09,Recurrente,Efectivo,False,1,3046.53,609.31,2437.22,1680.27,756.95,31.06,False
ORD-001818,2025-01-07,MTY-02,Norte,Tienda,Oficina,Organizador de escritorio,2,285.14,0.1,103.14,Nuevo,Tarjeta,False,5,570.28,57.03,513.25,206.28,306.97,59.81,False
ORD-001842,2025-01-07,CDMX-02,Centro,Tienda,Hogar,Cafetera programable,3,1581.85,0.0,887.23,Nuevo,Efectivo,False,5,4745.55,0.0,4745.55,2661.69,2083.86,43.91,False
ORD-002356,2025-01-07,CAN-01,Sureste,Tienda,Oficina,Silla ergonómica,2,2870.24,0.15,1874.07,Empresa,Tarjeta,False,4,5740.48,861.07,4879.41,3748.14,1131.27,23.18,False
ORD-000868,2025-01-08,MTY-01,Norte,Tienda,Oficina,Organizador de escritorio,1,301.53,0.15,103.44,Recurrente,Tarjeta,False,3,301.53,45.23,256.3,103.44,152.86,59.64,False
ORD-001241,2025-01-08,CAN-01,Sureste,Tienda,Hogar,Licuadora,1,967.54,0.15,558.94,Recurrente,Efectivo,False,4,967.54,145.13,822.41,558.94,263.47,32.04,False
ORD-001400,2025-01-08,CAN-01,Sureste,Tienda,Hogar,Cafetera programable,2,1564.36,0.0,850.19,Recurrente,Tarjeta,False,4,3128.72,0.0,3128.72,1700.38,1428.34,45.65,False
ORD-001752,2025-01-08,VER-01,Golfo,Tienda,Electrónica,Teclado mecánico,1,1191.89,0.0,720.44,Nuevo,Tarjeta,False,4,1191.89,0.0,1191.89,720.44,471.45,39.55,False
ORD-001898,2025-01-08,CHH-01,Norte,Online,Deportes,Mancuernas 10 kg,3,883.11,0.1,510.33,Nuevo,Tarjeta,False,4,2649.33,264.93,2384.4,1530.99,853.41,35.79,False
ORD-002489,2025-01-08,CHH-01,Norte,Tienda,Oficina,Silla ergonómica,1,3037.97,0.1,1855.94,Recurrente,Efectivo,False,5,3037.97,303.8,2734.17,1855.94,878.23,32.12,False
ORD-002590,2025-01-08,PUE-01,Centro,Tienda,Hogar,Juego de sábanas,5,640.37,0.0,300.99,Recurrente,Tarjeta,False,4,3201.85,0.0,3201.85,1504.95,1696.9,53.0,False
ORD-002713,2025-01-08,GDL-02,Occidente,Tienda,Oficina,Organizador de escritorio,1,280.23,0.1,108.75,Recurrente,Efectivo,False,4,280.23,28.02,252.21,108.75,143.46,56.88,False
ORD-000306,2025-01-09,MTY-01,Norte,Tienda,Deportes,Mancuernas 10 kg,1,848.08,0.2,515.48,Recurrente,Tarjeta,False,5,848.08,169.62,678.46,515.48,162.98,24.02,False
ORD-002484,2025-01-09,CHH-01,Norte,Tienda,Oficina,Lámpara LED,1,544.68,0.2,235.25,Empresa,Efectivo,False,4,544.68,108.94,435.74,235.25,200.49,46.01,False
ORD-003253,2025-01-09,CDMX-02,Centro,Online,Oficina,Silla ergonómica,1,2992.82,0.2,1833.62,Nuevo,Tarjeta,False,4,2992.82,598.56,2394.26,1833.62,560.64,23.42,False
ORD-003308,2025-01-09,GDL-01,Occidente,Online,Deportes,Tapete de yoga,3,414.64,0.0,158.77,Recurrente,Tarjeta,False,3,1243.92,0.0,1243.92,476.31,767.61,61.71,False
ORD-000329,2025-01-10,ZAP-01,Occidente,Tienda,Oficina,Organizador de escritorio,2,290.15,0.0,103.64,Recurrente,Tarjeta,False,4,580.3,0.0,580.3,207.28,373.02,64.28,False
ORD-000981,2025-01-10,PUE-01,Centro,Tienda,Hogar,Licuadora,2,1003.82,0.2,561.41,Empresa,Tarjeta,False,4,2007.64,401.53,1606.11,1122.82,483.29,30.09,False
ORD-001828,2025-01-10,PUE-01,Centro,Online,Hogar,Licuadora,5,954.71,0.0,552.18,Nuevo,Transferencia,True,4,4773.55,0.0,4773.55,2760.9,2012.65,42.16,False
ORD-002281,2025-01-10,PUE-01,Centro,Online,Electrónica,Monitor 24 pulgadas,1,3325.5,0.1,2336.6,Nuevo,Tarjeta,True,3,3325.5,332.55,2992.95,2336.6,656.35,21.93,False
ORD-002568,2025-01-10,CDMX-02,Centro,Tienda,Hogar,Juego de sábanas,2,669.83,0.15,312.89,Nuevo,Transferencia,False,5,1339.66,200.95,1138.71,625.78,512.93,45.04,False
ORD-002906,2025-01-10,MTY-02,Norte,Online,Deportes,Tapete de yoga,1,404.55,0.1,161.18,Recurrente,Tarjeta,False,5,404.55,40.46,364.09,161.18,202.91,55.73,False
ORD-000724,2025-01-11,VER-01,Golfo,Tienda,Deportes,Tapete de yoga,3,399.49,0.3,161.98,Recurrente,Efectivo,False,5,1198.47,359.54,838.93,485.94,352.99,42.08,False
ORD-000760,2025-01-11,ZAP-01,Occidente,Online,Deportes,Mochila deportiva,3,764.81,0.1,337.9,Recurrente,Tarjeta,False,4,2294.43,229.44,2064.99,1013.7,1051.29,50.91,False
ORD-000904,2025-01-11,PUE-01,Centro,Tienda,Oficina,Lámpara LED,2,540.57,0.0,237.84,Recurrente,Tarjeta,False,4,1081.14,0.0,1081.14,475.68,605.46,56.0,False
ORD-000960,2025-01-11,GDL-01,Occidente,Tienda,Oficina,Lámpara LED,2,545.2,0.05,242.38,Recurrente,Tarjeta,False,2,1090.4,54.52,1035.88,484.76,551.12,53.2,False
ORD-000972,2025-01-11,CAN-01,Sureste,Online,Hogar,Licuadora,2,1024.86,0.0,568.31,Empresa,Tarjeta,False,4,2049.72,0.0,2049.72,1136.62,913.1,44.55,False
ORD-001774,2025-01-11,GDL-02,Occidente,Online,Hogar,Juego de sábanas,1,654.42,0.1,315.85,Recurrente,Efectivo,False,3,654.42,65.44,588.98,315.85,273.13,46.37,False
ORD-002831,2025-01-11,CAN-01,Sureste,Tienda,Deportes,Mochila deportiva,2,717.27,0.15,344.23,Recurrente,Efectivo,False,4,1434.54,215.18,1219.36,688.46,530.9,43.54,False
ORD-003412,2025-01-11,GDL-02,Occidente,Tienda,Hogar,Juego de sábanas,1,658.69,0.1,312.0,Nuevo,Transferencia,False,4,658.69,65.87,592.82,312.0,280.82,47.37,False
ORD-003571,2025-01-11,CAN-01,Sureste,Tienda,Hogar,Cafetera programable,1,1533.05,0.2,849.61,Empresa,Tarjeta,False,3,1533.05,306.61,1226.44,849.61,376.83,30.73,False
ORD-000633,2025-01-12,CHH-01,Norte,Online,Oficina,Silla ergonómica,6,2910.68,0.3,1855.23,Nuevo,Transferencia,True,3,17464.08,5239.22,12224.86,11131.38,1093.48,8.94,True
ORD-000805,2025-01-12,CHH-01,Norte,Tienda,Deportes,Tapete de yoga,4,402.88,0.2,158.62,Recurrente,Tarjeta,False,4,1611.52,322.3,1289.22,634.48,654.74,50.79,False
ORD-000876,2025-01-12,CDMX-01,Centro,Tienda,Electrónica,Monitor 24 pulgadas,1,3364.17,0.0,2337.58,Nuevo,Tarjeta,False,4,3364.17,0.0,3364.17,2337.58,1026.59,30.52,False
ORD-001046,2025-01-12,CHH-01,Norte,Tienda,Deportes,Mancuernas 10 kg,2,919.81,0.1,523.38,Recurrente,Tarjeta,False,4,1839.62,183.96,1655.66,1046.76,608.9,36.78,False
ORD-001193,2025-01-12,ZAP-01,Occidente,Online,Electrónica,Audífonos Bluetooth,1,709.06,0.1,377.05,Recurrente,Tarjeta,False,4,709.06,70.91,638.15,377.05,261.1,40.92,False
ORD-001264,2025-01-12,CDMX-02,Centro,Tienda,Oficina,Silla ergonómica,2,2731.15,0.15,1794.54,Nuevo,Tarjeta,False,3,5462.3,819.34,4642.96,3589.08,1053.88,22.7,False
ORD-001543,2025-01-12,MTY-02,Norte,Tienda,Electrónica,Audífonos Bluetooth,3,677.96,0.05,380.97,Nuevo,Tarjeta,False,5,2033.88,101.69,1932.19,1142.91,789.28,40.85,False
ORD-001651,2025-01-12,MER-01,Sureste,Tienda,Oficina,Silla ergonómica,1,2887.24,0.2,1838.64,Nuevo,Tarjeta,False,3,2887.24,577.45,2309.79,1838.64,471.15,20.4,False
ORD-002156,2025-01-12,MTY-02,Norte,Online,Oficina,Silla ergonómica,2,2970.27,0.2,1845.8,Recurrente,Tarjeta,False,3,5940.54,1188.11,4752.43,3691.6,1060.83,22.32,False
ORD-002284,2025-01-12,CHH-01,Norte,Online,Deportes,Mochila deportiva,1,763.49,0.1,344.9,Recurrente,Tarjeta,False,3,763.49,76.35,687.14,344.9,342.24,49.81,False
ORD-002595,2025-01-12,MER-01,Sureste,Online,Oficina,Silla ergonómica,4,3031.8,0.1,1807.19,Recurrente,Tarjeta,False,2,12127.2,1212.72,10914.48,7228.76,3685.72,33.77,True
ORD-003269,2025-01-12,GDL-01,Occidente,Tienda,Deportes,Mochila deportiva,6,769.58,0.0,342.07,Recurrente,Transferencia,False,2,4617.48,0.0,4617.48,2052.42,2565.06,55.55,False
ORD-003282,2025-01-12,PUE-01,Centro,Tienda,Oficina,Organizador de escritorio,1,280.03,0.0,103.33,Recurrente,Tarjeta,False,5,280.03,0.0,280.03,103.33,176.7,63.1,False
ORD-000242,2025-01-13,VER-01,Golfo,Online,Electrónica,Teclado mecánico,5,1200.1,0.15,718.17,Recurrente,Efectivo,True,4,6000.5,900.08,5100.42,3590.85,1509.57,29.6,False
ORD-000320,2025-01-13,CHH-01,Norte,Online,Hogar,Cafetera programable,2,1500.17,0.05,862.04,Recurrente,Transferencia,False,5,3000.34,150.02,2850.32,1724.08,1126.24,39.51,False
ORD-000462,2025-01-13,CAN-01,Sureste,Online,Hogar,Juego de sábanas,1,657.84,0.15,305.68,Recurrente,Efectivo,False,5,657.84,98.68,559.16,305.68,253.48,45.33,False
ORD-000873,2025-01-13,GDL-02,Occidente,Tienda,Deportes,Mochila deportiva,1,774.03,0.15,343.26,Recurrente,Tarjeta,True,3,774.03,116.1,657.93,343.26,314.67,47.83,False
ORD-001417,2025-01-13,MER-01,Sureste,Online,Electrónica,Monitor 24 pulgadas,1,3344.1,0.1,2361.78,Nuevo,Tarjeta,False,4,3344.1,334.41,3009.69,2361.78,647.91,21.53,False
ORD-001845,2025-01-13,CDMX-01,Centro,Tienda,Oficina,Lámpara LED,2,517.25,0.1,238.82,Nuevo,Tarjeta,False,4,1034.5,103.45,931.05,477.64,453.41,48.7,False
ORD-002823,2025-01-13,MER-01,Sureste,Tienda,Electrónica,Audífonos Bluetooth,4,719.73,0.15,386.97,Nuevo,Efectivo,False,5,2878.92,431.84,2447.08,1547.88,899.2,36.75,False
ORD-003255,2025-01-13,CDMX-01,Centro,Tienda,Hogar,Cafetera programable,2,1523.27,0.2,879.49,Recurrente,Efectivo,False,4,3046.54,609.31,2437.23,1758.98,678.25,27.83,False
ORD-003404,2025-01-13,MER-01,Sureste,Online,Oficina,Lámpara LED,1,542.03,0.15,239.3,Nuevo,Efectivo,False,5,542.03,81.3,460.73,239.3,221.43,48.06,False
ORD-000076,2025-01-14,ZAP-01,Occidente,Tienda,Deportes,Mancuernas 10 kg,2,895.08,0.05,521.2,Recurrente,Tarjeta,False,3,1790.16,89.51,1700.65,1042.4,658.25,38.71,False
ORD-000288,2025-01-14,VER-01,Golfo,Tienda,Hogar,Juego de sábanas,1,673.45,0.15,306.98,Empresa,Efectivo,True,5,673.45,101.02,572.43,306.98,265.45,46.37,False
ORD-001628,2025-01-14,CHH-01,Norte,Tienda,Deportes,Tapete de yoga,1,399.55,0.15,161.99,Nuevo,Transferencia,False,4,399.55,59.93,339.62,161.99,177.63,52.3,False
ORD-002796,2025-01-14,VER-01,Golfo,Online,Oficina,Silla ergonómica,1,3005.25,0.1,1835.27,Nuevo,Tarjeta,False,5,3005.25,300.53,2704.72,1835.27,869.45,32.15,False
ORD-000495,2025-01-15,CHH-01,Norte,Tienda,Oficina,Lámpara LED,1,570.16,0.15,241.1,Nuevo,Efectivo,False,4,570.16,85.52,484.64,241.1,243.54,50.25,False
ORD-000926,2025-01-15,CHH-01,Norte,Tienda,Electrónica,Audífonos Bluetooth,3,707.93,0.3,380.03,Recurrente,Tarjeta,False,4,2123.79,637.14,1486.65,1140.09,346.56,23.31,False
ORD-001863,2025-01-15,VER-01,Golfo,Tienda,Deportes,Tapete de yoga,1,398.58,0.0,161.17,Nuevo,Tarjeta,False,5,398.58,0.0,398.58,161.17,237.41,59.56,False
ORD-001948,2025-01-15,CHH-01,Norte,Tienda,Oficina,Organizador de escritorio,6,284.03,0.1,105.16,Recurrente,Tarjeta,False,4,1704.18,170.42,1533.76,630.96,902.8,58.86,False
ORD-002010,2025-01-15,CDMX-02,Centro,Tienda,Oficina,Silla ergonómica,1,2851.13,0.15,1804.79,Empresa,Tarjeta,False,5,2851.13,427.67,2423.46,1804.79,618.67,25.53,False
ORD-003530,2025-01-15,CAN-01,Sureste,Online,Deportes,Mochila deportiva,6,747.95,0.0,343.18,Recurrente,Tarjeta,False,4,4487.7,0.0,4487.7,2059.08,2428.62,54.12,False
ORD-000207,2025-01-16,CDMX-01,Centro,Online,Hogar,Licuadora,3,988.04,0.1,562.96,Recurrente,Efectivo,False,2,2964.12,296.41,2667.71,1688.88,978.83,36.69,False
ORD-000273,2025-01-16,MTY-02,Norte,Tienda,Electrónica,Monitor 24 pulgadas,1,3267.18,0.2,2294.57,Nuevo,Tarjeta,False,4,3267.18,653.44,2613.74,2294.57,319.17,12.21,False
ORD-000299,2025-01-16,PUE-01,Centro,Tienda,Oficina,Organizador de escritorio,3,290.07,0.2,104.84,Nuevo,Tarjeta,False,5,870.21,174.04,696.17,314.52,381.65,54.82,False
ORD-000631,2025-01-16,MER-01,Sureste,Tienda,Oficina,Organizador de escritorio,1,294.05,0.05,103.17,Nuevo,Efectivo,False,5,294.05,14.7,279.35,103.17,176.18,63.07,False
ORD-000837,2025-01-16,MTY-02,Norte,Tienda,Hogar,Juego de sábanas,2,647.83,0.2,308.67,Recurrente,Tarjeta,True,3,1295.66,259.13,1036.53,617.34,419.19,40.44,False
ORD-000978,2025-01-16,GDL-02,Occidente,Online,Electrónica,Monitor 24 pulgadas,2,3315.89,0.05,2370.57,Recurrente,Tarjeta,False,5,6631.78,331.59,6300.19,4741.14,1559.05,24.75,True
ORD-001231,2025-01-16,CHH-01,Norte,Tienda,Hogar,Licuadora,1,990.96,0.05,559.8,Nuevo,Efectivo,True,2,990.96,49.55,941.41,559.8,381.61,40.54,False
ORD-002675,2025-01-16,MTY-01,Norte,Tienda,Hogar,Licuadora,3,980.29,0.0,558.91,Recurrente,Transferencia,False,4,2940.87,0.0,2940.87,1676.73,1264.14,42.99,False
ORD-002963,2025-01-16,GDL-01,Occidente,Tienda,Deportes,Mancuernas 10 kg,2,915.81,0.3,522.3,Recurrente,Efectivo,False,3,1831.62,549.49,1282.13,1044.6,237.53,18.53,False
ORD-003414,2025-01-16,GDL-02,Occidente,Online,Oficina,Organizador de escritorio,3,291.58,0.15,103.92,Recurrente,Transferencia,False,3,874.74,131.21,743.53,311.76,431.77,58.07,False
ORD-000214,2025-01-17,MTY-01,Norte,Tienda,Hogar,Cafetera programable,1,1389.44,0.05,886.73,Empresa,Tarjeta,False,5,1389.44,69.47,1319.97,886.73,433.24,32.82,False
ORD-000243,2025-01-17,MTY-02,Norte,Tienda,Electrónica,Teclado mecánico,5,1241.39,0.05,731.44,Nuevo,Transferencia,False,4,6206.95,310.35,5896.6,3657.2,2239.4,37.98,False
ORD-000519,2025-01-17,VER-01,Golfo,Tienda,Electrónica,Audífonos Bluetooth,4,695.71,0.2,383.93,Recurrente,Tarjeta,False,4,2782.84,556.57,2226.27,1535.72,690.55,31.02,False
ORD-000530,2025-01-17,CHH-01,Norte,Online,Deportes,Mochila deportiva,2,753.79,0.1,344.09,Nuevo,Transferencia,False,4,1507.58,150.76,1356.82,688.18,668.64,49.28,False
ORD-000546,2025-01-17,ZAP-01,Occidente,Tienda,Electrónica,Audífonos Bluetooth,4,702.09,0.0,381.81,Recurrente,Tarjeta,False,5,2808.36,0.0,2808.36,1527.24,1281.12,45.62,False
ORD-000987,2025-01-17,ZAP-01,Occidente,Tienda,Oficina,Lámpara LED,1,548.03,0.1,241.04,Recurrente,Efectivo,False,4,548.03,54.8,493.23,241.04,252.19,51.13,False
ORD-000990,2025-01-17,GDL-02,Occidente,Online,Electrónica,Teclado mecánico,1,1215.49,0.0,712.39,Recurrente,Tarjeta,False,5,1215.49,0.0,1215.49,712.39,503.1,41.39,False
ORD-001217,2025-01-17,ZAP-01,Occidente,Tienda,Oficina,Organizador de escritorio,6,298.24,0.15,107.44,Nuevo,Efectivo,False,3,1789.44,268.42,1521.02,644.64,876.38,57.62,False
ORD-001775,2025-01-17,CDMX-01,Centro,Tienda,Electrónica,Teclado mecánico,1,1161.12,0.0,723.51,Empresa,Transferencia,False,3,1161.12,0.0,1161.12,723.51,437.61,37.69,False
ORD-002110,2025-01-17,CHH-01,Norte,Online,Electrónica,Monitor 24 pulgadas,1,3343.78,0.05,2370.13,Nuevo,Efectivo,True,3,3343.78,167.19,3176.59,2370.13,806.46,25.39,False
ORD-002307,2025-01-17,MTY-02,Norte,Online,Deportes,Tapete de yoga,1,393.24,0.2,159.78,Nuevo,Tarjeta,False,5,393.24,78.65,314.59,159.78,154.81,49.21,False
ORD-002868,2025-01-17,ZAP-01,Occidente,Tienda,Hogar,Juego de sábanas,3,645.77,0.0,318.47,Nuevo,Tarjeta,False,5,1937.31,0.0,1937.31,955.41,981.9,50.68,False
ORD-003289,2025-01-17,CAN-01,Sureste,Online,Hogar,Cafetera programable,2,1531.14,0.0,863.69,Empresa,Tarjeta,False,3,3062.28,0.0,3062.28,1727.38,1334.9,43.59,False
ORD-000585,2025-01-18,VER-01,Golfo,Online,Hogar,Licuadora,1,977.87,0.0,556.83,Nuevo,Tarjeta,False,1,977.87,0.0,977.87,556.83,421.04,43.06,False
ORD-001158,2025-01-18,GDL-02,Occidente,Tienda,Hogar,Cafetera programable,2,1471.86,0.0,843.13,Nuevo,Efectivo,False,5,2943.72,0.0,2943.72,1686.26,1257.46,42.72,False
ORD-002074,2025-01-18,MTY-01,Norte,Tienda,Electrónica,Monitor 24 pulgadas,1,3371.62,0.1,2290.38,Empresa,Tarjeta,False,4,3371.62,337.16,3034.46,2290.38,744.08,24.52,False
ORD-002369,2025-01-18,CHH-01,Norte,Tienda,Oficina,Lámpara LED,2,547.21,0.05,241.51,Recurrente,Tarjeta,False,2,1094.42,54.72,1039.7,483.02,556.68,53.54,False
ORD-003181,2025-01-18,PUE-01,Centro,Tienda,Oficina,Lámpara LED,1,542.8,0.0,248.77,Nuevo,Tarjeta,False,5,542.8,0.0,542.8,248.77,294.03,54.17,False
ORD-000907,2025-01-19,PUE-01,Centro,Tienda,Electrónica,Teclado mecánico,2,1164.21,0.05,716.27,Nuevo,Tarjeta,False,4,2328.42,116.42,2212.0,1432.54,779.46,35.24,False
ORD-001448,2025-01-19,GDL-01,Occidente,Tienda,Electrónica,Teclado mecánico,5,1169.26,0.1,724.09,Nuevo,Tarjeta,False,3,5846.3,584.63,5261.67,3620.45,1641.22,31.19,False
ORD-001466,2025-01-19,GDL-02,Occidente,Tienda,Oficina,Lámpara LED,1,549.07,0.15,236.69,Recurrente,Efectivo,False,4,549.07,82.36,466.71,236.69,230.02,49.29,False
ORD-001730,2025-01-19,GDL-02,Occidente,Tienda,Electrónica,Audífonos Bluetooth,1,663.68,0.05,394.4,Nuevo,Tarjeta,False,4,663.68,33.18,630.5,394.4,236.1,37.45,False
ORD-001953,2025-01-19,GDL-02,Occidente,Online,Deportes,Tapete de yoga,3,417.39,0.1,159.87,Nuevo,Efectivo,False,2,1252.17,125.22,1126.95,479.61,647.34,57.44,False
ORD-002077,2025-01-19,CDMX-02,Centro,Tienda,Deportes,Tapete de yoga,2,407.25,0.05,156.67,Recurrente,Tarjeta,False,5,814.5,40.72,773.78,313.34,460.44,59.51,False
ORD-002308,2025-01-19,MTY-01,Norte,Tienda,Deportes,Tapete de yoga,4,411.88,0.2,160.84,Recurrente,Efectivo,False,1,1647.52,329.5,1318.02,643.36,674.66,51.19,False
ORD-002355,2025-01-19,MTY-01,Norte,Tienda,Oficina,Organizador de escritorio,2,291.23,0.0,103.59,Recurrente,Efectivo,False,5,582.46,0.0,582.46,207.18,375.28,64.43,False
ORD-002431,2025-01-19,MTY-02,Norte,Online,Hogar,Licuadora,2,965.23,0.0,559.58,Recurrente,Tarjeta,False,5,1930.46,0.0,1930.46,1119.16,811.3,42.03,False
ORD-002756,2025-01-19,VER-01,Golfo,Tienda,Deportes,Tapete de yoga,3,395.72,0.05,158.45,Recurrente,Tarjeta,False,4,1187.16,59.36,1127.8,475.35,652.45,57.85,False
ORD-003478,2025-01-19,PUE-01,Centro,Tienda,Hogar,Cafetera programable,1,1504.17,0.0,840.06,Nuevo,Tarjeta,False,3,1504.17,0.0,1504.17,840.06,664.11,44.15,False
ORD-000217,2025-01-20,GDL-02,Occidente,Tienda,Electrónica,Monitor 24 pulgadas,2,3270.58,0.1,2353.02,Recurrente,Efectivo,False,4,6541.16,654.12,5887.04,4706.04,1181.0,20.06,False
ORD-000224,2025-01-20,CAN-01,Sureste,Tienda,Deportes,Mancuernas 10 kg,3,866.45,0.1,524.49,Recurrente,Tarjeta,False,5,2599.35,259.94,2339.41,1573.47,765.94,32.74,False
ORD-000417,2025-01-20,CHH-01,Norte,Tienda,Hogar,Juego de sábanas,3,667.54,0.0,315.47,Nuevo,Tarjeta,False,4,2002.62,0.0,2002.62,946.41,1056.21,52.74,False
ORD-000679,2025-01-20,CHH-01,Norte,Tienda,Oficina,Silla ergonómica,2,3076.22,0.05,1803.29,Nuevo,Transferencia,False,4,6152.44,307.62,5844.82,3606.58,2238.24,38.29,False
ORD-001668,2025-01-20,VER-01,Golfo,Tienda,Hogar,Juego de sábanas,2,645.03,0.05,304.93,Recurrente,Tarjeta,False,5,1290.06,64.5,1225.56,609.86,615.7,50.24,False
ORD-001807,2025-01-20,VER-01,Golfo,Online,Electrónica,Monitor 24 pulgadas,4,3249.71,0.3,2420.66,Nuevo,Tarjeta,False,4,12998.84,3899.65,9099.19,9682.64,-583.45,-6.41,True
ORD-002691,2025-01-20,GDL-01,Occidente,Tienda,Deportes,Mancuernas 10 kg,6,925.69,0.1,519.46,Nuevo,Tarjeta,False,5,5554.14,555.41,4998.73,3116.76,1881.97,37.65,False
ORD-002750,2025-01-20,MER-01,Sureste,Online,Deportes,Mancuernas 10 kg,1,911.57,0.2,522.55,Nuevo,Tarjeta,False,4,911.57,182.31,729.26,522.55,206.71,28.35,False
ORD-002991,2025-01-20,CDMX-01,Centro,Tienda,Hogar,Licuadora,1,955.96,0.0,552.94,Nuevo,Tarjeta,False,4,955.96,0.0,955.96,552.94,403.02,42.16,False
ORD-003057,2025-01-20,GDL-02,Occidente,Tienda,Deportes,Mochila deportiva,2,761.38,0.0,341.97,Recurrente,Efectivo,False,4,1522.76,0.0,1522.76,683.94,838.82,55.09,False
ORD-003594,2025-01-20,CDMX-02,Centro,Online,Deportes,Mancuernas 10 kg,1,881.44,0.0,521.72,Recurrente,Tarjeta,False,5,881.44,0.0,881.44,521.72,359.72,40.81,False
ORD-000681,2025-01-21,ZAP-01,Occidente,Online,Electrónica,Teclado mecánico,1,1218.24,0.0,728.45,Nuevo,Efectivo,False,3,1218.24,0.0,1218.24,728.45,489.79,40.2,False
ORD-001478,2025-01-21,CDMX-01,Centro,Tienda,Hogar,Juego de sábanas,1,653.21,0.1,315.48,Nuevo,Efectivo,False,5,653.21,65.32,587.89,315.48,272.41,46.34,False
ORD-002440,2025-01-21,ZAP-01,Occidente,Tienda,Hogar,Juego de sábanas,2,623.67,0.1,304.5,Recurrente,Tarjeta,True,4,1247.34,124.73,1122.61,609.0,513.61,45.75,False
ORD-002523,2025-01-21,CDMX-01,Centro,Tienda,Electrónica,Monitor 24 pulgadas,5,3447.3,0.2,2367.89,Recurrente,Tarjeta,False,3,17236.5,3447.3,13789.2,11839.45,1949.75,14.14,True
ORD-002694,2025-01-21,MER-01,Sureste,Online,Electrónica,Audífonos Bluetooth,1,685.44,0.05,380.57,Recurrente,Tarjeta,False,3,685.44,34.27,651.17,380.57,270.6,41.56,False
ORD-002838,2025-01-21,GDL-01,Occidente,Tienda,Hogar,Juego de sábanas,1,658.87,0.0,300.25,Recurrente,Tarjeta,False,5,658.87,0.0,658.87,300.25,358.62,54.43,False
ORD-003183,2025-01-21,CHH-01,Norte,Tienda,Oficina,Lámpara LED,2,531.21,0.05,244.81,Nuevo,Transferencia,False,4,1062.42,53.12,1009.3,489.62,519.68,51.49,False
ORD-003192,2025-01-21,MTY-02,Norte,Tienda,Hogar,Juego de sábanas,4,620.97,0.3,317.43,Empresa,Tarjeta,False,4,2483.88,745.16,1738.72,1269.72,469.0,26.97,False
ORD-003545,2025-01-21,CDMX-02,Centro,Tienda,Oficina,Lámpara LED,3,573.58,0.0,242.88,Recurrente,Efectivo,False,3,1720.74,0.0,1720.74,728.64,992.1,57.66,False
ORD-000034,2025-01-22,MTY-01,Norte,Tienda,Electrónica,Monitor 24 pulgadas,2,3179.96,0.1,2310.52,Recurrente,Tarjeta,False,4,6359.92,635.99,5723.93,4621.04,1102.89,19.27,False
ORD-000385,2025-01-22,PUE-01,Centro,Online,Deportes,Mancuernas 10 kg,6,937.76,0.1,513.68,Nuevo,Tarjeta,False,4,5626.56,562.66,5063.9,3082.08,1981.82,39.14,False
ORD-000880,2025-01-22,ZAP-01,Occidente,Tienda,Deportes,Mancuernas 10 kg,2,835.45,0.0,523.67,Recurrente,Tarjeta,False,3,1670.9,0.0,1670.9,1047.34,623.56,37.32,False
ORD-000967,2025-01-22,MER-01,Sureste,Online,Hogar,Cafetera programable,1,1579.57,0.0,861.23,Recurrente,Transferencia,False,5,1579.57,0.0,1579.57,861.23,718.34,45.48,False
ORD-001407,2025-01-22,CAN-01,Sureste,Tienda,Electrónica,Audífonos Bluetooth,1,688.88,0.0,395.49,Recurrente,Tarjeta,False,2,688.88,0.0,688.88,395.49,293.39,42.59,False
ORD-001469,2025-01-22,VER-01,Golfo,Tienda,Hogar,Cafetera programable,1,1471.02,0.05,859.26,Nuevo,Tarjeta,False,4,1471.02,73.55,1397.47,859.26,538.21,38.51,False
ORD-001577,2025-01-22,MTY-02,Norte,Tienda,Electrónica,Audífonos Bluetooth,4,727.04,0.1,395.68,Recurrente,Tarjeta,False,5,2908.16,290.82,2617.34,1582.72,1034.62,39.53,False
ORD-002457,2025-01-22,CDMX-02,Centro,Online,Electrónica,Monitor 24 pulgadas,1,3249.35,0.1,2397.52,Nuevo,Tarjeta,False,4,3249.35,324.94,2924.41,2397.52,526.89,18.02,False
ORD-003145,2025-01-22,CAN-01,Sureste,Tienda,Electrónica,Teclado mecánico,1,1184.36,0.3,726.25,Empresa,Efectivo,False,4,1184.36,355.31,829.05,726.25,102.8,12.4,False
ORD-003245,2025-01-22,GDL-02,Occidente,Tienda,Electrónica,Teclado mecánico,2,1199.0,0.1,722.54,Nuevo,Efectivo,False,4,2398.0,239.8,2158.2,1445.08,713.12,33.04,False
ORD-003272,2025-01-22,GDL-02,Occidente,Tienda,Hogar,Cafetera programable,2,1498.0,0.15,833.56,Recurrente,Tarjeta,False,4,2996.0,449.4,2546.6,1667.12,879.48,34.54,False
ORD-000162,2025-01-23,MTY-01,Norte,Tienda,Deportes,Mancuernas 10 kg,2,887.53,0.15,503.76,Nuevo,Tarjeta,False,4,1775.06,266.26,1508.8,1007.52,501.28,33.22,False
ORD-000455,2025-01-23,CAN-01,Sureste,Tienda,Electrónica,Teclado mecánico,4,1235.57,0.0,709.32,Recurrente,Efectivo,False,4,4942.28,0.0,4942.28,2837.28,2105.0,42.59,False
ORD-000576,2025-01-23,MTY-01,Norte,Tienda,Hogar,Juego de sábanas,2,650.51,0.0,310.33,Recurrente,Tarjeta,False,5,1301.02,0.0,1301.02,620.66,680.36,52.29,False
ORD-001044,2025-01-23,GDL-01,Occidente,Tienda,Deportes,Tapete de yoga,1,413.08,0.0,155.99,Recurrente,Tarjeta,False,4,413.08,0.0,413.08,155.99,257.09,62.24,False
ORD-001137,2025-01-23,MER-01,Sureste,Tienda,Deportes,Mochila deportiva,1,760.49,0.1,343.89,Recurrente,Tarjeta,False,5,760.49,76.05,684.44,343.89,340.55,49.76,False
ORD-001388,2025-01-23,ZAP-01,Occidente,Online,Electrónica,Monitor 24 pulgadas,4,3354.0,0.2,2387.91,Recurrente,Efectivo,False,3,13416.0,2683.2,10732.8,9551.64,1181.16,11.01,True
ORD-001642,2025-01-23,MTY-02,Norte,Tienda,Electrónica,Monitor 24 pulgadas,3,3266.31,0.0,2358.46,Recurrente,Transferencia,False,1,9798.93,0.0,9798.93,7075.38,2723.55,27.79,True
ORD-002956,2025-01-23,ZAP-01,Occidente,Tienda,Deportes,Mancuernas 10 kg,4,907.94,0.0,519.01,Recurrente,Tarjeta,False,5,3631.76,0.0,3631.76,2076.04,1555.72,42.84,False
ORD-002979,2025-01-23,CDMX-02,Centro,Online,Electrónica,Audífonos Bluetooth,2,692.56,0.05,382.07,Nuevo,Transferencia,False,1,1385.12,69.26,1315.86,764.14,551.72,41.93,False
ORD-003127,2025-01-23,MTY-02,Norte,Online,Deportes,Mancuernas 10 kg,2,932.95,0.15,512.88,Nuevo,Tarjeta,False,5,1865.9,279.88,1586.02,1025.76,560.26,35.32,False
ORD-003346,2025-01-23,MER-01,Sureste,Online,Deportes,Mancuernas 10 kg,2,888.85,0.0,508.94,Recurrente,Tarjeta,False,2,1777.7,0.0,1777.7,1017.88,759.82,42.74,False
ORD-003372,2025-01-23,VER-01,Golfo,Online,Oficina,Silla ergonómica,2,2826.24,0.05,1818.14,Nuevo,Efectivo,False,5,5652.48,282.62,5369.86,3636.28,1733.58,32.28,False
ORD-000648,2025-01-24,MTY-01,Norte,Tienda,Electrónica,Audífonos Bluetooth,1,686.97,0.3,391.68,Nuevo,Tarjeta,False,2,686.97,206.09,480.88,391.68,89.2,18.55,False
ORD-000673,2025-01-24,PUE-01,Centro,Tienda,Deportes,Mochila deportiva,1,756.49,0.1,348.59,Recurrente,Tarjeta,False,5,756.49,75.65,680.84,348.59,332.25,48.8,False
ORD-001791,2025-01-24,MER-01,Sureste,Tienda,Deportes,Mochila deportiva,1,761.39,0.0,334.0,Nuevo,Tarjeta,False,2,761.39,0.0,761.39,334.0,427.39,56.13,False
ORD-001855,2025-01-24,PUE-01,Centro,Online,Electrónica,Monitor 24 pulgadas,2,3274.13,0.2,2362.59,Nuevo,Efectivo,False,1,6548.26,1309.65,5238.61,4725.18,513.43,9.8,False
ORD-002407,2025-01-24,MTY-02,Norte,Tienda,Electrónica,Teclado mecánico,1,1210.96,0.0,716.04,Empresa,Tarjeta,False,4,1210.96,0.0,1210.96,716.04,494.92,40.87,False
ORD-003182,2025-01-24,CDMX-02,Centro,Online,Hogar,Juego de sábanas,4,684.58,0.1,305.49,Recurrente,Tarjeta,False,4,2738.32,273.83,2464.49,1221.96,1242.53,50.42,False
ORD-003426,2025-01-24,GDL-02,Occidente,Tienda,Electrónica,Audífonos Bluetooth,6,708.34,0.05,387.18,Nuevo,Tarjeta,False,3,4250.04,212.5,4037.54,2323.08,1714.46,42.46,False
ORD-000697,2025-01-25,MTY-01,Norte,Tienda,Hogar,Juego de sábanas,2,632.75,0.1,309.89,Nuevo,Tarjeta,False,4,1265.5,126.55,1138.95,619.78,519.17,45.58,False
ORD-000857,2025-01-25,VER-01,Golfo,Tienda,Electrónica,Teclado mecánico,3,1150.08,0.1,719.43,Recurrente,Tarjeta,False,5,3450.24,345.02,3105.22,2158.29,946.93,30.49,False
ORD-001127,2025-01-25,CDMX-02,Centro,Online,Deportes,Mochila deportiva,6,774.61,0.0,337.35,Nuevo,Transferencia,False,5,4647.66,0.0,4647.66,2024.1,2623.56,56.45,False
ORD-001170,2025-01-25,CAN-01,Sureste,Tienda,Hogar,Licuadora,3,960.3,0.0,563.92,Recurrente,Efectivo,False,4,2880.9,0.0,2880.9,1691.76,1189.14,41.28,False
ORD-001176,2025-01-25,GDL-02,Occidente,Online,Electrónica,Teclado mecánico,2,1172.76,0.0,729.41,Nuevo,Efectivo,False,3,2345.52,0.0,2345.52,1458.82,886.7,37.8,False
ORD-002398,2025-01-25,CDMX-01,Centro,Online,Oficina,Silla ergonómica,2,2900.58,0.0,1827.93,Nuevo,Transferencia,False,5,5801.16,0.0,5801.16,3655.86,2145.3,36.98,False
ORD-003161,2025-01-25,MTY-01,Norte,Tienda,Hogar,Cafetera programable,1,1552.04,0.3,882.63,Nuevo,Tarjeta,False,5,1552.04,465.61,1086.43,882.63,203.8,18.76,False
ORD-000098,2025-01-26,CDMX-01,Centro,Tienda,Electrónica,Teclado mecánico,2,1195.24,0.15,710.6,Recurrente,Efectivo,False,2,2390.48,358.57,2031.91,1421.2,610.71,30.06,False
ORD-000476,2025-01-26,VER-01,Golfo,Tienda,Electrónica,Audífonos Bluetooth,1,708.79,0.1,392.93,Recurrente,Tarjeta,False,5,708.79,70.88,637.91,392.93,244.98,38.4,False
ORD-000792,2025-01-26,VER-01,Golfo,Tienda,Electrónica,Monitor 24 pulgadas,1,3222.82,0.05,2359.32,Nuevo,Tarjeta,False,4,3222.82,161.14,3061.68,2359.32,702.36,22.94,False
ORD-001014,2025-01-26,MTY-02,Norte,Tienda,Hogar,Juego de sábanas,5,642.36,0.0,306.31,Empresa,Tarjeta,False,5,3211.8,0.0,3211.8,1531.55,1680.25,52.31,False
ORD-001414,2025-01-26,MTY-01,Norte,Online,Oficina,Lámpara LED,2,534.63,0.05,238.55,Nuevo,Tarjeta,False,4,1069.26,53.46,1015.8,477.1,538.7,53.03,False
ORD-002256,2025-01-26,PUE-01,Centro,Tienda,Oficina,Organizador de escritorio,2,289.99,0.1,105.26,Nuevo,Transferencia,False,4,579.98,58.0,521.98,210.52,311.46,59.67,False
ORD-002530,2025-01-26,VER-01,Golfo,Tienda,Oficina,Organizador de escritorio,1,275.11,0.1,104.74,Nuevo,Tarjeta,False,4,275.11,27.51,247.6,104.74,142.86,57.7,False
ORD-002693,2025-01-26,CDMX-01,Centro,Tienda,Deportes,Tapete de yoga,2,422.91,0.0,161.46,Recurrente,Transferencia,False,5,845.82,0.0,845.82,322.92,522.9,61.82,False
ORD-002751,2025-01-26,MTY-01,Norte,Tienda,Deportes,Mochila deportiva,2,707.26,0.2,344.62,Recurrente,Tarjeta,False,3,1414.52,282.9,1131.62,689.24,442.38,39.09,False
ORD-003037,2025-01-26,MER-01,Sureste,Tienda,Oficina,Lámpara LED,4,548.26,0.3,238.67,Recurrente,Efectivo,False,5,2193.04,657.91,1535.13,954.68,580.45,37.81,False
ORD-003459,2025-01-26,CDMX-01,Centro,Online,Oficina,Silla ergonómica,2,2890.97,0.0,1872.46,Recurrente,Tarjeta,False,3,5781.94,0.0,5781.94,3744.92,2037.02,35.23,False
ORD-000482,2025-01-27,MER-01,Sureste,Tienda,Electrónica,Teclado mecánico,3,1229.7,0.0,733.67,Nuevo,Efectivo,False,5,3689.1,0.0,3689.1,2201.01,1488.09,40.34,False
ORD-000527,2025-01-27,MTY-02,Norte,Online,Deportes,Mancuernas 10 kg,1,866.56,0.05,523.96,Recurrente,Tarjeta,False,4,866.56,43.33,823.23,523.96,299.27,36.35,False
ORD-000674,2025-01-27,MTY-02,Norte,Tienda,Oficina,Lámpara LED,2,548.67,0.15,243.92,Recurrente,Tarjeta,False,3,1097.34,164.6,932.74,487.84,444.9,47.7,False
ORD-001129,2025-01-27,ZAP-01,Occidente,Tienda,Oficina,Organizador de escritorio,3,286.06,0.05,105.89,Empresa,Tarjeta,False,3,858.18,42.91,815.27,317.67,497.6,61.03,False
ORD-001413,2025-01-27,PUE-01,Centro,Online,Oficina,Organizador de escritorio,1,280.83,0.0,105.09,Recurrente,Tarjeta,False,5,280.83,0.0,280.83,105.09,175.74,62.58,False
ORD-001495,2025-01-27,CDMX-01,Centro,Tienda,Electrónica,Audífonos Bluetooth,2,707.51,0.0,385.88,Nuevo,Tarjeta,False,4,1415.02,0.0,1415.02,771.76,643.26,45.46,False
ORD-001629,2025-01-27,MTY-02,Norte,Tienda,Deportes,Tapete de yoga,5,395.88,0.15,159.87,Empresa,Tarjeta,False,5,1979.4,296.91,1682.49,799.35,883.14,52.49,False
ORD-001904,2025-01-27,MTY-01,Norte,Online,Electrónica,Monitor 24 pulgadas,1,3379.84,0.15,2344.9,Recurrente,Tarjeta,False,1,3379.84,506.98,2872.86,2344.9,527.96,18.38,False
ORD-002312,2025-01-27,CHH-01,Norte,Online,Electrónica,Monitor 24 pulgadas,3,3246.56,0.2,2331.33,Nuevo,Tarjeta,False,4,9739.68,1947.94,7791.74,6993.99,797.75,10.24,True
ORD-002872,2025-01-27,MTY-02,Norte,Tienda,Electrónica,Monitor 24 pulgadas,3,3352.93,0.3,2397.15,Recurrente,Tarjeta,False,3,10058.79,3017.64,7041.15,7191.45,-150.3,-2.13,True
ORD-003219,2025-01-27,MTY-02,Norte,Online,Hogar,Juego de sábanas,2,640.67,0.0,311.36,Nuevo,Tarjeta,False,5,1281.34,0.0,1281.34,622.72,658.62,51.4,False
ORD-000120,2025-01-28,VER-01,Golfo,Tienda,Oficina,Silla ergonómica,1,2798.88,0.0,1802.72,Recurrente,Tarjeta,False,5,2798.88,0.0,2798.88,1802.72,996.16,35.59,False
ORD-000315,2025-01-28,MER-01,Sureste,Tienda,Electrónica,Audífonos Bluetooth,1,720.71,0.1,376.83,Nuevo,Efectivo,False,2,720.71,72.07,648.64,376.83,271.81,41.9,False
ORD-000410,2025-01-28,VER-01,Golfo,Tienda,Deportes,Tapete de yoga,2,385.49,0.15,160.32,Nuevo,Transferencia,False,4,770.98,115.65,655.33,320.64,334.69,51.07,False
ORD-000634,2025-01-28,MER-01,Sureste,Tienda,Oficina,Lámpara LED,3,552.23,0.1,243.08,Recurrente,Tarjeta,False,1,1656.69,165.67,1491.02,729.24,761.78,51.09,False
ORD-001249,2025-01-28,CHH-01,Norte,Tienda,Deportes,Mancuernas 10 kg,1,886.48,0.0,529.72,Nuevo,Efectivo,False,3,886.48,0.0,886.48,529.72,356.76,40.24,False
ORD-001498,2025-01-28,CDMX-02,Centro,Tienda,Oficina,Silla ergonómica,1,2883.61,0.2,1840.82,Recurrente,Tarjeta,False,4,2883.61,576.72,2306.89,1840.82,466.07,20.2,False
ORD-002226,2025-01-28,ZAP-01,Occidente,Tienda,Deportes,Mancuernas 10 kg,1,877.51,0.0,512.79,Nuevo,Efectivo,False,4,877.51,0.0,877.51,512.79,364.72,41.56,False
ORD-003497,2025-01-28,CAN-01,Sureste,Online,Electrónica,Audífonos Bluetooth,1,713.44,0.15,382.16,Recurrente,Tarjeta,False,1,713.44,107.02,606.42,382.16,224.26,36.98,False
ORD-000187,2025-01-29,MTY-01,Norte,Online,Oficina,Silla ergonómica,2,2855.13,0.0,1829.63,Empresa,Efectivo,False,4,5710.26,0.0,5710.26,3659.26,2051.0,35.92,False
ORD-000502,2025-01-29,GDL-01,Occidente,Tienda,Electrónica,Audífonos Bluetooth,2,725.71,0.0,374.85,Recurrente,Tarjeta,False,4,1451.42,0.0,1451.42,749.7,701.72,48.35,False
ORD-000537,2025-01-29,VER-01,Golfo,Tienda,Hogar,Juego de sábanas,2,663.81,0.3,315.34,Recurrente,Transferencia,False,4,1327.62,398.29,929.33,630.68,298.65,32.14,False
ORD-000656,2025-01-29,MTY-01,Norte,Tienda,Electrónica,Monitor 24 pulgadas,3,3336.32,0.15,2396.85,Recurrente,Transferencia,False,5,10008.96,1501.34,8507.62,7190.55,1317.07,15.48,True
ORD-001572,2025-01-29,CHH-01,Norte,Tienda,Hogar,Licuadora,5,980.97,0.0,570.05,Recurrente,Efectivo,False,4,4904.85,0.0,4904.85,2850.25,2054.6,41.89,False
ORD-001694,2025-01-29,ZAP-01,Occidente,Tienda,Deportes,Mochila deportiva,5,745.54,0.1,341.51,Nuevo,Tarjeta,False,4,3727.7,372.77,3354.93,1707.55,1647.38,49.1,False
ORD-002219,2025-01-29,CHH-01,Norte,Tienda,Hogar,Cafetera programable,2,1499.48,0.15,880.2,Recurrente,Tarjeta,False,4,2998.96,449.84,2549.12,1760.4,788.72,30.94,False
ORD-003036,2025-01-29,GDL-01,Occidente,Tienda,Oficina,Organizador de escritorio,3,300.02,0.0,105.65,Empresa,Transferencia,False,4,900.06,0.0,900.06,316.95,583.11,64.79,False
ORD-003554,2025-01-29,GDL-01,Occidente,Tienda,Hogar,Juego de sábanas,2,663.55,0.15,307.99,Nuevo,Tarjeta,False,5,1327.1,199.06,1128.04,615.98,512.06,45.39,False
ORD-000127,2025-01-30,PUE-01,Centro,Online,Deportes,Mochila deportiva,2,720.19,0.0,337.44,Recurrente,Tarjeta,False,5,1440.38,0.0,1440.38,674.88,765.5,53.15,False
ORD-000579,2025-01-30,CDMX-01,Centro,Tienda,Oficina,Lámpara LED,1,535.65,0.2,239.43,Nuevo,Efectivo,False,2,535.65,107.13,428.52,239.43,189.09,44.13,False
ORD-000884,2025-01-30,MTY-02,Norte,Tienda,Electrónica,Teclado mecánico,1,1159.24,0.1,722.79,Nuevo,Efectivo,False,5,1159.24,115.92,1043.32,722.79,320.53,30.72,False
ORD-000945,2025-01-30,PUE-01,Centro,Tienda,Oficina,Organizador de escritorio,5,285.9,0.05,104.43,Nuevo,Efectivo,False,5,1429.5,71.48,1358.02,522.15,835.87,61.55,False
ORD-000985,2025-01-30,GDL-02,Occidente,Online,Deportes,Mancuernas 10 kg,1,910.1,0.1,524.34,Empresa,Transferencia,False,4,910.1,91.01,819.09,524.34,294.75,35.99,False
ORD-001616,2025-01-30,GDL-01,Occidente,Tienda,Deportes,Mochila deportiva,1,738.72,0.15,344.31,Nuevo,Tarjeta,False,1,738.72,110.81,627.91,344.31,283.6,45.17,False
ORD-001770,2025-01-30,MTY-01,Norte,Tienda,Oficina,Organizador de escritorio,2,291.59,0.05,106.75,Recurrente,Tarjeta,True,5,583.18,29.16,554.02,213.5,340.52,61.46,False
ORD-001772,2025-01-30,CAN-01,Sureste,Tienda,Electrónica,Teclado mecánico,5,1207.29,0.2,731.42,Recurrente,Tarjeta,False,4,6036.45,1207.29,4829.16,3657.1,1172.06,24.27,False
ORD-001821,2025-01-30,MTY-02,Norte,Tienda,Deportes,Mochila deportiva,2,779.01,0.15,337.2,Nuevo,Efectivo,False,5,1558.02,233.7,1324.32,674.4,649.92,49.08,False
ORD-002227,2025-01-30,CDMX-02,Centro,Tienda,Deportes,Mochila deportiva,6,744.7,0.05,337.72,Empresa,Efectivo,False,5,4468.2,223.41,4244.79,2026.32,2218.47,52.26,False
ORD-003065,2025-01-30,CDMX-02,Centro,Tienda,Oficina,Organizador de escritorio,2,285.22,0.0,103.43,Nuevo,Tarjeta,False,5,570.44,0.0,570.44,206.86,363.58,63.74,False
ORD-003154,2025-01-30,GDL-01,Occidente,Tienda,Oficina,Silla ergonómica,1,2977.51,0.1,1821.29,Recurrente,Tarjeta,False,5,2977.51,297.75,2679.76,1821.29,858.47,32.04,False
ORD-003400,2025-01-30,CHH-01,Norte,Tienda,Electrónica,Teclado mecánico,1,1171.82,0.2,706.2,Recurrente,Efectivo,False,4,1171.82,234.36,937.46,706.2,231.26,24.67,False
ORD-000186,2025-01-31,CDMX-02,Centro,Tienda,Hogar,Juego de sábanas,2,683.95,0.1,301.6,Recurrente,Tarjeta,False,3,1367.9,136.79,1231.11,603.2,627.91,51.0,False
ORD-000314,2025-01-31,PUE-01,Centro,Online,Hogar,Licuadora,4,990.45,0.0,554.45,Nuevo,Efectivo,False,4,3961.8,0.0,3961.8,2217.8,1744.0,44.02,False
ORD-000562,2025-01-31,MTY-01,Norte,Online,Hogar,Juego de sábanas,1,631.52,0.0,309.92,Recurrente,Tarjeta,False,3,631.52,0.0,631.52,309.92,321.6,50.92,False
ORD-000637,2025-01-31,MTY-02,Norte,Tienda,Electrónica,Teclado mecánico,3,1221.91,0.0,705.22,Recurrente,Efectivo,False,4,3665.73,0.0,3665.73,2115.66,1550.07,42.29,False
ORD-000761,2025-01-31,GDL-01,Occidente,Tienda,Oficina,Silla ergonómica,1,2823.36,0.05,1812.74,Nuevo,Efectivo,False,1,2823.36,141.17,2682.19,1812.74,869.45,32.42,False
ORD-001200,2025-01-31,MER-01,Sureste,Online,Deportes,Mochila deportiva,5,732.2,0.0,342.83,Nuevo,Tarjeta,False,4,3661.0,0.0,3661.0,1714.15,1946.85,53.18,False
ORD-001697,2025-01-31,MER-01,Sureste,Online,Electrónica,Teclado mecánico,1,1184.62,0.3,732.11,Recurrente,Efectivo,True,4,1184.62,355.39,829.23,732.11,97.12,11.71,False
ORD-001888,2025-01-31,VER-01,Golfo,Tienda,Electrónica,Audífonos Bluetooth,4,712.03,0.0,377.59,Recurrente,Tarjeta,False,5,2848.12,0.0,2848.12,1510.36,1337.76,46.97,False
ORD-002304,2025-01-31,GDL-02,Occidente,Online,Oficina,Organizador de escritorio,3,296.92,0.3,106.14,Recurrente,Tarjeta,False,3,890.76,267.23,623.53,318.42,305.11,48.93,False
ORD-002903,2025-01-31,PUE-01,Centro,Tienda,Oficina,Silla ergonómica,1,2874.74,0.15,1769.31,Recurrente,Tarjeta,False,3,2874.74,431.21,2443.53,1769.31,674.22,27.59,False
ORD-002915,2025-01-31,ZAP-01,Occidente,Online,Hogar,Cafetera programable,1,1501.54,0.05,879.54,Nuevo,Tarjeta,True,4,1501.54,75.08,1426.46,879.54,546.92,38.34,False
ORD-003292,2025-01-31,VER-01,Golfo,Tienda,Deportes,Mochila deportiva,1,742.97,0.0,329.06,Empresa,Tarjeta,False,4,742.97,0.0,742.97,329.06,413.91,55.71,False
ORD-003303,2025-01-31,MTY-01,Norte,Tienda,Deportes,Mochila deportiva,2,743.82,0.2,341.32,Recurrente,Efectivo,False,4,1487.64,297.53,1190.11,682.64,507.47,42.64,False
ORD-003591,2025-01-31,CDMX-02,Centro,Tienda,Oficina,Lámpara LED,1,545.86,0.0,249.29,Recurrente,Transferencia,False,4,545.86,0.0,545.86,249.29,296.57,54.33,False
ORD-001180,2025-02-01,MER-01,Sureste,Online,Electrónica,Teclado mecánico,1,1200.65,0.0,711.69,Recurrente,Tarjeta,False,5,1200.65,0.0,1200.65,711.69,488.96,40.72,False
ORD-001235,2025-02-01,MER-01,Sureste,Tienda,Electrónica,Audífonos Bluetooth,2,724.67,0.1,393.11,Recurrente,Tarjeta,False,4,1449.34,144.93,1304.41,786.22,518.19,39.73,False
ORD-002209,2025-02-01,CDMX-01,Centro,Tienda,Deportes,Mancuernas 10 kg,2,851.97,0.05,506.61,Recurrente,Tarjeta,False,4,1703.94,85.2,1618.74,1013.22,605.52,37.41,False
ORD-002261,2025-02-01,ZAP-01,Occidente,Tienda,Deportes,Mancuernas 10 kg,6,887.8,0.1,520.07,Nuevo,Efectivo,False,4,5326.8,532.68,4794.12,3120.42,1673.7,34.91,False
ORD-002928,2025-02-01,GDL-02,Occidente,Online,Oficina,Lámpara LED,1,542.71,0.05,243.02,Nuevo,Efectivo,False,1,542.71,27.14,515.57,243.02,272.55,52.86,False
ORD-002948,2025-02-01,CHH-01,Norte,Tienda,Hogar,Licuadora,1,1043.55,0.15,561.88,Nuevo,Tarjeta,True,1,1043.55,156.53,887.02,561.88,325.14,36.66,False
ORD-003190,2025-02-01,ZAP-01,Occidente,Online,Electrónica,Teclado mecánico,5,1186.17,0.3,735.73,Recurrente,Tarjeta,False,2,5930.85,1779.26,4151.59,3678.65,472.94,11.39,False
ORD-003212,2025-02-01,CAN-01,Sureste,Tienda,Electrónica,Teclado mecánico,1,1219.94,0.0,703.75,Recurrente,Efectivo,False,5,1219.94,0.0,1219.94,703.75,516.19,42.31,False
ORD-000145,2025-02-02,MER-01,Sureste,Tienda,Electrónica,Audífonos Bluetooth,1,701.65,0.1,371.74,Recurrente,Tarjeta,False,5,701.65,70.17,631.48,371.74,259.74,41.13,False
ORD-000176,2025-02-02,PUE-01,Centro,Tienda,Deportes,Mancuernas 10 kg,2,888.27,0.0,525.28,Recurrente,Efectivo,False,4,1776.54,0.0,1776.54,1050.56,725.98,40.86,False
ORD-000178,2025-02-02,PUE-01,Centro,Online,Oficina,Silla ergonómica,2,3040.19,0.15,1817.64,Recurrente,Transferencia,False,3,6080.38,912.06,5168.32,3635.28,1533.04,29.66,False
ORD-000223,2025-02-02,CDMX-02,Centro,Online,Electrónica,Monitor 24 pulgadas,4,3230.75,0.0,2335.9,Nuevo,Tarjeta,True,5,12923.0,0.0,12923.0,9343.6,3579.4,27.7,True
ORD-000749,2025-02-02,CAN-01,Sureste,Online,Deportes,Mancuernas 10 kg,1,889.47,0.15,513.42,Recurrente,Tarjeta,False,4,889.47,133.42,756.05,513.42,242.63,32.09,False
ORD-001085,2025-02-02,MTY-02,Norte,Tienda,Hogar,Cafetera programable,1,1467.63,0.1,875.08,Recurrente,Efectivo,False,2,1467.63,146.76,1320.87,875.08,445.79,33.75,False
ORD-001166,2025-02-02,PUE-01,Centro,Tienda,Electrónica,Teclado mecánico,4,1208.29,0.05,728.64,Nuevo,Tarjeta,True,4,4833.16,241.66,4591.5,2914.56,1676.94,36.52,False
ORD-001406,2025-02-02,CDMX-02,Centro,Tienda,Deportes,Mochila deportiva,2,739.7,0.3,352.48,Recurrente,Tarjeta,False,4,1479.4,443.82,1035.58,704.96,330.62,31.93,False
ORD-001661,2025-02-02,PUE-01,Centro,Tienda,Oficina,Silla ergonómica,1,2901.93,0.05,1856.23,Recurrente,Tarjeta,False,5,2901.93,145.1,2756.83,1856.23,900.6,32.67,False
ORD-001981,2025-02-02,MER-01,Sureste,Tienda,Hogar,Licuadora,1,988.97,0.15,548.21,Recurrente,Tarjeta,False,4,988.97,148.35,840.62,548.21,292.41,34.79,False
ORD-002483,2025-02-02,MTY-02,Norte,Tienda,Hogar,Cafetera programable,6,1488.59,0.2,887.47,Nuevo,Tarjeta,False,5,8931.54,1786.31,7145.23,5324.82,1820.41,25.48,True
ORD-002665,2025-02-02,CAN-01,Sureste,Tienda,Oficina,Organizador de escritorio,1,277.9,0.15,104.02,Recurrente,Tarjeta,False,4,277.9,41.68,236.22,104.02,132.2,55.96,False
ORD-003043,2025-02-02,MER-01,Sureste,Tienda,Oficina,Organizador de escritorio,2,289.31,0.1,105.75,Nuevo,Transferencia,False,2,578.62,57.86,520.76,211.5,309.26,59.39,False
ORD-003142,2025-02-02,CAN-01,Sureste,Tienda,Hogar,Cafetera programable,1,1539.27,0.3,884.41,Nuevo,Transferencia,False,4,1539.27,461.78,1077.49,884.41,193.08,17.92,False
ORD-003193,2025-02-02,MTY-02,Norte,Online,Hogar,Juego de sábanas,1,651.4,0.0,308.05,Recurrente,Efectivo,False,4,651.4,0.0,651.4,308.05,343.35,52.71,False
ORD-003482,2025-02-02,MTY-02,Norte,Online,Deportes,Mancuernas 10 kg,1,849.69,0.05,526.28,Recurrente,Efectivo,False,3,849.69,42.48,807.21,526.28,280.93,34.8,False
ORD-000501,2025-02-03,CHH-01,Norte,Tienda,Oficina,Lámpara LED,1,554.9,0.1,248.26,Nuevo,Transferencia,False,3,554.9,55.49,499.41,248.26,251.15,50.29,False
ORD-000785,2025-02-03,PUE-01,Centro,Tienda,Electrónica,Teclado mecánico,3,1188.81,0.15,718.1,Nuevo,Efectivo,False,2,3566.43,534.96,3031.47,2154.3,877.17,28.94,False
ORD-001415,2025-02-03,VER-01,Golfo,Online,Hogar,Juego de sábanas,2,656.71,0.1,318.25,Nuevo,Tarjeta,False,5,1313.42,131.34,1182.08,636.5,545.58,46.15,False
ORD-001518,2025-02-03,MER-01,Sureste,Tienda,Deportes,Mochila deportiva,2,786.86,0.2,342.01,Nuevo,Tarjeta,False,1,1573.72,314.74,1258.98,684.02,574.96,45.67,False
ORD-001815,2025-02-03,CDMX-02,Centro,Online,Electrónica,Monitor 24 pulgadas,3,3340.0,0.0,2394.37,Recurrente,Tarjeta,False,5,10020.0,0.0,10020.0,7183.11,2836.89,28.31,True
ORD-002079,2025-02-03,MTY-02,Norte,Tienda,Deportes,Mancuernas 10 kg,2,888.83,0.0,512.45,Recurrente,Efectivo,False,5,1777.66,0.0,1777.66,1024.9,752.76,42.35,False
ORD-002146,2025-02-03,GDL-01,Occidente,Tienda,Oficina,Lámpara LED,3,544.76,0.0,236.99,Nuevo,Tarjeta,False,4,1634.28,0.0,1634.28,710.97,923.31,56.5,False
ORD-002425,2025-02-03,MTY-01,Norte,Online,Deportes,Mancuernas 10 kg,1,884.98,0.05,523.63,Recurrente,Tarjeta,False,4,884.98,44.25,840.73,523.63,317.1,37.72,False
ORD-002502,2025-02-03,CDMX-01,Centro,Tienda,Electrónica,Audífonos Bluetooth,1,724.28,0.0,393.16,Recurrente,Efectivo,False,4,724.28,0.0,724.28,393.16,331.12,45.72,False
ORD-002997,2025-02-03,CDMX-02,Centro,Online,Deportes,Mochila deportiva,2,761.37,0.0,338.32,Nuevo,Transferencia,False,2,1522.74,0.0,1522.74,676.64,846.1,55.56,False
ORD-003152,2025-02-03,ZAP-01,Occidente,Tienda,Hogar,Cafetera programable,3,1540.73,0.15,858.2,Recurrente,Efectivo,False,2,4622.19,693.33,3928.86,2574.6,1354.26,34.47,False
ORD-003196,2025-02-03,MER-01,Sureste,Tienda,Oficina,Silla ergonómica,5,2854.07,0.1,1848.62,Recurrente,Efectivo,False,2,14270.35,1427.04,12843.31,9243.1,3600.21,28.03,True
ORD-003314,2025-02-03,CHH-01,Norte,Online,Oficina,Lámpara LED,1,554.28,0.05,241.54,Recurrente,Efectivo,False,5,554.28,27.71,526.57,241.54,285.03,54.13,False
ORD-003363,2025-02-03,ZAP-01,Occidente,Online,Deportes,Tapete de yoga,3,398.8,0.05,160.83,Recurrente,Tarjeta,False,4,1196.4,59.82,1136.58,482.49,654.09,57.55,False
ORD-003377,2025-02-03,MTY-02,Norte,Online,Hogar,Cafetera programable,2,1510.04,0.05,869.61,Empresa,Efectivo,False,4,3020.08,151.0,2869.08,1739.22,1129.86,39.38,False
ORD-000155,2025-02-04,MTY-01,Norte,Tienda,Oficina,Lámpara LED,6,555.78,0.1,239.6,Nuevo,Transferencia,False,4,3334.68,333.47,3001.21,1437.6,1563.61,52.1,False
ORD-001497,2025-02-04,GDL-01,Occidente,Online,Hogar,Cafetera programable,1,1498.63,0.1,876.26,Recurrente,Efectivo,False,5,1498.63,149.86,1348.77,876.26,472.51,35.03,False
ORD-001681,2025-02-04,ZAP-01,Occidente,Online,Electrónica,Monitor 24 pulgadas,1,3379.05,0.15,2381.0,Recurrente,Transferencia,False,4,3379.05,506.86,2872.19,2381.0,491.19,17.1,False
ORD-001736,2025-02-04,GDL-02,Occidente,Tienda,Oficina,Lámpara LED,1,546.65,0.3,241.05,Nuevo,Tarjeta,False,5,546.65,163.99,382.66,241.05,141.61,37.01,False
ORD-001802,2025-02-04,VER-01,Golfo,Online,Electrónica,Teclado mecánico,3,1219.16,0.0,717.95,Recurrente,Efectivo,False,4,3657.48,0.0,3657.48,2153.85,1503.63,41.11,False
ORD-002522,2025-02-04,GDL-02,Occidente,Online,Deportes,Mochila deportiva,1,732.89,0.15,337.58,Nuevo,Tarjeta,False,5,732.89,109.93,622.96,337.58,285.38,45.81,False
ORD-002813,2025-02-04,CHH-01,Norte,Tienda,Oficina,Lámpara LED,5,561.58,0.0,235.61,Recurrente,Efectivo,False,2,2807.9,0.0,2807.9,1178.05,1629.85,58.05,False
ORD-002891,2025-02-04,MER-01,Sureste,Tienda,Hogar,Licuadora,1,1047.82,0.05,564.95,Nuevo,Tarjeta,False,5,1047.82,52.39,995.43,564.95,430.48,43.25,False
ORD-003408,2025-02-04,GDL-02,Occidente,Tienda,Oficina,Silla ergonómica,2,2928.52,0.05,1799.1,Recurrente,Tarjeta,False,1,5857.04,292.85,5564.19,3598.2,1965.99,35.33,False
ORD-000253,2025-02-05,PUE-01,Centro,Online,Hogar,Cafetera programable,3,1444.12,0.1,873.71,Recurrente,Tarjeta,False,4,4332.36,433.24,3899.12,2621.13,1277.99,32.78,False
ORD-000543,2025-02-05,CAN-01,Sureste,Tienda,Deportes,Mancuernas 10 kg,2,865.15,0.0,518.99,Nuevo,Tarjeta,False,2,1730.3,0.0,1730.3,1037.98,692.32,40.01,False
ORD-000677,2025-02-05,GDL-01,Occidente,Online,Hogar,Cafetera programable,3,1501.08,0.05,869.45,Recurrente,Tarjeta,False,4,4503.24,225.16,4278.08,2608.35,1669.73,39.03,False
ORD-000834,2025-02-05,CHH-01,Norte,Tienda,Deportes,Tapete de yoga,2,388.96,0.2,157.27,Recurrente,Tarjeta,False,4,777.92,155.58,622.34,314.54,307.8,49.46,False
ORD-001387,2025-02-05,ZAP-01,Occidente,Tienda,Oficina,Lámpara LED,1,528.37,0.15,245.08,Nuevo,Efectivo,False,2,528.37,79.26,449.11,245.08,204.03,45.43,False
ORD-002380,2025-02-05,CAN-01,Sureste,Tienda,Hogar,Cafetera programable,1,1486.88,0.15,854.69,Nuevo,Tarjeta,False,4,1486.88,223.03,1263.85,854.69,409.16,32.37,False
ORD-002491,2025-02-05,MTY-01,Norte,Tienda,Oficina,Organizador de escritorio,1,295.19,0.0,105.7,Recurrente,Tarjeta,False,5,295.19,0.0,295.19,105.7,189.49,64.19,False
ORD-003357,2025-02-05,GDL-01,Occidente,Tienda,Electrónica,Monitor 24 pulgadas,2,3392.61,0.15,2300.6,Nuevo,Efectivo,True,3,6785.22,1017.78,5767.44,4601.2,1166.24,20.22,False
ORD-003438,2025-02-05,MTY-02,Norte,Tienda,Oficina,Organizador de escritorio,2,292.0,0.2,102.66,Recurrente,Tarjeta,False,3,584.0,116.8,467.2,205.32,261.88,56.05,False
ORD-003564,2025-02-05,MER-01,Sureste,Online,Oficina,Silla ergonómica,1,2931.14,0.1,1787.14,Nuevo,Tarjeta,False,5,2931.14,293.11,2638.03,1787.14,850.89,32.25,False
ORD-000049,2025-02-06,PUE-01,Centro,Tienda,Oficina,Silla ergonómica,1,2831.1,0.05,1807.72,Empresa,Transferencia,False,2,2831.1,141.56,2689.54,1807.72,881.82,32.79,False
ORD-000282,2025-02-06,CHH-01,Norte,Tienda,Electrónica,Teclado mecánico,2,1202.99,0.0,726.1,Recurrente,Transferencia,False,3,2405.98,0.0,2405.98,1452.2,953.78,39.64,False
ORD-001551,2025-02-06,MTY-01,Norte,Tienda,Oficina,Lámpara LED,3,542.93,0.15,240.89,Recurrente,Tarjeta,False,5,1628.79,244.32,1384.47,722.67,661.8,47.8,False
ORD-002134,2025-02-06,GDL-01,Occidente,Online,Electrónica,Monitor 24 pulgadas,2,3136.19,0.15,2336.09,Recurrente,Tarjeta,False,3,6272.38,940.86,5331.52,4672.18,659.34,12.37,False
ORD-002685,2025-02-06,MTY-02,Norte,Tienda,Deportes,Tapete de yoga,2,402.94,0.0,160.85,Recurrente,Tarjeta,False,4,805.88,0.0,805.88,321.7,484.18,60.08,False
ORD-002752,2025-02-06,GDL-01,Occidente,Online,Electrónica,Monitor 24 pulgadas,1,3285.96,0.3,2336.71,Recurrente,Tarjeta,False,4,3285.96,985.79,2300.17,2336.71,-36.54,-1.59,False
ORD-003113,2025-02-06,CHH-01,Norte,Tienda,Oficina,Silla ergonómica,3,2857.11,0.1,1840.4,Nuevo,Tarjeta,False,5,8571.33,857.13,7714.2,5521.2,2193.0,28.43,True
ORD-003299,2025-02-06,GDL-01,Occidente,Online,Deportes,Tapete de yoga,1,414.08,0.15,161.76,Empresa,Efectivo,False,5,414.08,62.11,351.97,161.76,190.21,54.04,False
ORD-003358,2025-02-06,MTY-02,Norte,Tienda,Oficina,Lámpara LED,1,552.11,0.15,239.1,Recurrente,Tarjeta,False,5,552.11,82.82,469.29,239.1,230.19,49.05,False
ORD-003501,2025-02-06,CDMX-02,Centro,Tienda,Electrónica,Monitor 24 pulgadas,2,3289.56,0.15,2335.31,Recurrente,Tarjeta,False,4,6579.12,986.87,5592.25,4670.62,921.63,16.48,False
ORD-003565,2025-02-06,MTY-02,Norte,Online,Hogar,Juego de sábanas,3,667.87,0.1,316.17,Nuevo,Tarjeta,False,5,2003.61,200.36,1803.25,948.51,854.74,47.4,False
ORD-000227,2025-02-07,CHH-01,Norte,Tienda,Oficina,Lámpara LED,1,541.01,0.05,239.02,Recurrente,Efectivo,False,3,541.01,27.05,513.96,239.02,274.94,53.49,False
ORD-000313,2025-02-07,CHH-01,Norte,Tienda,Electrónica,Audífonos Bluetooth,3,648.31,0.1,383.25,Nuevo,Tarjeta,False,4,1944.93,194.49,1750.44,1149.75,600.69,34.32,False
ORD-000521,2025-02-07,CAN-01,Sureste,Tienda,Electrónica,Monitor 24 pulgadas,1,3206.94,0.0,2391.52,Recurrente,Transferencia,False,3,3206.94,0.0,3206.94,2391.52,815.42,25.43,False
ORD-000846,2025-02-07,VER-01,Golfo,Tienda,Oficina,Lámpara LED,2,551.76,0.05,239.41,Nuevo,Tarjeta,False,5,1103.52,55.18,1048.34,478.82,569.52,54.33,False
ORD-001250,2025-02-07,CAN-01,Sureste,Online,Deportes,Mochila deportiva,2,751.14,0.2,329.11,Recurrente,Tarjeta,False,2,1502.28,300.46,1201.82,658.22,543.6,45.23,False
ORD-001351,2025-02-07,PUE-01,Centro,Tienda,Oficina,Silla ergonómica,1,2921.91,0.15,1862.66,Recurrente,Tarjeta,False,4,2921.91,438.29,2483.62,1862.66,620.96,25.0,False
ORD-001528,2025-02-07,MER-01,Sureste,Tienda,Deportes,Mochila deportiva,2,733.76,0.0,344.82,Recurrente,Tarjeta,False,5,1467.52,0.0,1467.52,689.64,777.88,53.01,False
ORD-001925,2025-02-07,CDMX-02,Centro,Tienda,Oficina,Silla ergonómica,1,2714.26,0.1,1833.9,Nuevo,Tarjeta,False,4,2714.26,271.43,2442.83,1833.9,608.93,24.93,False
ORD-001935,2025-02-07,MTY-01,Norte,Tienda,Hogar,Juego de sábanas,1,658.28,0.2,313.21,Empresa,Tarjeta,False,4,658.28,131.66,526.62,313.21,213.41,40.52,False
ORD-002075,2025-02-07,MER-01,Sureste,Tienda,Electrónica,Monitor 24 pulgadas,1,3325.57,0.2,2323.7,Recurrente,Tarjeta,False,5,3325.57,665.11,2660.46,2323.7,336.76,12.66,False
ORD-002739,2025-02-07,GDL-01,Occidente,Online,Oficina,Lámpara LED,1,536.61,0.2,239.76,Recurrente,Tarjeta,False,4,536.61,107.32,429.29,239.76,189.53,44.15,False
ORD-003014,2025-02-07,MTY-01,Norte,Online,Hogar,Juego de sábanas,1,672.83,0.0,304.14,Nuevo,Efectivo,False,5,672.83,0.0,672.83,304.14,368.69,54.8,False
ORD-003287,2025-02-07,CHH-01,Norte,Tienda,Oficina,Lámpara LED,1,566.35,0.2,246.66,Recurrente,Tarjeta,False,4,566.35,113.27,453.08,246.66,206.42,45.56,False
ORD-000083,2025-02-08,CDMX-01,Centro,Tienda,Deportes,Tapete de yoga,1,388.25,0.15,160.18,Nuevo,Tarjeta,False,4,388.25,58.24,330.01,160.18,169.83,51.46,False
ORD-000298,2025-02-08,CDMX-01,Centro,Tienda,Electrónica,Monitor 24 pulgadas,6,3322.25,0.2,2348.38,Recurrente,Tarjeta,False,4,19933.5,3986.7,15946.8,14090.28,1856.52,11.64,True
ORD-000595,2025-02-08,PUE-01,Centro,Online,Electrónica,Teclado mecánico,1,1275.03,0.15,704.93,Nuevo,Efectivo,False,3,1275.03,191.25,1083.78,704.93,378.85,34.96,False
ORD-000934,2025-02-08,PUE-01,Centro,Tienda,Hogar,Licuadora,2,1019.08,0.2,539.45,Recurrente,Efectivo,False,3,2038.16,407.63,1630.53,1078.9,551.63,33.83,False
ORD-001404,2025-02-08,CAN-01,Sureste,Tienda,Hogar,Juego de sábanas,1,659.66,0.1,301.3,Nuevo,Tarjeta,False,4,659.66,65.97,593.69,301.3,292.39,49.25,False
ORD-002362,2025-02-08,ZAP-01,Occidente,Tienda,Deportes,Mochila deportiva,3,758.4,0.1,342.79,Nuevo,Efectivo,False,4,2275.2,227.52,2047.68,1028.37,1019.31,49.78,False
ORD-003457,2025-02-08,VER-01,Golfo,Online,Electrónica,Teclado mecánico,1,1152.97,0.05,722.65,Empresa,Tarjeta,False,4,1152.97,57.65,1095.32,722.65,372.67,34.02,False
ORD-003569,2025-02-08,CHH-01,Norte,Online,Hogar,Juego de sábanas,2,632.89,0.05,313.72,Recurrente,Transferencia,False,3,1265.78,63.29,1202.49,627.44,575.05,47.82,False
ORD-000079,2025-02-09,MER-01,Sureste,Online,Electrónica,Audífonos Bluetooth,2,677.1,0.0,386.75,Recurrente,Tarjeta,False,5,1354.2,0.0,1354.2,773.5,580.7,42.88,False
ORD-000323,2025-02-09,CDMX-01,Centro,Online,Deportes,Mochila deportiva,1,793.46,0.0,341.64,Nuevo,Tarjeta,False,3,793.46,0.0,793.46,341.64,451.82,56.94,False
ORD-000879,2025-02-09,GDL-02,Occidente,Tienda,Hogar,Cafetera programable,1,1517.16,0.0,861.83,Recurrente,Efectivo,False,3,1517.16,0.0,1517.16,861.83,655.33,43.19,False
ORD-001512,2025-02-09,CDMX-01,Centro,Tienda,Electrónica,Monitor 24 pulgadas,3,3324.2,0.1,2332.03,Recurrente,Tarjeta,True,4,9972.6,997.26,8975.34,6996.09,1979.25,22.05,True
ORD-001640,2025-02-09,CHH-01,Norte,Online,Electrónica,Teclado mecánico,1,1198.17,0.05,715.09,Recurrente,Tarjeta,False,3,1198.17,59.91,1138.26,715.09,423.17,37.18,False
ORD-001899,2025-02-09,MER-01,Sureste,Tienda,Oficina,Organizador de escritorio,1,290.34,0.1,105.67,Recurrente,Tarjeta,False,2,290.34,29.03,261.31,105.67,155.64,59.56,False
ORD-002176,2025-02-09,CDMX-02,Centro,Online,Oficina,Organizador de escritorio,2,289.51,0.15,100.74,Empresa,Tarjeta,False,4,579.02,86.85,492.17,201.48,290.69,59.06,False
ORD-000041,2025-02-10,GDL-01,Occidente,Tienda,Electrónica,Teclado mecánico,3,1218.73,0.05,695.74,Recurrente,Efectivo,False,4,3656.19,182.81,3473.38,2087.22,1386.16,39.91,False
ORD-000682,2025-02-10,GDL-02,Occidente,Tienda,Hogar,Licuadora,1,1005.71,0.05,552.37,Recurrente,Tarjeta,False,3,1005.71,50.29,955.42,552.37,403.05,42.19,False
ORD-000885,2025-02-10,CDMX-02,Centro,Online,Oficina,Lámpara LED,1,539.3,0.0,236.26,Recurrente,Tarjeta,False,4,539.3,0.0,539.3,236.26,303.04,56.19,False
ORD-001018,2025-02-10,CAN-01,Sureste,Tienda,Hogar,Licuadora,1,993.08,0.0,565.6,Recurrente,Efectivo,False,4,993.08,0.0,993.08,565.6,427.48,43.05,False
ORD-001242,2025-02-10,CDMX-01,Centro,Online,Electrónica,Teclado mecánico,1,1208.96,0.0,720.26,Empresa,Tarjeta,False,5,1208.96,0.0,1208.96,720.26,488.7,40.42,False
ORD-001453,2025-02-10,PUE-01,Centro,Tienda,Electrónica,Audífonos Bluetooth,1,696.38,0.05,388.52,Nuevo,Tarjeta,False,5,696.38,34.82,661.56,388.52,273.04,41.27,False
ORD-001764,2025-02-10,GDL-01,Occidente,Tienda,Hogar,Cafetera programable,2,1466.12,0.2,863.22,Nuevo,Transferencia,False,3,2932.24,586.45,2345.79,1726.44,619.35,26.4,False
ORD-003008,2025-02-10,PUE-01,Centro,Online,Electrónica,Audífonos Bluetooth,3,711.71,0.1,384.75,Recurrente,Efectivo,False,4,2135.13,213.51,1921.62,1154.25,767.37,39.93,False
ORD-003208,2025-02-10,MTY-02,Norte,Online,Deportes,Tapete de yoga,4,404.38,0.1,157.07,Recurrente,Efectivo,True,5,1617.52,161.75,1455.77,628.28,827.49,56.84,False
ORD-003480,2025-02-10,CAN-01,Sureste,Online,Hogar,Licuadora,2,986.29,0.1,574.63,Nuevo,Tarjeta,False,4,1972.58,197.26,1775.32,1149.26,626.06,35.26,False
ORD-000061,2025-02-11,CAN-01,Sureste,Tienda,Electrónica,Teclado mecánico,1,1191.1,0.2,714.54,Recurrente,Tarjeta,False,4,1191.1,238.22,952.88,714.54,238.34,25.01,False
ORD-000265,2025-02-11,VER-01,Golfo,Tienda,Deportes,Tapete de yoga,2,382.63,0.1,160.75,Recurrente,Tarjeta,False,3,765.26,76.53,688.73,321.5,367.23,53.32,False
ORD-001059,2025-02-11,CDMX-01,Centro,Online,Oficina,Organizador de escritorio,1,285.73,0.05,104.91,Nuevo,Tarjeta,False,4,285.73,14.29,271.44,104.91,166.53,61.35,False
ORD-001474,2025-02-11,VER-01,Golfo,Tienda,Hogar,Cafetera programable,2,1477.75,0.2,870.78,Recurrente,Tarjeta,False,5,2955.5,591.1,2364.4,1741.56,622.84,26.34,False
ORD-001913,2025-02-11,CDMX-02,Centro,Online,Electrónica,Audífonos Bluetooth,1,674.85,0.3,378.76,Nuevo,Tarjeta,False,1,674.85,202.46,472.39,378.76,93.63,19.82,False
ORD-002120,2025-02-11,CAN-01,Sureste,Tienda,Deportes,Mochila deportiva,2,748.01,0.1,339.97,Nuevo,Efectivo,False,3,1496.02,149.6,1346.42,679.94,666.48,49.5,False
ORD-002537,2025-02-11,MER-01,Sureste,Tienda,Deportes,Mancuernas 10 kg,4,902.61,0.0,520.09,Empresa,Tarjeta,False,5,3610.44,0.0,3610.44,2080.36,1530.08,42.38,False
ORD-003072,2025-02-11,ZAP-01,Occidente,Tienda,Electrónica,Audífonos Bluetooth,6,679.22,0.0,380.73,Nuevo,Efectivo,False,4,4075.32,0.0,4075.32,2284.38,1790.94,43.95,False
ORD-003241,2025-02-11,MTY-01,Norte,Tienda,Deportes,Mochila deportiva,3,753.99,0.0,339.84,Nuevo,Tarjeta,True,5,2261.97,0.0,2261.97,1019.52,1242.45,54.93,False
ORD-000084,2025-02-12,CDMX-01,Centro,Tienda,Hogar,Cafetera programable,1,1501.87,0.1,866.44,Recurrente,Transferencia,False,3,1501.87,150.19,1351.68,866.44,485.24,35.9,False
ORD-000575,2025-02-12,CDMX-02,Centro,Tienda,Hogar,Juego de sábanas,5,634.57,0.1,311.96,Empresa,Tarjeta,True,5,3172.85,317.29,2855.56,1559.8,1295.76,45.38,False
ORD-000580,2025-02-12,MTY-02,Norte,Tienda,Electrónica,Monitor 24 pulgadas,4,3233.17,0.05,2371.38,Recurrente,Tarjeta,False,5,12932.68,646.63,12286.05,9485.52,2800.53,22.79,True
ORD-000624,2025-02-12,VER-01,Golfo,Tienda,Oficina,Organizador de escritorio,3,283.38,0.15,104.34,Nuevo,Efectivo,False,3,850.14,127.52,722.62,313.02,409.6,56.68,False
ORD-000906,2025-02-12,MER-01,Sureste,Online,Hogar,Licuadora,1,994.74,0.1,550.13,Recurrente,Efectivo,False,5,994.74,99.47,895.27,550.13,345.14,38.55,False
ORD-001178,2025-02-12,MTY-02,Norte,Online,Deportes,Mancuernas 10 kg,2,867.43,0.0,523.28,Nuevo,Tarjeta,False,4,1734.86,0.0,1734.86,1046.56,688.3,39.67,False
ORD-001921,2025-02-12,ZAP-01,Occidente,Tienda,Electrónica,Monitor 24 pulgadas,4,3365.1,0.15,2410.06,Recurrente,Transferencia,False,5,13460.4,2019.06,11441.34,9640.24,1801.1,15.74,True
ORD-002041,2025-02-12,CDMX-02,Centro,Tienda,Oficina,Lámpara LED,1,542.96,0.05,246.85,Recurrente,Transferencia,False,3,542.96,27.15,515.81,246.85,268.96,52.14,False
ORD-002122,2025-02-12,CDMX-02,Centro,Tienda,Oficina,Organizador de escritorio,1,283.49,0.15,104.41,Recurrente,Tarjeta,False,4,283.49,42.52,240.97,104.41,136.56,56.67,False
ORD-003526,2025-02-12,GDL-02,Occidente,Online,Oficina,Silla ergonómica,1,2990.4,0.1,1777.27,Nuevo,Tarjeta,False,5,2990.4,299.04,2691.36,1777.27,914.09,33.96,False
ORD-003558,2025-02-12,CDMX-01,Centro,Tienda,Deportes,Mancuernas 10 kg,1,865.91,0.05,526.88,Recurrente,Tarjeta,False,4,865.91,43.3,822.61,526.88,295.73,35.95,False
ORD-000408,2025-02-13,VER-01,Golfo,Tienda,Hogar,Cafetera programable,3,1515.45,0.15,890.6,Recurrente,Tarjeta,False,5,4546.35,681.95,3864.4,2671.8,1192.6,30.86,False
ORD-000843,2025-02-13,CHH-01,Norte,Online,Hogar,Cafetera programable,1,1543.72,0.0,872.73,Recurrente,Tarjeta,False,4,1543.72,0.0,1543.72,872.73,670.99,43.47,False
ORD-000845,2025-02-13,GDL-01,Occidente,Online,Electrónica,Audífonos Bluetooth,1,678.05,0.0,377.7,Nuevo,Tarjeta,False,4,678.05,0.0,678.05,377.7,300.35,44.3,False
ORD-001464,2025-02-13,CHH-01,Norte,Tienda,Oficina,Silla ergonómica,1,2940.77,0.0,1818.57,Recurrente,Efectivo,False,4,2940.77,0.0,2940.77,1818.57,1122.2,38.16,False
ORD-002679,2025-02-13,MTY-02,Norte,Online,Electrónica,Teclado mecánico,1,1220.99,0.3,710.58,Nuevo,Efectivo,False,5,1220.99,366.3,854.69,710.58,144.11,16.86,False
ORD-002799,2025-02-13,ZAP-01,Occidente,Tienda,Oficina,Lámpara LED,6,555.36,0.15,241.79,Recurrente,Efectivo,False,2,3332.16,499.82,2832.34,1450.74,1381.6,48.78,False
ORD-002885,2025-02-13,PUE-01,Centro,Online,Hogar,Juego de sábanas,1,654.21,0.15,303.29,Recurrente,Tarjeta,False,3,654.21,98.13,556.08,303.29,252.79,45.46,False
ORD-003150,2025-02-13,CDMX-02,Centro,Online,Oficina,Organizador de escritorio,1,281.76,0.1,105.71,Recurrente,Tarjeta,False,4,281.76,28.18,253.58,105.71,147.87,58.31,False
ORD-003158,2025-02-13,MER-01,Sureste,Online,Electrónica,Audífonos Bluetooth,2,705.63,0.1,389.97,Recurrente,Transferencia,False,5,1411.26,141.13,1270.13,779.94,490.19,38.59,False
ORD-003399,2025-02-13,CAN-01,Sureste,Tienda,Hogar,Cafetera programable,2,1482.79,0.1,866.66,Recurrente,Tarjeta,False,5,2965.58,296.56,2669.02,1733.32,935.7,35.06,False
ORD-000905,2025-02-14,CAN-01,Sureste,Tienda,Oficina,Lámpara LED,2,546.7,0.05,240.9,Nuevo,Tarjeta,False,5,1093.4,54.67,1038.73,481.8,556.93,53.62,False
ORD-001353,2025-02-14,ZAP-01,Occidente,Online,Hogar,Cafetera programable,2,1489.58,0.0,853.31,Recurrente,Efectivo,False,4,2979.16,0.0,2979.16,1706.62,1272.54,42.71,False
ORD-001516,2025-02-14,CDMX-01,Centro,Online,Oficina,Organizador de escritorio,6,288.22,0.1,103.86,Nuevo,Efectivo,False,4,1729.32,172.93,1556.39,623.16,933.23,59.96,False
ORD-002206,2025-02-14,CHH-01,Norte,Online,Hogar,Cafetera programable,1,1438.53,0.15,859.2,Nuevo,Tarjeta,False,3,1438.53,215.78,1222.75,859.2,363.55,29.73,False
ORD-002337,2025-02-14,VER-01,Golfo,Tienda,Electrónica,Teclado mecánico,2,1199.96,0.0,735.75,Nuevo,Tarjeta,False,2,2399.92,0.0,2399.92,1471.5,928.42,38.69,False
ORD-002929,2025-02-14,MTY-02,Norte,Tienda,Hogar,Licuadora,4,1049.48,0.0,563.75,Nuevo,Efectivo,False,5,4197.92,0.0,4197.92,2255.0,1942.92,46.28,False
ORD-003552,2025-02-14,PUE-01,Centro,Tienda,Hogar,Licuadora,1,992.31,0.2,558.38,Empresa,Tarjeta,False,3,992.31,198.46,793.85,558.38,235.47,29.66,False
ORD-000752,2025-02-15,CDMX-02,Centro,Tienda,Deportes,Mancuernas 10 kg,1,865.02,0.05,528.48,Nuevo,Tarjeta,False,4,865.02,43.25,821.77,528.48,293.29,35.69,False
ORD-001004,2025-02-15,CDMX-02,Centro,Tienda,Electrónica,Teclado mecánico,1,1210.97,0.05,725.44,Recurrente,Tarjeta,True,4,1210.97,60.55,1150.42,725.44,424.98,36.94,False
ORD-001111,2025-02-15,CDMX-01,Centro,Tienda,Deportes,Mochila deportiva,1,759.19,0.05,337.38,Recurrente,Efectivo,False,3,759.19,37.96,721.23,337.38,383.85,53.22,False
ORD-001536,2025-02-15,MTY-01,Norte,Online,Hogar,Cafetera programable,2,1529.1,0.15,862.68,Nuevo,Efectivo,False,5,3058.2,458.73,2599.47,1725.36,874.11,33.63,False
ORD-001778,2025-02-15,CDMX-02,Centro,Tienda,Hogar,Licuadora,6,954.6,0.0,570.85,Nuevo,Transferencia,False,5,5727.6,0.0,5727.6,3425.1,2302.5,40.2,False
ORD-002648,2025-02-15,CDMX-02,Centro,Tienda,Electrónica,Monitor 24 pulgadas,2,3271.5,0.1,2357.22,Recurrente,Tarjeta,False,5,6543.0,654.3,5888.7,4714.44,1174.26,19.94,False
ORD-002662,2025-02-15,PUE-01,Centro,Online,Electrónica,Audífonos Bluetooth,2,704.47,0.15,381.47,Nuevo,Tarjeta,False,4,1408.94,211.34,1197.6,762.94,434.66,36.29,False
ORD-003471,2025-02-15,MTY-02,Norte,Tienda,Deportes,Tapete de yoga,2,398.09,0.05,158.89,Recurrente,Tarjeta,False,4,796.18,39.81,756.37,317.78,438.59,57.99,False
ORD-003556,2025-02-15,MTY-01,Norte,Tienda,Hogar,Cafetera programable,2,1480.53,0.05,881.41,Nuevo,Tarjeta,False,5,2961.06,148.05,2813.01,1762.82,1050.19,37.33,False
ORD-000164,2025-02-16,MER-01,Sureste,Tienda,Deportes,Tapete de yoga,3,407.22,0.0,158.6,Empresa,Tarjeta,False,4,1221.66,0.0,1221.66,475.8,745.86,61.05,False
ORD-000358,2025-02-16,MER-01,Sureste,Online,Oficina,Lámpara LED,3,550.55,0.3,234.83,Recurrente,Efectivo,False,1,1651.65,495.5,1156.15,704.49,451.66,39.07,False
ORD-000379,2025-02-16,MER-01,Sureste,Tienda,Deportes,Mochila deportiva,1,763.53,0.0,338.05,Nuevo,Efectivo,False,3,763.53,0.0,763.53,338.05,425.48,55.73,False
ORD-000891,2025-02-16,GDL-01,Occidente,Online,Electrónica,Teclado mecánico,3,1177.47,0.1,720.27,Nuevo,Efectivo,False,5,3532.41,353.24,3179.17,2160.81,1018.36,32.03,False
ORD-001210,2025-02-16,CAN-01,Sureste,Tienda,Hogar,Cafetera programable,1,1536.12,0.0,884.71,Nuevo,Tarjeta,False,3,1536.12,0.0,1536.12,884.71,651.41,42.41,False
ORD-001219,2025-02-16,PUE-01,Centro,Tienda,Oficina,Silla ergonómica,4,2853.54,0.0,1810.49,Recurrente,Efectivo,False,3,11414.16,0.0,11414.16,7241.96,4172.2,36.55,True
ORD-001300,2025-02-16,MER-01,Sureste,Online,Electrónica,Teclado mecánico,5,1237.29,0.2,725.59,Nuevo,Transferencia,False,4,6186.45,1237.29,4949.16,3627.95,1321.21,26.7,False
ORD-001366,2025-02-16,VER-01,Golfo,Online,Electrónica,Teclado mecánico,2,1172.29,0.1,734.56,Nuevo,Efectivo,False,3,2344.58,234.46,2110.12,1469.12,641.0,30.38,False
ORD-001440,2025-02-16,MER-01,Sureste,Tienda,Oficina,Lámpara LED,3,525.68,0.0,237.02,Nuevo,Tarjeta,False,5,1577.04,0.0,1577.04,711.06,865.98,54.91,False
ORD-002042,2025-02-16,CDMX-01,Centro,Online,Electrónica,Monitor 24 pulgadas,1,3083.65,0.1,2395.64,Recurrente,Tarjeta,False,4,3083.65,308.36,2775.29,2395.64,379.65,13.68,False
ORD-002283,2025-02-16,CHH-01,Norte,Tienda,Oficina,Silla ergonómica,5,2807.12,0.0,1821.79,Recurrente,Tarjeta,False,3,14035.6,0.0,14035.6,9108.95,4926.65,35.1,True
ORD-003093,2025-02-16,GDL-01,Occidente,Tienda,Deportes,Mochila deportiva,2,753.42,0.05,340.12,Empresa,Efectivo,False,3,1506.84,75.34,1431.5,680.24,751.26,52.48,False
ORD-003216,2025-02-16,CDMX-01,Centro,Online,Deportes,Tapete de yoga,1,368.83,0.0,163.36,Nuevo,Tarjeta,True,5,368.83,0.0,368.83,163.36,205.47,55.71,False
ORD-003318,2025-02-16,CHH-01,Norte,Online,Oficina,Silla ergonómica,2,2922.37,0.1,1776.03,Nuevo,Tarjeta,False,5,5844.74,584.47,5260.27,3552.06,1708.21,32.47,False
ORD-001211,2025-02-17,CDMX-01,Centro,Tienda,Electrónica,Teclado mecánico,3,1238.21,0.05,723.52,Recurrente,Tarjeta,True,5,3714.63,185.73,3528.9,2170.56,1358.34,38.49,False
ORD-002862,2025-02-17,MTY-02,Norte,Tienda,Oficina,Lámpara LED,1,567.95,0.0,237.9,Recurrente,Efectivo,False,5,567.95,0.0,567.95,237.9,330.05,58.11,False
ORD-002904,2025-02-17,MTY-02,Norte,Tienda,Hogar,Juego de sábanas,5,660.05,0.0,307.34,Recurrente,Tarjeta,False,3,3300.25,0.0,3300.25,1536.7,1763.55,53.44,False
ORD-003026,2025-02-17,GDL-02,Occidente,Tienda,Electrónica,Audífonos Bluetooth,3,722.83,0.05,382.25,Nuevo,Efectivo,False,3,2168.49,108.42,2060.07,1146.75,913.32,44.33,False
ORD-003103,2025-02-17,ZAP-01,Occidente,Tienda,Hogar,Cafetera programable,6,1449.21,0.1,865.63,Nuevo,Tarjeta,False,4,8695.26,869.53,7825.73,5193.78,2631.95,33.63,True
ORD-003229,2025-02-17,CAN-01,Sureste,Tienda,Electrónica,Teclado mecánico,1,1210.82,0.0,724.29,Nuevo,Tarjeta,False,4,1210.82,0.0,1210.82,724.29,486.53,40.18,False
ORD-000230,2025-02-18,MTY-01,Norte,Tienda,Deportes,Tapete de yoga,2,397.26,0.05,162.58,Nuevo,Tarjeta,False,5,794.52,39.73,754.79,325.16,429.63,56.92,False
ORD-000621,2025-02-18,GDL-01,Occidente,Tienda,Hogar,Cafetera programable,2,1467.34,0.1,853.73,Recurrente,Tarjeta,False,4,2934.68,293.47,2641.21,1707.46,933.75,35.35,False
ORD-001983,2025-02-18,VER-01,Golfo,Tienda,Hogar,Juego de sábanas,4,649.82,0.05,312.01,Recurrente,Efectivo,False,2,2599.28,129.96,2469.32,1248.04,1221.28,49.46,False
ORD-002769,2025-02-18,VER-01,Golfo,Online,Deportes,Tapete de yoga,4,403.14,0.15,161.36,Recurrente,Tarjeta,False,3,1612.56,241.88,1370.68,645.44,725.24,52.91,False
ORD-003418,2025-02-18,PUE-01,Centro,Tienda,Oficina,Organizador de escritorio,2,290.5,0.1,104.51,Nuevo,Tarjeta,False,3,581.0,58.1,522.9,209.02,313.88,60.03,False
ORD-003476,2025-02-18,CDMX-02,Centro,Online,Hogar,Juego de sábanas,6,670.91,0.05,317.41,Nuevo,Tarjeta,False,3,4025.46,201.27,3824.19,1904.46,1919.73,50.2,False
ORD-003513,2025-02-18,GDL-02,Occidente,Online,Deportes,Mancuernas 10 kg,1,963.1,0.2,534.3,Recurrente,Tarjeta,False,5,963.1,192.62,770.48,534.3,236.18,30.65,False
ORD-000858,2025-02-19,MER-01,Sureste,Online,Electrónica,Monitor 24 pulgadas,2,3327.26,0.0,2361.5,Recurrente,Efectivo,False,5,6654.52,0.0,6654.52,4723.0,1931.52,29.03,True
ORD-000989,2025-02-19,GDL-01,Occidente,Tienda,Electrónica,Teclado mecánico,1,1191.75,0.1,718.57,Recurrente,Tarjeta,False,5,1191.75,119.18,1072.57,718.57,354.0,33.0,False
ORD-001185,2025-02-19,ZAP-01,Occidente,Tienda,Hogar,Cafetera programable,4,1531.2,0.1,843.13,Recurrente,Tarjeta,False,4,6124.8,612.48,5512.32,3372.52,2139.8,38.82,False
ORD-001494,2025-02-19,ZAP-01,Occidente,Tienda,Oficina,Lámpara LED,1,537.91,0.05,236.28,Recurrente,Efectivo,False,5,537.91,26.9,511.01,236.28,274.73,53.76,False
ORD-001621,2025-02-19,CHH-01,Norte,Tienda,Electrónica,Audífonos Bluetooth,5,731.41,0.3,362.87,Recurrente,Tarjeta,False,5,3657.05,1097.12,2559.93,1814.35,745.58,29.13,False
ORD-001884,2025-02-19,GDL-01,Occidente,Tienda,Hogar,Licuadora,3,1013.12,0.1,567.69,Recurrente,Tarjeta,False,4,3039.36,303.94,2735.42,1703.07,1032.35,37.74,False
ORD-001930,2025-02-19,CAN-01,Sureste,Tienda,Electrónica,Monitor 24 pulgadas,2,3173.44,0.1,2295.98,Recurrente,Tarjeta,False,5,6346.88,634.69,5712.19,4591.96,1120.23,19.61,False
ORD-001933,2025-02-19,GDL-02,Occidente,Tienda,Hogar,Licuadora,1,1030.8,0.0,544.13,Nuevo,Tarjeta,False,2,1030.8,0.0,1030.8,544.13,486.67,47.21,False
ORD-001951,2025-02-19,VER-01,Golfo,Tienda,Oficina,Lámpara LED,1,532.38,0.15,244.09,Nuevo,Tarjeta,False,4,532.38,79.86,452.52,244.09,208.43,46.06,False
ORD-002263,2025-02-19,CDMX-02,Centro,Tienda,Oficina,Organizador de escritorio,6,294.4,0.0,103.55,Recurrente,Tarjeta,False,5,1766.4,0.0,1766.4,621.3,1145.1,64.83,False
ORD-002576,2025-02-19,PUE-01,Centro,Tienda,Hogar,Licuadora,6,964.19,0.05,566.01,Recurrente,Efectivo,False,4,5785.14,289.26,5495.88,3396.06,2099.82,38.21,False
ORD-003007,2025-02-19,MTY-01,Norte,Tienda,Hogar,Juego de sábanas,3,665.21,0.2,309.26,Nuevo,Tarjeta,False,1,1995.63,399.13,1596.5,927.78,668.72,41.89,False
ORD-003258,2025-02-19,CHH-01,Norte,Tienda,Electrónica,Teclado mecánico,3,1173.79,0.0,712.64,Recurrente,Tarjeta,False,5,3521.37,0.0,3521.37,2137.92,1383.45,39.29,False
ORD-003477,2025-02-19,CAN-01,Sureste,Online,Oficina,Lámpara LED,1,538.11,0.05,242.69,Recurrente,Tarjeta,False,3,538.11,26.91,511.2,242.69,268.51,52.53,False
ORD-003504,2025-02-19,GDL-02,Occidente,Online,Deportes,Tapete de yoga,1,389.17,0.1,159.72,Nuevo,Efectivo,False,5,389.17,38.92,350.25,159.72,190.53,54.4,False
ORD-000266,2025-02-20,GDL-02,Occidente,Tienda,Hogar,Licuadora,2,1016.22,0.0,558.72,Recurrente,Tarjeta,False,3,2032.44,0.0,2032.44,1117.44,915.0,45.02,False
ORD-000473,2025-02-20,CDMX-02,Centro,Tienda,Deportes,Mancuernas 10 kg,1,914.41,0.2,515.05,Nuevo,Efectivo,False,3,914.41,182.88,731.53,515.05,216.48,29.59,False
ORD-000512,2025-02-20,MTY-01,Norte,Online,Deportes,Mochila deportiva,2,751.77,0.2,339.16,Recurrente,Efectivo,False,5,1503.54,300.71,1202.83,678.32,524.51,43.61,False
ORD-001011,2025-02-20,MTY-01,Norte,Online,Deportes,Tapete de yoga,4,391.5,0.0,156.74,Recurrente,Tarjeta,False,4,1566.0,0.0,1566.0,626.96,939.04,59.96,False
ORD-001586,2025-02-20,ZAP-01,Occidente,Tienda,Deportes,Tapete de yoga,1,392.79,0.3,156.09,Nuevo,Tarjeta,False,4,392.79,117.84,274.95,156.09,118.86,43.23,False
ORD-001808,2025-02-20,GDL-01,Occidente,Online,Oficina,Silla ergonómica,1,3007.07,0.1,1828.28,Recurrente,Transferencia,False,4,3007.07,300.71,2706.36,1828.28,878.08,32.45,False
ORD-002460,2025-02-20,CHH-01,Norte,Online,Oficina,Organizador de escritorio,3,280.23,0.0,107.64,Recurrente,Tarjeta,False,3,840.69,0.0,840.69,322.92,517.77,61.59,False
ORD-003029,2025-02-20,MTY-01,Norte,Tienda,Hogar,Cafetera programable,2,1451.22,0.0,869.01,Recurrente,Transferencia,False,4,2902.44,0.0,2902.44,1738.02,1164.42,40.12,False
ORD-003502,2025-02-20,MTY-02,Norte,Online,Electrónica,Audífonos Bluetooth,2,730.85,0.2,386.0,Recurrente,Efectivo,False,4,1461.7,292.34,1169.36,772.0,397.36,33.98,False
ORD-001220,2025-02-21,CHH-01,Norte,Tienda,Deportes,Mochila deportiva,3,752.45,0.1,331.7,Recurrente,Tarjeta,False,4,2257.35,225.74,2031.61,995.1,1036.51,51.02,False
ORD-001990,2025-02-21,PUE-01,Centro,Tienda,Oficina,Organizador de escritorio,6,287.82,0.3,105.62,Empresa,Tarjeta,False,3,1726.92,518.08,1208.84,633.72,575.12,47.58,False
ORD-002288,2025-02-21,PUE-01,Centro,Tienda,Hogar,Juego de sábanas,1,659.42,0.15,306.54,Recurrente,Tarjeta,False,4,659.42,98.91,560.51,306.54,253.97,45.31,False
ORD-003369,2025-02-21,PUE-01,Centro,Online,Electrónica,Monitor 24 pulgadas,1,3210.91,0.05,2393.32,Empresa,Efectivo,False,5,3210.91,160.55,3050.36,2393.32,657.04,21.54,False
ORD-003383,2025-02-21,MTY-01,Norte,Tienda,Electrónica,Audífonos Bluetooth,1,692.75,0.2,389.04,Recurrente,Tarjeta,False,4,692.75,138.55,554.2,389.04,165.16,29.8,False
ORD-000170,2025-02-22,MTY-01,Norte,Tienda,Electrónica,Monitor 24 pulgadas,2,3245.19,0.1,2291.09,Nuevo,Tarjeta,False,4,6490.38,649.04,5841.34,4582.18,1259.16,21.56,False
ORD-000231,2025-02-22,PUE-01,Centro,Tienda,Electrónica,Audífonos Bluetooth,1,694.62,0.1,382.41,Nuevo,Tarjeta,False,4,694.62,69.46,625.16,382.41,242.75,38.83,False
ORD-000394,2025-02-22,GDL-02,Occidente,Online,Deportes,Mochila deportiva,3,784.17,0.1,333.71,Nuevo,Efectivo,True,4,2352.51,235.25,2117.26,1001.13,1116.13,52.72,False
ORD-000449,2025-02-22,MER-01,Sureste,Online,Deportes,Mochila deportiva,1,721.86,0.15,350.15,Recurrente,Transferencia,False,5,721.86,108.28,613.58,350.15,263.43,42.93,False
ORD-000529,2025-02-22,MER-01,Sureste,Tienda,Deportes,Mancuernas 10 kg,1,843.58,0.1,523.12,Nuevo,Tarjeta,False,4,843.58,84.36,759.22,523.12,236.1,31.1,False
ORD-000628,2025-02-22,GDL-01,Occidente,Tienda,Hogar,Juego de sábanas,5,642.8,0.0,308.61,Recurrente,Tarjeta,False,5,3214.0,0.0,3214.0,1543.05,1670.95,51.99,False
ORD-001520,2025-02-22,VER-01,Golfo,Tienda,Hogar,Juego de sábanas,2,650.25,0.0,310.91,Nuevo,Tarjeta,False,1,1300.5,0.0,1300.5,621.82,678.68,52.19,False
ORD-001779,2025-02-22,MTY-01,Norte,Tienda,Hogar,Licuadora,3,990.66,0.0,561.19,Nuevo,Transferencia,False,4,2971.98,0.0,2971.98,1683.57,1288.41,43.35,False
ORD-002791,2025-02-22,MTY-02,Norte,Online,Deportes,Tapete de yoga,2,390.13,0.05,158.21,Recurrente,Tarjeta,False,3,780.26,39.01,741.25,316.42,424.83,57.31,False
ORD-003334,2025-02-22,MTY-01,Norte,Tienda,Hogar,Licuadora,1,963.48,0.1,562.11,Nuevo,Tarjeta,False,4,963.48,96.35,867.13,562.11,305.02,35.18,False
ORD-000125,2025-02-23,MTY-02,Norte,Online,Oficina,Lámpara LED,3,560.54,0.1,240.61,Recurrente,Tarjeta,False,3,1681.62,168.16,1513.46,721.83,791.63,52.31,False
ORD-000378,2025-02-23,VER-01,Golfo,Online,Deportes,Tapete de yoga,3,409.69,0.1,158.79,Recurrente,Efectivo,False,5,1229.07,122.91,1106.16,476.37,629.79,56.93,False
ORD-000983,2025-02-23,MER-01,Sureste,Online,Deportes,Tapete de yoga,2,411.67,0.2,161.2,Empresa,Tarjeta,False,3,823.34,164.67,658.67,322.4,336.27,51.05,False
ORD-001623,2025-02-23,GDL-02,Occidente,Tienda,Oficina,Silla ergonómica,3,2989.57,0.1,1813.06,Nuevo,Transferencia,False,4,8968.71,896.87,8071.84,5439.18,2632.66,32.62,True
ORD-002003,2025-02-23,PUE-01,Centro,Tienda,Electrónica,Audífonos Bluetooth,1,702.35,0.0,386.4,Recurrente,Tarjeta,False,4,702.35,0.0,702.35,386.4,315.95,44.98,False
ORD-002262,2025-02-23,CDMX-02,Centro,Tienda,Electrónica,Monitor 24 pulgadas,2,3321.43,0.2,2346.85,Nuevo,Tarjeta,False,4,6642.86,1328.57,5314.29,4693.7,620.59,11.68,False
ORD-002744,2025-02-23,CHH-01,Norte,Online,Deportes,Mancuernas 10 kg,2,892.83,0.0,516.2,Recurrente,Tarjeta,False,3,1785.66,0.0,1785.66,1032.4,753.26,42.18,False
ORD-002960,2025-02-23,ZAP-01,Occidente,Tienda,Deportes,Mancuernas 10 kg,2,849.73,0.15,513.52,Recurrente,Transferencia,False,5,1699.46,254.92,1444.54,1027.04,417.5,28.9,False
ORD-003039,2025-02-23,ZAP-01,Occidente,Tienda,Deportes,Mochila deportiva,1,760.03,0.0,341.36,Nuevo,Tarjeta,False,3,760.03,0.0,760.03,341.36,418.67,55.09,False
ORD-003095,2025-02-23,GDL-02,Occidente,Tienda,Hogar,Juego de sábanas,2,657.62,0.3,309.11,Recurrente,Tarjeta,False,4,1315.24,394.57,920.67,618.22,302.45,32.85,False
ORD-000007,2025-02-24,GDL-01,Occidente,Tienda,Deportes,Mochila deportiva,2,747.48,0.0,343.59,Nuevo,Tarjeta,False,4,1494.96,0.0,1494.96,687.18,807.78,54.03,False
ORD-000092,2025-02-24,CHH-01,Norte,Tienda,Oficina,Organizador de escritorio,3,287.36,0.0,102.1,Recurrente,Tarjeta,False,5,862.08,0.0,862.08,306.3,555.78,64.47,False
ORD-000359,2025-02-24,MTY-01,Norte,Online,Oficina,Lámpara LED,4,542.5,0.1,239.69,Empresa,Efectivo,False,2,2170.0,217.0,1953.0,958.76,994.24,50.91,False
ORD-000496,2025-02-24,MTY-02,Norte,Tienda,Oficina,Organizador de escritorio,1,275.22,0.1,105.88,Recurrente,Tarjeta,False,4,275.22,27.52,247.7,105.88,141.82,57.25,False
ORD-000531,2025-02-24,CHH-01,Norte,Online,Deportes,Tapete de yoga,2,393.27,0.05,160.83,Recurrente,Tarjeta,True,5,786.54,39.33,747.21,321.66,425.55,56.95,False
ORD-000943,2025-02-24,MER-01,Sureste,Online,Oficina,Silla ergonómica,1,2909.35,0.1,1812.88,Recurrente,Efectivo,False,2,2909.35,290.94,2618.41,1812.88,805.53,30.76,False
ORD-001401,2025-02-24,CDMX-02,Centro,Online,Electrónica,Monitor 24 pulgadas,1,3242.05,0.15,2371.32,Nuevo,Tarjeta,True,3,3242.05,486.31,2755.74,2371.32,384.42,13.95,False
ORD-001539,2025-02-24,ZAP-01,Occidente,Online,Hogar,Juego de sábanas,4,625.64,0.05,313.18,Recurrente,Efectivo,False,5,2502.56,125.13,2377.43,1252.72,1124.71,47.31,False
ORD-001607,2025-02-24,MTY-02,Norte,Tienda,Deportes,Mancuernas 10 kg,2,880.89,0.05,528.49,Recurrente,Tarjeta,False,3,1761.78,88.09,1673.69,1056.98,616.71,36.85,False
ORD-002036,2025-02-24,MTY-02,Norte,Tienda,Deportes,Mancuernas 10 kg,1,904.1,0.0,530.98,Recurrente,Tarjeta,True,5,904.1,0.0,904.1,530.98,373.12,41.27,False
ORD-003168,2025-02-24,CHH-01,Norte,Tienda,Deportes,Mancuernas 10 kg,1,918.44,0.1,508.54,Recurrente,Transferencia,False,5,918.44,91.84,826.6,508.54,318.06,38.48,False
ORD-000767,2025-02-25,VER-01,Golfo,Tienda,Hogar,Juego de sábanas,4,632.43,0.0,308.85,Nuevo,Efectivo,False,5,2529.72,0.0,2529.72,1235.4,1294.32,51.16,False
ORD-001092,2025-02-25,GDL-01,Occidente,Tienda,Electrónica,Monitor 24 pulgadas,5,3280.45,0.2,2369.77,Recurrente,Tarjeta,False,5,16402.25,3280.45,13121.8,11848.85,1272.95,9.7,True
ORD-003329,2025-02-25,CDMX-01,Centro,Tienda,Hogar,Juego de sábanas,2,689.28,0.2,317.1,Recurrente,Tarjeta,False,5,1378.56,275.71,1102.85,634.2,468.65,42.49,False
ORD-000068,2025-02-26,GDL-02,Occidente,Tienda,Oficina,Lámpara LED,1,540.97,0.0,237.72,Empresa,Efectivo,False,4,540.97,0.0,540.97,237.72,303.25,56.06,False
ORD-000110,2025-02-26,GDL-02,Occidente,Online,Oficina,Lámpara LED,3,517.11,0.2,233.56,Recurrente,Efectivo,False,4,1551.33,310.27,1241.06,700.68,540.38,43.54,False
ORD-000121,2025-02-26,PUE-01,Centro,Tienda,Deportes,Mochila deportiva,3,734.84,0.05,327.84,Recurrente,Efectivo,False,4,2204.52,110.23,2094.29,983.52,1110.77,53.04,False
ORD-000203,2025-02-26,MTY-01,Norte,Tienda,Deportes,Tapete de yoga,2,400.81,0.1,158.23,Nuevo,Tarjeta,False,4,801.62,80.16,721.46,316.46,405.0,56.14,False
ORD-000245,2025-02-26,MTY-01,Norte,Online,Hogar,Cafetera programable,2,1518.29,0.0,864.17,Nuevo,Tarjeta,False,4,3036.58,0.0,3036.58,1728.34,1308.24,43.08,False
ORD-000256,2025-02-26,CDMX-02,Centro,Tienda,Deportes,Mancuernas 10 kg,1,882.59,0.0,529.09,Recurrente,Efectivo,False,3,882.59,0.0,882.59,529.09,353.5,40.05,False
ORD-000356,2025-02-26,CAN-01,Sureste,Tienda,Oficina,Organizador de escritorio,1,294.95,0.0,104.35,Nuevo,Tarjeta,False,5,294.95,0.0,294.95,104.35,190.6,64.62,False
ORD-000811,2025-02-26,CDMX-01,Centro,Tienda,Oficina,Lámpara LED,1,542.0,0.0,237.39,Nuevo,Efectivo,False,3,542.0,0.0,542.0,237.39,304.61,56.2,False
ORD-000864,2025-02-26,GDL-01,Occidente,Tienda,Hogar,Juego de sábanas,3,661.26,0.1,305.94,Recurrente,Tarjeta,False,2,1983.78,198.38,1785.4,917.82,867.58,48.59,False
ORD-001292,2025-02-26,PUE-01,Centro,Tienda,Deportes,Mochila deportiva,4,757.33,0.2,346.32,Nuevo,Tarjeta,False,4,3029.32,605.86,2423.46,1385.28,1038.18,42.84,False
ORD-001787,2025-02-26,MTY-01,Norte,Tienda,Oficina,Silla ergonómica,1,2932.57,0.15,1811.35,Recurrente,Tarjeta,False,4,2932.57,439.89,2492.68,1811.35,681.33,27.33,False
ORD-002073,2025-02-26,GDL-02,Occidente,Tienda,Oficina,Lámpara LED,1,553.47,0.15,235.55,Empresa,Tarjeta,True,3,553.47,83.02,470.45,235.55,234.9,49.93,False
ORD-002448,2025-02-26,MTY-02,Norte,Tienda,Oficina,Organizador de escritorio,1,292.06,0.05,102.11,Recurrente,Tarjeta,False,5,292.06,14.6,277.46,102.11,175.35,63.2,False
ORD-002543,2025-02-26,MER-01,Sureste,Online,Oficina,Organizador de escritorio,1,283.82,0.15,102.87,Nuevo,Tarjeta,False,3,283.82,42.57,241.25,102.87,138.38,57.36,False
ORD-002789,2025-02-26,ZAP-01,Occidente,Online,Deportes,Tapete de yoga,3,402.58,0.0,157.86,Recurrente,Tarjeta,False,4,1207.74,0.0,1207.74,473.58,734.16,60.79,False
ORD-000113,2025-02-27,CHH-01,Norte,Tienda,Oficina,Organizador de escritorio,3,284.34,0.1,105.34,Recurrente,Tarjeta,False,4,853.02,85.3,767.72,316.02,451.7,58.84,False
ORD-000445,2025-02-27,VER-01,Golfo,Online,Hogar,Cafetera programable,1,1520.2,0.15,882.51,Nuevo,Tarjeta,False,4,1520.2,228.03,1292.17,882.51,409.66,31.7,False
ORD-000895,2025-02-27,CDMX-02,Centro,Tienda,Hogar,Licuadora,2,1004.53,0.0,563.5,Nuevo,Efectivo,False,3,2009.06,0.0,2009.06,1127.0,882.06,43.9,False
ORD-001042,2025-02-27,CHH-01,Norte,Tienda,Oficina,Organizador de escritorio,2,293.61,0.0,104.33,Nuevo,Efectivo,False,5,587.22,0.0,587.22,208.66,378.56,64.47,False
ORD-001439,2025-02-27,PUE-01,Centro,Online,Hogar,Cafetera programable,2,1553.85,0.1,891.84,Recurrente,Tarjeta,False,1,3107.7,310.77,2796.93,1783.68,1013.25,36.23,False
ORD-001731,2025-02-27,CDMX-02,Centro,Online,Oficina,Lámpara LED,4,540.89,0.15,245.5,Recurrente,Tarjeta,False,3,2163.56,324.53,1839.03,982.0,857.03,46.6,False
ORD-002123,2025-02-27,ZAP-01,Occidente,Tienda,Oficina,Lámpara LED,1,562.52,0.15,236.93,Nuevo,Efectivo,False,5,562.52,84.38,478.14,236.93,241.21,50.45,False
ORD-002135,2025-02-27,PUE-01,Centro,Tienda,Deportes,Mancuernas 10 kg,1,869.12,0.15,515.16,Nuevo,Efectivo,False,5,869.12,130.37,738.75,515.16,223.59,30.27,False
ORD-002616,2025-02-27,MTY-02,Norte,Online,Deportes,Mochila deportiva,4,745.8,0.0,334.64,Recurrente,Tarjeta,False,4,2983.2,0.0,2983.2,1338.56,1644.64,55.13,False
ORD-002881,2025-02-27,MTY-01,Norte,Tienda,Hogar,Cafetera programable,5,1514.03,0.3,873.26,Nuevo,Tarjeta,False,4,7570.15,2271.04,5299.11,4366.3,932.81,17.6,False
ORD-000032,2025-02-28,GDL-01,Occidente,Tienda,Electrónica,Monitor 24 pulgadas,3,3458.26,0.2,2265.38,Recurrente,Efectivo,False,5,10374.78,2074.96,8299.82,6796.14,1503.68,18.12,True
ORD-000072,2025-02-28,GDL-02,Occidente,Tienda,Deportes,Tapete de yoga,2,409.4,0.3,161.47,Nuevo,Tarjeta,False,4,818.8,245.64,573.16,322.94,250.22,43.66,False
ORD-000213,2025-02-28,ZAP-01,Occidente,Tienda,Oficina,Silla ergonómica,3,3048.96,0.0,1851.64,Nuevo,Efectivo,False,4,9146.88,0.0,9146.88,5554.92,3591.96,39.27,True
ORD-000561,2025-02-28,GDL-01,Occidente,Tienda,Deportes,Tapete de yoga,1,398.27,0.15,157.51,Recurrente,Tarjeta,False,3,398.27,59.74,338.53,157.51,181.02,53.47,False
ORD-000890,2025-02-28,CDMX-02,Centro,Online,Deportes,Mochila deportiva,5,757.29,0.0,344.29,Nuevo,Efectivo,False,5,3786.45,0.0,3786.45,1721.45,2065.0,54.54,False
ORD-000962,2025-02-28,CAN-01,Sureste,Online,Electrónica,Audífonos Bluetooth,1,693.16,0.05,376.16,Recurrente,Tarjeta,False,4,693.16,34.66,658.5,376.16,282.34,42.88,False
ORD-001277,2025-02-28,MTY-02,Norte,Online,Deportes,Mochila deportiva,2,787.1,0.15,340.99,Empresa,Tarjeta,False,5,1574.2,236.13,1338.07,681.98,656.09,49.03,False
ORD-001370,2025-02-28,CAN-01,Sureste,Tienda,Hogar,Cafetera programable,3,1514.94,0.0,854.89,Nuevo,Tarjeta,False,4,4544.82,0.0,4544.82,2564.67,1980.15,43.57,False
ORD-001562,2025-02-28,GDL-01,Occidente,Tienda,Hogar,Juego de sábanas,3,663.0,0.05,301.56,Nuevo,Tarjeta,False,5,1989.0,99.45,1889.55,904.68,984.87,52.12,False
ORD-001817,2025-02-28,CHH-01,Norte,Tienda,Oficina,Organizador de escritorio,1,297.21,0.2,103.15,Nuevo,Tarjeta,False,4,297.21,59.44,237.77,103.15,134.62,56.62,False
ORD-002055,2025-02-28,MTY-02,Norte,Tienda,Hogar,Licuadora,3,1046.6,0.0,567.3,Nuevo,Tarjeta,False,4,3139.8,0.0,3139.8,1701.9,1437.9,45.8,False
ORD-002469,2025-02-28,MTY-01,Norte,Online,Oficina,Silla ergonómica,1,3004.27,0.3,1833.63,Recurrente,Tarjeta,False,4,3004.27,901.28,2102.99,1833.63,269.36,12.81,False
ORD-003144,2025-02-28,CDMX-01,Centro,Online,Hogar,Cafetera programable,1,1433.94,0.5,856.64,Recurrente,Tarjeta,False,4,1433.94,716.97,716.97,856.64,-139.67,-19.48,False
ORD-000093,2025-03-01,CDMX-01,Centro,Tienda,Hogar,Cafetera programable,3,1484.77,0.0,858.65,Recurrente,Tarjeta,False,5,4454.31,0.0,4454.31,2575.95,1878.36,42.17,False
ORD-000100,2025-03-01,CDMX-01,Centro,Online,Hogar,Licuadora,1,963.85,0.5,555.18,Recurrente,Tarjeta,False,5,963.85,481.92,481.93,555.18,-73.25,-15.2,False
ORD-000467,2025-03-01,MER-01,Sureste,Tienda,Oficina,Lámpara LED,1,546.6,0.0,236.53,Recurrente,Tarjeta,False,4,546.6,0.0,546.6,236.53,310.07,56.73,False
ORD-000705,2025-03-01,MER-01,Sureste,Online,Deportes,Mochila deportiva,6,761.0,0.0,347.4,Nuevo,Efectivo,False,5,4566.0,0.0,4566.0,2084.4,2481.6,54.35,False
ORD-001341,2025-03-01,VER-01,Golfo,Tienda,Deportes,Tapete de yoga,1,389.22,0.05,161.59,Recurrente,Transferencia,False,2,389.22,19.46,369.76,161.59,208.17,56.3,False
ORD-001369,2025-03-01,MTY-01,Norte,Tienda,Deportes,Mancuernas 10 kg,1,900.72,0.05,518.38,Nuevo,Efectivo,False,2,900.72,45.04,855.68,518.38,337.3,39.42,False
ORD-001538,2025-03-01,CHH-01,Norte,Tienda,Electrónica,Teclado mecánico,1,1229.5,0.1,691.59,Empresa,Tarjeta,False,4,1229.5,122.95,1106.55,691.59,414.96,37.5,False
ORD-001542,2025-03-01,CHH-01,Norte,Online,Deportes,Mancuernas 10 kg,1,919.9,0.2,524.02,Recurrente,Transferencia,False,5,919.9,183.98,735.92,524.02,211.9,28.79,False
ORD-002413,2025-03-01,CAN-01,Sureste,Tienda,Electrónica,Monitor 24 pulgadas,2,3326.69,0.3,2333.12,Recurrente,Tarjeta,True,4,6653.38,1996.01,4657.37,4666.24,-8.87,-0.19,False
ORD-003078,2025-03-01,MTY-02,Norte,Tienda,Deportes,Tapete de yoga,3,413.85,0.05,160.92,Nuevo,Tarjeta,False,5,1241.55,62.08,1179.47,482.76,696.71,59.07,False
ORD-003162,2025-03-01,CDMX-02,Centro,Tienda,Hogar,Juego de sábanas,2,614.18,0.05,308.39,Recurrente,Tarjeta,False,4,1228.36,61.42,1166.94,616.78,550.16,47.15,False
ORD-000040,2025-03-02,CHH-01,Norte,Tienda,Hogar,Juego de sábanas,1,647.73,0.3,301.32,Recurrente,Tarjeta,False,4,647.73,194.32,453.41,301.32,152.09,33.54,False
ORD-000169,2025-03-02,MER-01,Sureste,Online,Oficina,Silla ergonómica,4,2846.04,0.2,1813.0,Recurrente,Efectivo,False,4,11384.16,2276.83,9107.33,7252.0,1855.33,20.37,True
ORD-000218,2025-03-02,VER-01,Golfo,Online,Oficina,Organizador de escritorio,2,292.81,0.1,105.73,Recurrente,Transferencia,True,4,585.62,58.56,527.06,211.46,315.6,59.88,False
ORD-000304,2025-03-02,MTY-01,Norte,Tienda,Hogar,Cafetera programable,1,1539.45,0.05,872.3,Nuevo,Tarjeta,False,4,1539.45,76.97,1462.48,872.3,590.18,40.35,False
ORD-001889,2025-03-02,VER-01,Golfo,Tienda,Deportes,Mancuernas 10 kg,1,896.18,0.0,508.2,Recurrente,Tarjeta,False,5,896.18,0.0,896.18,508.2,387.98,43.29,False
ORD-002212,2025-03-02,PUE-01,Centro,Online,Oficina,Silla ergonómica,2,2815.9,0.0,1829.25,Recurrente,Tarjeta,False,3,5631.8,0.0,5631.8,3658.5,1973.3,35.04,False
ORD-000671,2025-03-03,MTY-01,Norte,Online,Oficina,Organizador de escritorio,5,287.48,0.0,104.1,Recurrente,Efectivo,False,5,1437.4,0.0,1437.4,520.5,916.9,63.79,False
ORD-001418,2025-03-03,CHH-01,Norte,Tienda,Electrónica,Monitor 24 pulgadas,1,3403.71,0.2,2353.27,Empresa,Efectivo,False,5,3403.71,680.74,2722.97,2353.27,369.7,13.58,False
ORD-001914,2025-03-03,ZAP-01,Occidente,Tienda,Electrónica,Teclado mecánico,3,1190.16,0.15,717.81,Recurrente,Efectivo,False,4,3570.48,535.57,3034.91,2153.43,881.48,29.04,False
ORD-002014,2025-03-03,CHH-01,Norte,Tienda,Deportes,Mancuernas 10 kg,4,907.47,0.3,509.55,Nuevo,Tarjeta,False,1,3629.88,1088.96,2540.92,2038.2,502.72,19.78,False
ORD-002099,2025-03-03,CAN-01,Sureste,Tienda,Electrónica,Audífonos Bluetooth,2,721.17,0.1,390.34,Recurrente,Tarjeta,False,5,1442.34,144.23,1298.11,780.68,517.43,39.86,False
ORD-001068,2025-03-04,CAN-01,Sureste,Tienda,Oficina,Lámpara LED,3,551.14,0.0,244.81,Recurrente,Tarjeta,False,5,1653.42,0.0,1653.42,734.43,918.99,55.58,False
ORD-001332,2025-03-04,CDMX-01,Centro,Online,Oficina,Organizador de escritorio,4,293.42,0.2,104.73,Nuevo,Tarjeta,False,3,1173.68,234.74,938.94,418.92,520.02,55.38,False
ORD-002169,2025-03-04,CAN-01,Sureste,Tienda,Electrónica,Audífonos Bluetooth,2,708.54,0.15,388.46,Recurrente,Transferencia,False,4,1417.08,212.56,1204.52,776.92,427.6,35.5,False
ORD-002305,2025-03-04,GDL-02,Occidente,Tienda,Electrónica,Teclado mecánico,4,1238.52,0.05,703.22,Nuevo,Tarjeta,True,3,4954.08,247.7,4706.38,2812.88,1893.5,40.23,False
ORD-000362,2025-03-05,GDL-01,Occidente,Tienda,Hogar,Cafetera programable,2,1510.97,0.15,881.98,Nuevo,Tarjeta,False,4,3021.94,453.29,2568.65,1763.96,804.69,31.33,False
ORD-000494,2025-03-05,CDMX-01,Centro,Tienda,Hogar,Cafetera programable,4,1550.22,0.0,868.2,Nuevo,Tarjeta,False,1,6200.88,0.0,6200.88,3472.8,2728.08,44.0,True
ORD-000694,2025-03-05,PUE-01,Centro,Tienda,Oficina,Silla ergonómica,1,2828.1,0.0,1846.82,Recurrente,Efectivo,False,4,2828.1,0.0,2828.1,1846.82,981.28,34.7,False
ORD-000748,2025-03-05,MER-01,Sureste,Tienda,Electrónica,Teclado mecánico,3,1232.64,0.05,734.13,Nuevo,Efectivo,False,5,3697.92,184.9,3513.02,2202.39,1310.63,37.31,False
ORD-002180,2025-03-05,GDL-01,Occidente,Tienda,Deportes,Tapete de yoga,5,404.44,0.1,159.71,Empresa,Efectivo,False,5,2022.2,202.22,1819.98,798.55,1021.43,56.12,False
ORD-002399,2025-03-05,PUE-01,Centro,Tienda,Oficina,Organizador de escritorio,2,280.05,0.0,104.13,Nuevo,Transferencia,True,5,560.1,0.0,560.1,208.26,351.84,62.82,False
ORD-002551,2025-03-05,MTY-01,Norte,Tienda,Deportes,Tapete de yoga,1,410.5,0.05,158.88,Recurrente,Efectivo,False,5,410.5,20.52,389.98,158.88,231.1,59.26,False
ORD-002575,2025-03-05,MTY-01,Norte,Online,Electrónica,Monitor 24 pulgadas,2,3397.16,0.1,2401.25,Nuevo,Tarjeta,False,4,6794.32,679.43,6114.89,4802.5,1312.39,21.46,True
ORD-003122,2025-03-05,MTY-01,Norte,Tienda,Electrónica,Audífonos Bluetooth,1,714.7,0.05,388.75,Nuevo,Transferencia,False,5,714.7,35.74,678.96,388.75,290.21,42.74,False
ORD-000131,2025-03-06,CDMX-01,Centro,Tienda,Hogar,Cafetera programable,2,1531.62,0.15,862.17,Empresa,Tarjeta,False,3,3063.24,459.49,2603.75,1724.34,879.41,33.77,False
ORD-000368,2025-03-06,CHH-01,Norte,Tienda,Oficina,Organizador de escritorio,1,290.8,0.05,105.17,Recurrente,Efectivo,False,4,290.8,14.54,276.26,105.17,171.09,61.93,False
ORD-001307,2025-03-06,MER-01,Sureste,Online,Electrónica,Monitor 24 pulgadas,1,3420.92,0.05,2304.61,Recurrente,Tarjeta,False,3,3420.92,171.05,3249.87,2304.61,945.26,29.09,False
ORD-001477,2025-03-06,ZAP-01,Occidente,Tienda,Deportes,Mancuernas 10 kg,3,908.63,0.2,528.59,Nuevo,Tarjeta,False,5,2725.89,545.18,2180.71,1585.77,594.94,27.28,False
ORD-001532,2025-03-06,PUE-01,Centro,Tienda,Electrónica,Teclado mecánico,2,1208.27,0.1,719.9,Recurrente,Tarjeta,False,4,2416.54,241.65,2174.89,1439.8,735.09,33.8,False
ORD-001535,2025-03-06,GDL-02,Occidente,Tienda,Electrónica,Teclado mecánico,2,1193.66,0.2,702.32,Empresa,Tarjeta,False,5,2387.32,477.46,1909.86,1404.64,505.22,26.45,False
ORD-001612,2025-03-06,CDMX-01,Centro,Tienda,Hogar,Licuadora,1,965.25,0.15,559.53,Recurrente,Tarjeta,False,4,965.25,144.79,820.46,559.53,260.93,31.8,False
ORD-001664,2025-03-06,CDMX-02,Centro,Online,Electrónica,Monitor 24 pulgadas,2,3360.29,0.0,2339.65,Empresa,Efectivo,False,3,6720.58,0.0,6720.58,4679.3,2041.28,30.37,True
ORD-001844,2025-03-06,MTY-02,Norte,Tienda,Oficina,Organizador de escritorio,2,279.56,0.0,104.57,Recurrente,Tarjeta,False,2,559.12,0.0,559.12,209.14,349.98,62.59,False
ORD-002033,2025-03-06,CHH-01,Norte,Online,Hogar,Cafetera programable,2,1492.81,0.0,858.05,Recurrente,Tarjeta,False,5,2985.62,0.0,2985.62,1716.1,1269.52,42.52,False
ORD-002203,2025-03-06,CHH-01,Norte,Online,Deportes,Mancuernas 10 kg,3,891.78,0.15,516.62,Recurrente,Tarjeta,True,5,2675.34,401.3,2274.04,1549.86,724.18,31.85,False
ORD-002822,2025-03-06,MER-01,Sureste,Tienda,Oficina,Organizador de escritorio,1,286.97,0.0,107.03,Recurrente,Tarjeta,False,5,286.97,0.0,286.97,107.03,179.94,62.7,False
ORD-002944,2025-03-06,CAN-01,Sureste,Tienda,Electrónica,Monitor 24 pulgadas,2,3352.25,0.1,2381.57,Nuevo,Tarjeta,False,1,6704.5,670.45,6034.05,4763.14,1270.91,21.06,False
ORD-002970,2025-03-06,CHH-01,Norte,Tienda,Electrónica,Monitor 24 pulgadas,3,3435.74,0.1,2371.44,Recurrente,Tarjeta,False,5,10307.22,1030.72,9276.5,7114.32,2162.18,23.31,True
ORD-003199,2025-03-06,CHH-01,Norte,Tienda,Electrónica,Teclado mecánico,1,1204.77,0.0,709.82,Recurrente,Efectivo,True,4,1204.77,0.0,1204.77,709.82,494.95,41.08,False
ORD-000111,2025-03-07,ZAP-01,Occidente,Tienda,Deportes,Mancuernas 10 kg,1,918.7,0.3,519.01,Recurrente,Tarjeta,False,4,918.7,275.61,643.09,519.01,124.08,19.29,False
ORD-000124,2025-03-07,MTY-02,Norte,Tienda,Deportes,Mancuernas 10 kg,1,926.75,0.2,514.82,Nuevo,Tarjeta,True,4,926.75,185.35,741.4,514.82,226.58,30.56,False
ORD-000487,2025-03-07,ZAP-01,Occidente,Tienda,Electrónica,Teclado mecánico,3,1197.17,0.0,727.81,Recurrente,Tarjeta,False,5,3591.51,0.0,3591.51,2183.43,1408.08,39.21,False
ORD-000773,2025-03-07,GDL-02,Occidente,Tienda,Deportes,Tapete de yoga,1,395.47,0.05,156.14,Nuevo,Efectivo,False,3,395.47,19.77,375.7,156.14,219.56,58.44,False
ORD-001546,2025-03-07,MTY-02,Norte,Tienda,Deportes,Tapete de yoga,1,402.37,0.05,161.65,Empresa,Tarjeta,False,5,402.37,20.12,382.25,161.65,220.6,57.71,False
ORD-001950,2025-03-07,CDMX-02,Centro,Tienda,Deportes,Mancuernas 10 kg,2,930.42,0.2,518.19,Recurrente,Tarjeta,False,4,1860.84,372.17,1488.67,1036.38,452.29,30.38,False
ORD-002224,2025-03-07,ZAP-01,Occidente,Online,Hogar,Juego de sábanas,2,643.66,0.15,303.85,Nuevo,Tarjeta,False,4,1287.32,193.1,1094.22,607.7,486.52,44.46,False
ORD-002848,2025-03-07,GDL-02,Occidente,Tienda,Oficina,Organizador de escritorio,4,296.0,0.1,107.28,Recurrente,Tarjeta,False,2,1184.0,118.4,1065.6,429.12,636.48,59.73,False
ORD-003013,2025-03-07,CDMX-02,Centro,Tienda,Electrónica,Audífonos Bluetooth,1,688.85,0.1,376.47,Recurrente,Efectivo,False,5,688.85,68.89,619.96,376.47,243.49,39.28,False
ORD-003191,2025-03-07,CDMX-01,Centro,Tienda,Electrónica,Teclado mecánico,2,1167.27,0.1,692.06,Nuevo,Tarjeta,False,4,2334.54,233.45,2101.09,1384.12,716.97,34.12,False
ORD-003387,2025-03-07,GDL-01,Occidente,Tienda,Deportes,Mochila deportiva,1,753.55,0.05,340.18,Nuevo,Tarjeta,False,3,753.55,37.68,715.87,340.18,375.69,52.48,False
ORD-003516,2025-03-07,MER-01,Sureste,Online,Hogar,Licuadora,2,1004.08,0.05,555.76,Recurrente,Tarjeta,False,4,2008.16,100.41,1907.75,1111.52,796.23,41.74,False
ORD-000374,2025-03-08,GDL-02,Occidente,Online,Hogar,Juego de sábanas,2,641.84,0.1,306.67,Nuevo,Efectivo,False,5,1283.68,128.37,1155.31,613.34,541.97,46.91,False
ORD-000439,2025-03-08,GDL-02,Occidente,Tienda,Oficina,Organizador de escritorio,3,294.26,0.05,107.82,Recurrente,Efectivo,False,3,882.78,44.14,838.64,323.46,515.18,61.43,False
ORD-001267,2025-03-08,ZAP-01,Occidente,Tienda,Electrónica,Audífonos Bluetooth,1,731.8,0.0,380.65,Recurrente,Tarjeta,False,4,731.8,0.0,731.8,380.65,351.15,47.98,False
ORD-001272,2025-03-08,CHH-01,Norte,Tienda,Hogar,Juego de sábanas,3,655.74,0.2,306.97,Recurrente,Tarjeta,False,3,1967.22,393.44,1573.78,920.91,652.87,41.48,False
ORD-001711,2025-03-08,PUE-01,Centro,Tienda,Hogar,Cafetera programable,2,1506.75,0.1,863.41,Recurrente,Tarjeta,False,4,3013.5,301.35,2712.15,1726.82,985.33,36.33,False
ORD-001976,2025-03-08,PUE-01,Centro,Online,Hogar,Cafetera programable,2,1450.48,0.05,853.45,Recurrente,Efectivo,False,5,2900.96,145.05,2755.91,1706.9,1049.01,38.06,False
ORD-002870,2025-03-08,CHH-01,Norte,Tienda,Oficina,Lámpara LED,6,559.01,0.1,236.92,Nuevo,Efectivo,False,5,3354.06,335.41,3018.65,1421.52,1597.13,52.91,False
ORD-002949,2025-03-08,GDL-02,Occidente,Tienda,Hogar,Cafetera programable,1,1484.01,0.0,850.06,Recurrente,Tarjeta,False,3,1484.01,0.0,1484.01,850.06,633.95,42.72,False
ORD-002999,2025-03-08,VER-01,Golfo,Tienda,Deportes,Mancuernas 10 kg,1,910.05,0.2,520.74,Nuevo,Transferencia,False,5,910.05,182.01,728.04,520.74,207.3,28.47,False
ORD-003056,2025-03-08,CDMX-01,Centro,Tienda,Deportes,Mochila deportiva,1,746.05,0.0,326.7,Recurrente,Tarjeta,False,4,746.05,0.0,746.05,326.7,419.35,56.21,False
ORD-000096,2025-03-09,MTY-02,Norte,Tienda,Deportes,Mancuernas 10 kg,2,871.39,0.0,522.85,Recurrente,Tarjeta,False,4,1742.78,0.0,1742.78,1045.7,697.08,40.0,False
ORD-001722,2025-03-09,MER-01,Sureste,Tienda,Deportes,Tapete de yoga,5,401.18,0.0,158.09,Nuevo,Efectivo,False,2,2005.9,0.0,2005.9,790.45,1215.45,60.59,False
ORD-001977,2025-03-09,CAN-01,Sureste,Tienda,Hogar,Cafetera programable,2,1520.38,0.2,859.46,Recurrente,Tarjeta,False,5,3040.76,608.15,2432.61,1718.92,713.69,29.34,False
ORD-002047,2025-03-09,MTY-02,Norte,Tienda,Electrónica,Audífonos Bluetooth,1,717.6,0.0,382.25,Nuevo,Transferencia,False,3,717.6,0.0,717.6,382.25,335.35,46.73,False
ORD-002252,2025-03-09,MER-01,Sureste,Tienda,Deportes,Mochila deportiva,1,714.93,0.0,337.0,Recurrente,Efectivo,False,5,714.93,0.0,714.93,337.0,377.93,52.86,False
ORD-002677,2025-03-09,GDL-01,Occidente,Tienda,Oficina,Silla ergonómica,2,2934.89,0.15,1832.81,Nuevo,Transferencia,False,4,5869.78,880.47,4989.31,3665.62,1323.69,26.53,False
ORD-002759,2025-03-09,ZAP-01,Occidente,Online,Deportes,Mochila deportiva,4,758.57,0.1,333.42,Recurrente,Tarjeta,False,5,3034.28,303.43,2730.85,1333.68,1397.17,51.16,False
ORD-002803,2025-03-09,VER-01,Golfo,Tienda,Hogar,Juego de sábanas,2,646.55,0.2,312.99,Nuevo,Transferencia,False,5,1293.1,258.62,1034.48,625.98,408.5,39.49,False
ORD-002975,2025-03-09,CAN-01,Sureste,Tienda,Oficina,Silla ergonómica,2,2913.99,0.1,1805.26,Nuevo,Tarjeta,False,5,5827.98,582.8,5245.18,3610.52,1634.66,31.16,False
ORD-000138,2025-03-10,GDL-02,Occidente,Tienda,Deportes,Tapete de yoga,3,391.34,0.1,163.84,Nuevo,Tarjeta,False,3,1174.02,117.4,1056.62,491.52,565.1,53.48,False
ORD-000139,2025-03-10,GDL-01,Occidente,Online,Deportes,Mancuernas 10 kg,1,897.54,0.1,521.84,Nuevo,Tarjeta,False,5,897.54,89.75,807.79,521.84,285.95,35.4,False
ORD-002031,2025-03-10,CHH-01,Norte,Tienda,Electrónica,Audífonos Bluetooth,1,684.78,0.0,381.94,Nuevo,Tarjeta,False,5,684.78,0.0,684.78,381.94,302.84,44.22,False
ORD-002301,2025-03-10,MER-01,Sureste,Online,Hogar,Cafetera programable,3,1490.2,0.2,872.1,Empresa,Tarjeta,False,3,4470.6,894.12,3576.48,2616.3,960.18,26.85,False
ORD-002678,2025-03-10,CDMX-02,Centro,Tienda,Oficina,Lámpara LED,1,544.44,0.0,237.93,Empresa,Efectivo,False,1,544.44,0.0,544.44,237.93,306.51,56.3,False
ORD-002810,2025-03-10,MTY-01,Norte,Online,Oficina,Organizador de escritorio,1,290.2,0.0,104.05,Nuevo,Tarjeta,False,3,290.2,0.0,290.2,104.05,186.15,64.15,False
ORD-002907,2025-03-10,CDMX-01,Centro,Tienda,Hogar,Juego de sábanas,4,634.9,0.1,311.47,Recurrente,Tarjeta,False,5,2539.6,253.96,2285.64,1245.88,1039.76,45.49,False
ORD-003232,2025-03-10,CHH-01,Norte,Tienda,Hogar,Cafetera programable,2,1486.23,0.3,864.23,Recurrente,Efectivo,False,3,2972.46,891.74,2080.72,1728.46,352.26,16.93,False
ORD-002248,2025-03-11,MER-01,Sureste,Online,Deportes,Tapete de yoga,6,404.51,0.15,152.27,Recurrente,Tarjeta,False,4,2427.06,364.06,2063.0,913.62,1149.38,55.71,False
ORD-002458,2025-03-11,ZAP-01,Occidente,Tienda,Electrónica,Audífonos Bluetooth,1,722.82,0.1,378.51,Nuevo,Efectivo,False,3,722.82,72.28,650.54,378.51,272.03,41.82,False
ORD-002667,2025-03-11,CDMX-01,Centro,Online,Deportes,Mancuernas 10 kg,3,877.87,0.15,523.41,Nuevo,Tarjeta,False,4,2633.61,395.04,2238.57,1570.23,668.34,29.86,False
ORD-002852,2025-03-11,CDMX-02,Centro,Online,Hogar,Cafetera programable,5,1427.98,0.1,847.71,Recurrente,Tarjeta,False,5,7139.9,713.99,6425.91,4238.55,2187.36,34.04,True
ORD-003096,2025-03-11,MTY-01,Norte,Online,Oficina,Silla ergonómica,2,2921.65,0.05,1816.98,Recurrente,Tarjeta,False,5,5843.3,292.17,5551.13,3633.96,1917.17,34.54,False
ORD-000179,2025-03-12,MER-01,Sureste,Tienda,Deportes,Mochila deportiva,2,760.96,0.0,343.56,Nuevo,Efectivo,False,4,1521.92,0.0,1521.92,687.12,834.8,54.85,False
ORD-000341,2025-03-12,ZAP-01,Occidente,Tienda,Electrónica,Monitor 24 pulgadas,1,3290.36,0.0,2340.75,Nuevo,Efectivo,False,4,3290.36,0.0,3290.36,2340.75,949.61,28.86,False
ORD-000433,2025-03-12,CDMX-02,Centro,Online,Electrónica,Monitor 24 pulgadas,2,3371.53,0.05,2332.2,Empresa,Tarjeta,False,5,6743.06,337.15,6405.91,4664.4,1741.51,27.19,True
ORD-000491,2025-03-12,GDL-02,Occidente,Tienda,Hogar,Juego de sábanas,2,645.69,0.0,315.1,Nuevo,Efectivo,False,4,1291.38,0.0,1291.38,630.2,661.18,51.2,False
ORD-001342,2025-03-12,CDMX-01,Centro,Tienda,Deportes,Tapete de yoga,1,391.56,0.1,157.39,Nuevo,Efectivo,False,1,391.56,39.16,352.4,157.39,195.01,55.34,False
ORD-001648,2025-03-12,CAN-01,Sureste,Online,Electrónica,Teclado mecánico,3,1213.82,0.0,722.09,Recurrente,Tarjeta,False,1,3641.46,0.0,3641.46,2166.27,1475.19,40.51,False
ORD-001822,2025-03-12,CDMX-02,Centro,Tienda,Oficina,Lámpara LED,1,541.66,0.1,244.61,Nuevo,Efectivo,False,5,541.66,54.17,487.49,244.61,242.88,49.82,False
ORD-001955,2025-03-12,CDMX-02,Centro,Online,Hogar,Cafetera programable,3,1458.03,0.05,866.78,Recurrente,Efectivo,False,3,4374.09,218.7,4155.39,2600.34,1555.05,37.42,False
ORD-002057,2025-03-12,GDL-02,Occidente,Tienda,Hogar,Cafetera programable,4,1476.59,0.1,879.72,Empresa,Tarjeta,False,5,5906.36,590.64,5315.72,3518.88,1796.84,33.8,False
ORD-002419,2025-03-12,MER-01,Sureste,Tienda,Electrónica,Teclado mecánico,2,1193.13,0.0,727.69,Recurrente,Efectivo,False,2,2386.26,0.0,2386.26,1455.38,930.88,39.01,False
ORD-002544,2025-03-12,CAN-01,Sureste,Tienda,Hogar,Licuadora,2,1018.68,0.1,563.94,Recurrente,Transferencia,False,4,2037.36,203.74,1833.62,1127.88,705.74,38.49,False
ORD-002807,2025-03-12,CDMX-02,Centro,Tienda,Deportes,Mochila deportiva,2,749.76,0.1,338.82,Nuevo,Efectivo,False,5,1499.52,149.95,1349.57,677.64,671.93,49.79,False
ORD-003074,2025-03-12,MER-01,Sureste,Online,Hogar,Juego de sábanas,5,645.25,0.0,311.29,Recurrente,Transferencia,False,4,3226.25,0.0,3226.25,1556.45,1669.8,51.76,False
ORD-003417,2025-03-12,CHH-01,Norte,Tienda,Oficina,Lámpara LED,6,529.64,0.0,244.6,Nuevo,Efectivo,False,4,3177.84,0.0,3177.84,1467.6,1710.24,53.82,False
ORD-003468,2025-03-12,MTY-01,Norte,Tienda,Electrónica,Teclado mecánico,4,1206.81,0.1,716.08,Nuevo,Efectivo,False,5,4827.24,482.72,4344.52,2864.32,1480.2,34.07,False
ORD-003500,2025-03-12,MTY-02,Norte,Online,Deportes,Mancuernas 10 kg,3,918.38,0.2,516.7,Nuevo,Efectivo,True,5,2755.14,551.03,2204.11,1550.1,654.01,29.67,False
ORD-000241,2025-03-13,PUE-01,Centro,Tienda,Oficina,Lámpara LED,1,538.26,0.1,235.71,Nuevo,Tarjeta,False,5,538.26,53.83,484.43,235.71,248.72,51.34,False
ORD-000351,2025-03-13,ZAP-01,Occidente,Tienda,Deportes,Tapete de yoga,2,412.12,0.05,158.47,Recurrente,Efectivo,False,5,824.24,41.21,783.03,316.94,466.09,59.52,False
ORD-000402,2025-03-13,GDL-02,Occidente,Tienda,Electrónica,Audífonos Bluetooth,2,705.77,0.0,389.91,Empresa,Tarjeta,False,1,1411.54,0.0,1411.54,779.82,631.72,44.75,False
ORD-000412,2025-03-13,CHH-01,Norte,Online,Oficina,Organizador de escritorio,2,282.79,0.05,104.44,Recurrente,Tarjeta,False,3,565.58,28.28,537.3,208.88,328.42,61.12,False
ORD-000675,2025-03-13,MER-01,Sureste,Tienda,Oficina,Silla ergonómica,1,2887.5,0.1,1784.02,Empresa,Efectivo,True,5,2887.5,288.75,2598.75,1784.02,814.73,31.35,False
ORD-000909,2025-03-13,ZAP-01,Occidente,Online,Hogar,Licuadora,1,1006.58,0.0,550.67,Recurrente,Tarjeta,False,2,1006.58,0.0,1006.58,550.67,455.91,45.29,False
ORD-001222,2025-03-13,GDL-01,Occidente,Tienda,Oficina,Organizador de escritorio,2,275.16,0.1,102.51,Recurrente,Tarjeta,False,3,550.32,55.03,495.29,205.02,290.27,58.61,False
ORD-001513,2025-03-13,ZAP-01,Occidente,Tienda,Hogar,Juego de sábanas,1,663.25,0.05,313.88,Recurrente,Tarjeta,False,5,663.25,33.16,630.09,313.88,316.21,50.18,False
ORD-001968,2025-03-13,MER-01,Sureste,Tienda,Electrónica,Audífonos Bluetooth,1,716.61,0.05,385.29,Recurrente,Tarjeta,False,4,716.61,35.83,680.78,385.29,295.49,43.4,False
ORD-002011,2025-03-13,CHH-01,Norte,Tienda,Electrónica,Monitor 24 pulgadas,2,3370.69,0.05,2344.92,Recurrente,Tarjeta,True,3,6741.38,337.07,6404.31,4689.84,1714.47,26.77,True
ORD-002187,2025-03-13,CDMX-01,Centro,Online,Deportes,Tapete de yoga,3,392.34,0.15,156.98,Recurrente,Efectivo,False,4,1177.02,176.55,1000.47,470.94,529.53,52.93,False
ORD-002535,2025-03-13,MTY-02,Norte,Tienda,Deportes,Tapete de yoga,1,375.56,0.1,157.23,Recurrente,Tarjeta,False,4,375.56,37.56,338.0,157.23,180.77,53.48,False
ORD-003010,2025-03-13,PUE-01,Centro,Online,Electrónica,Teclado mecánico,1,1227.66,0.15,714.69,Recurrente,Transferencia,True,5,1227.66,184.15,1043.51,714.69,328.82,31.51,False
ORD-003082,2025-03-13,VER-01,Golfo,Online,Oficina,Silla ergonómica,2,2999.17,0.2,1831.37,Nuevo,Tarjeta,False,2,5998.34,1199.67,4798.67,3662.74,1135.93,23.67,False
ORD-003165,2025-03-13,CDMX-01,Centro,Online,Electrónica,Monitor 24 pulgadas,2,3399.05,0.1,2373.57,Recurrente,Efectivo,False,5,6798.1,679.81,6118.29,4747.14,1371.15,22.41,True
ORD-003553,2025-03-13,PUE-01,Centro,Tienda,Deportes,Mancuernas 10 kg,3,899.76,0.0,531.5,Nuevo,Efectivo,False,2,2699.28,0.0,2699.28,1594.5,1104.78,40.93,False
ORD-000335,2025-03-14,GDL-02,Occidente,Tienda,Hogar,Juego de sábanas,3,634.88,0.1,307.23,Recurrente,Tarjeta,False,4,1904.64,190.46,1714.18,921.69,792.49,46.23,False
ORD-000514,2025-03-14,CDMX-01,Centro,Tienda,Hogar,Juego de sábanas,3,636.24,0.0,308.65,Recurrente,Efectivo,False,5,1908.72,0.0,1908.72,925.95,982.77,51.49,False
ORD-001725,2025-03-14,MTY-01,Norte,Tienda,Oficina,Organizador de escritorio,1,296.51,0.05,104.99,Recurrente,Tarjeta,False,5,296.51,14.83,281.68,104.99,176.69,62.73,False
ORD-002773,2025-03-14,GDL-01,Occidente,Tienda,Electrónica,Teclado mecánico,5,1222.35,0.1,730.27,Recurrente,Efectivo,False,5,6111.75,611.18,5500.57,3651.35,1849.22,33.62,False
ORD-003224,2025-03-14,GDL-02,Occidente,Online,Deportes,Mancuernas 10 kg,1,889.31,0.0,511.91,Recurrente,Tarjeta,True,5,889.31,0.0,889.31,511.91,377.4,42.44,False
ORD-003295,2025-03-14,MTY-02,Norte,Tienda,Hogar,Cafetera programable,1,1542.57,0.1,863.99,Recurrente,Efectivo,False,3,1542.57,154.26,1388.31,863.99,524.32,37.77,False
ORD-003356,2025-03-14,ZAP-01,Occidente,Tienda,Deportes,Mancuernas 10 kg,2,906.39,0.3,517.38,Recurrente,Tarjeta,False,5,1812.78,543.83,1268.95,1034.76,234.19,18.46,False
ORD-000028,2025-03-15,ZAP-01,Occidente,Tienda,Electrónica,Audífonos Bluetooth,3,705.57,0.15,382.48,Recurrente,Tarjeta,False,4,2116.71,317.51,1799.2,1147.44,651.76,36.22,False
ORD-000276,2025-03-15,CHH-01,Norte,Online,Oficina,Organizador de escritorio,1,289.29,0.0,103.35,Nuevo,Tarjeta,False,5,289.29,0.0,289.29,103.35,185.94,64.27,False
ORD-000469,2025-03-15,CHH-01,Norte,Tienda,Oficina,Lámpara LED,1,565.11,0.15,238.39,Nuevo,Tarjeta,False,3,565.11,84.77,480.34,238.39,241.95,50.37,False
ORD-000484,2025-03-15,MTY-01,Norte,Online,Oficina,Organizador de escritorio,1,291.45,0.0,105.27,Recurrente,Tarjeta,False,3,291.45,0.0,291.45,105.27,186.18,63.88,False
ORD-000605,2025-03-15,CHH-01,Norte,Tienda,Electrónica,Audífonos Bluetooth,6,720.33,0.1,379.89,Nuevo,Tarjeta,False,4,4321.98,432.2,3889.78,2279.34,1610.44,41.4,False
ORD-000851,2025-03-15,CAN-01,Sureste,Online,Hogar,Juego de sábanas,2,623.9,0.0,310.09,Recurrente,Transferencia,False,5,1247.8,0.0,1247.8,620.18,627.62,50.3,False
ORD-000977,2025-03-15,MER-01,Sureste,Tienda,Electrónica,Teclado mecánico,2,1211.53,0.1,702.03,Nuevo,Efectivo,False,5,2423.06,242.31,2180.75,1404.06,776.69,35.62,False
ORD-001256,2025-03-15,ZAP-01,Occidente,Tienda,Oficina,Lámpara LED,3,532.8,0.1,236.58,Recurrente,Efectivo,False,5,1598.4,159.84,1438.56,709.74,728.82,50.66,False
ORD-001618,2025-03-15,MER-01,Sureste,Tienda,Electrónica,Teclado mecánico,1,1191.65,0.3,723.76,Recurrente,Tarjeta,False,5,1191.65,357.5,834.15,723.76,110.39,13.23,False
ORD-002103,2025-03-15,GDL-02,Occidente,Tienda,Oficina,Silla ergonómica,2,2842.48,0.0,1828.9,Empresa,Tarjeta,False,4,5684.96,0.0,5684.96,3657.8,2027.16,35.66,False
ORD-002298,2025-03-15,ZAP-01,Occidente,Tienda,Deportes,Mancuernas 10 kg,2,896.38,0.0,522.84,Nuevo,Tarjeta,False,4,1792.76,0.0,1792.76,1045.68,747.08,41.67,False
ORD-002418,2025-03-15,MER-01,Sureste,Tienda,Hogar,Licuadora,2,980.52,0.15,546.33,Recurrente,Transferencia,False,4,1961.04,294.16,1666.88,1092.66,574.22,34.45,False
ORD-003600,2025-03-15,CDMX-02,Centro,Online,Oficina,Silla ergonómica,2,2848.67,0.1,1816.21,Nuevo,Tarjeta,False,4,5697.34,569.73,5127.61,3632.42,1495.19,29.16,False
ORD-000014,2025-03-16,PUE-01,Centro,Tienda,Electrónica,Monitor 24 pulgadas,1,3110.12,0.1,2362.39,Nuevo,Efectivo,True,5,3110.12,311.01,2799.11,2362.39,436.72,15.6,False
ORD-000728,2025-03-16,MER-01,Sureste,Online,Electrónica,Teclado mecánico,1,1200.56,0.05,710.74,Recurrente,Transferencia,False,5,1200.56,60.03,1140.53,710.74,429.79,37.68,False
ORD-001438,2025-03-16,ZAP-01,Occidente,Tienda,Electrónica,Teclado mecánico,4,1206.65,0.3,720.78,Nuevo,Tarjeta,False,4,4826.6,1447.98,3378.62,2883.12,495.5,14.67,False
ORD-001443,2025-03-16,CAN-01,Sureste,Tienda,Electrónica,Teclado mecánico,3,1213.41,0.05,736.08,Recurrente,Efectivo,False,5,3640.23,182.01,3458.22,2208.24,1249.98,36.15,False
ORD-002593,2025-03-16,GDL-02,Occidente,Online,Hogar,Licuadora,1,978.5,0.1,561.89,Recurrente,Tarjeta,False,3,978.5,97.85,880.65,561.89,318.76,36.2,False
ORD-003266,2025-03-16,PUE-01,Centro,Tienda,Hogar,Juego de sábanas,2,649.52,0.1,307.92,Nuevo,Efectivo,False,3,1299.04,129.9,1169.14,615.84,553.3,47.33,False
ORD-003277,2025-03-16,CDMX-01,Centro,Online,Hogar,Licuadora,2,976.03,0.0,567.15,Nuevo,Tarjeta,True,3,1952.06,0.0,1952.06,1134.3,817.76,41.89,False
ORD-003405,2025-03-16,CAN-01,Sureste,Tienda,Deportes,Tapete de yoga,1,396.45,0.0,163.19,Nuevo,Efectivo,False,5,396.45,0.0,396.45,163.19,233.26,58.84,False
ORD-000544,2025-03-17,VER-01,Golfo,Tienda,Deportes,Mochila deportiva,1,737.37,0.0,341.62,Nuevo,Tarjeta,False,3,737.37,0.0,737.37,341.62,395.75,53.67,False
ORD-001048,2025-03-17,GDL-01,Occidente,Tienda,Hogar,Licuadora,1,1037.63,0.05,550.58,Nuevo,Tarjeta,False,4,1037.63,51.88,985.75,550.58,435.17,44.15,False
ORD-001540,2025-03-17,MTY-02,Norte,Tienda,Oficina,Lámpara LED,2,572.76,0.2,242.84,Recurrente,Tarjeta,False,5,1145.52,229.1,916.42,485.68,430.74,47.0,False
ORD-001952,2025-03-17,CDMX-01,Centro,Online,Hogar,Juego de sábanas,2,647.19,0.1,308.47,Empresa,Transferencia,False,5,1294.38,129.44,1164.94,616.94,548.0,47.04,False
ORD-002811,2025-03-17,GDL-02,Occidente,Tienda,Electrónica,Monitor 24 pulgadas,1,3272.59,0.05,2356.99,Empresa,Tarjeta,False,3,3272.59,163.63,3108.96,2356.99,751.97,24.19,False
ORD-003018,2025-03-17,CDMX-01,Centro,Online,Hogar,Cafetera programable,2,1475.45,0.05,858.25,Nuevo,Tarjeta,False,4,2950.9,147.55,2803.35,1716.5,1086.85,38.77,False
ORD-000415,2025-03-18,GDL-01,Occidente,Online,Deportes,Mancuernas 10 kg,1,875.24,0.0,519.27,Recurrente,Tarjeta,False,4,875.24,0.0,875.24,519.27,355.97,40.67,False
ORD-000549,2025-03-18,MTY-02,Norte,Online,Deportes,Mochila deportiva,3,768.4,0.1,337.65,Recurrente,Tarjeta,False,5,2305.2,230.52,2074.68,1012.95,1061.73,51.18,False
ORD-000786,2025-03-18,VER-01,Golfo,Tienda,Oficina,Silla ergonómica,6,3028.51,0.0,1860.19,Nuevo,Efectivo,False,5,18171.06,0.0,18171.06,11161.14,7009.92,38.58,True
ORD-001008,2025-03-18,CDMX-02,Centro,Online,Electrónica,Monitor 24 pulgadas,3,3263.06,0.0,2384.47,Nuevo,Tarjeta,False,3,9789.18,0.0,9789.18,7153.41,2635.77,26.93,True
ORD-001744,2025-03-18,VER-01,Golfo,Tienda,Hogar,Cafetera programable,1,1508.88,0.1,863.78,Recurrente,Tarjeta,False,5,1508.88,150.89,1357.99,863.78,494.21,36.39,False
ORD-002415,2025-03-18,PUE-01,Centro,Tienda,Oficina,Silla ergonómica,5,2913.54,0.1,1838.13,Nuevo,Tarjeta,False,4,14567.7,1456.77,13110.93,9190.65,3920.28,29.9,True
ORD-002520,2025-03-18,CDMX-02,Centro,Tienda,Hogar,Cafetera programable,2,1514.18,0.1,876.39,Nuevo,Tarjeta,False,4,3028.36,302.84,2725.52,1752.78,972.74,35.69,False
ORD-002722,2025-03-18,PUE-01,Centro,Tienda,Deportes,Tapete de yoga,2,414.2,0.3,160.24,Nuevo,Efectivo,False,5,828.4,248.52,579.88,320.48,259.4,44.73,False
ORD-002918,2025-03-18,PUE-01,Centro,Tienda,Hogar,Cafetera programable,1,1446.48,0.1,853.15,Recurrente,Tarjeta,False,5,1446.48,144.65,1301.83,853.15,448.68,34.47,False
ORD-003030,2025-03-18,CDMX-01,Centro,Tienda,Hogar,Cafetera programable,4,1511.59,0.0,856.69,Recurrente,Efectivo,False,5,6046.36,0.0,6046.36,3426.76,2619.6,43.33,False
ORD-003068,2025-03-18,CDMX-01,Centro,Tienda,Electrónica,Monitor 24 pulgadas,1,3169.61,0.0,2334.23,Nuevo,Tarjeta,False,5,3169.61,0.0,3169.61,2334.23,835.38,26.36,False
ORD-003518,2025-03-18,MTY-02,Norte,Tienda,Electrónica,Monitor 24 pulgadas,2,3230.81,0.1,2265.76,Recurrente,Tarjeta,False,4,6461.62,646.16,5815.46,4531.52,1283.94,22.08,False
ORD-001291,2025-03-19,GDL-02,Occidente,Tienda,Deportes,Mancuernas 10 kg,1,928.59,0.0,515.86,Nuevo,Tarjeta,False,5,928.59,0.0,928.59,515.86,412.73,44.45,False
ORD-001517,2025-03-19,CHH-01,Norte,Tienda,Electrónica,Audífonos Bluetooth,1,718.08,0.15,378.17,Recurrente,Transferencia,False,5,718.08,107.71,610.37,378.17,232.2,38.04,False
ORD-001596,2025-03-19,GDL-02,Occidente,Tienda,Deportes,Tapete de yoga,4,391.14,0.0,158.18,Nuevo,Tarjeta,False,3,1564.56,0.0,1564.56,632.72,931.84,59.56,False
ORD-001813,2025-03-19,MER-01,Sureste,Tienda,Deportes,Tapete de yoga,2,391.11,0.2,158.67,Recurrente,Tarjeta,False,5,782.22,156.44,625.78,317.34,308.44,49.29,False
ORD-001945,2025-03-19,MTY-02,Norte,Tienda,Deportes,Mochila deportiva,2,719.33,0.2,339.62,Recurrente,Efectivo,False,3,1438.66,287.73,1150.93,679.24,471.69,40.98,False
ORD-002844,2025-03-19,GDL-01,Occidente,Tienda,Deportes,Mancuernas 10 kg,1,891.1,0.0,502.32,Nuevo,Efectivo,False,3,891.1,0.0,891.1,502.32,388.78,43.63,False
ORD-002874,2025-03-19,GDL-02,Occidente,Tienda,Deportes,Mochila deportiva,2,754.01,0.2,332.73,Recurrente,Tarjeta,False,4,1508.02,301.6,1206.42,665.46,540.96,44.84,False
ORD-003069,2025-03-19,MER-01,Sureste,Online,Electrónica,Monitor 24 pulgadas,2,3147.37,0.05,2409.9,Nuevo,Transferencia,False,5,6294.74,314.74,5980.0,4819.8,1160.2,19.4,False
ORD-003348,2025-03-19,MER-01,Sureste,Online,Electrónica,Monitor 24 pulgadas,5,3255.19,0.15,2398.5,Recurrente,Efectivo,False,4,16275.95,2441.39,13834.56,11992.5,1842.06,13.31,True
ORD-000339,2025-03-20,CDMX-02,Centro,Online,Hogar,Cafetera programable,1,1475.79,0.05,866.26,Empresa,Transferencia,False,3,1475.79,73.79,1402.0,866.26,535.74,38.21,False
ORD-000825,2025-03-20,GDL-01,Occidente,Tienda,Electrónica,Monitor 24 pulgadas,2,3305.71,0.1,2358.17,Recurrente,Tarjeta,False,3,6611.42,661.14,5950.28,4716.34,1233.94,20.74,False
ORD-000874,2025-03-20,VER-01,Golfo,Tienda,Hogar,Cafetera programable,1,1504.34,0.1,871.23,Recurrente,Tarjeta,False,5,1504.34,150.43,1353.91,871.23,482.68,35.65,False
ORD-001328,2025-03-20,GDL-02,Occidente,Tienda,Electrónica,Monitor 24 pulgadas,1,3187.35,0.1,2368.95,Recurrente,Tarjeta,False,2,3187.35,318.74,2868.61,2368.95,499.66,17.42,False
ORD-001605,2025-03-20,ZAP-01,Occidente,Tienda,Oficina,Organizador de escritorio,1,292.56,0.15,103.5,Nuevo,Tarjeta,False,3,292.56,43.88,248.68,103.5,145.18,58.38,False
ORD-001852,2025-03-20,CAN-01,Sureste,Tienda,Hogar,Juego de sábanas,1,642.36,0.1,307.15,Recurrente,Efectivo,False,5,642.36,64.24,578.12,307.15,270.97,46.87,False
ORD-002254,2025-03-20,GDL-02,Occidente,Tienda,Deportes,Tapete de yoga,2,395.46,0.1,159.63,Nuevo,Tarjeta,False,5,790.92,79.09,711.83,319.26,392.57,55.15,False
ORD-002346,2025-03-20,MTY-02,Norte,Tienda,Electrónica,Audífonos Bluetooth,4,688.62,0.0,385.41,Nuevo,Efectivo,False,4,2754.48,0.0,2754.48,1541.64,1212.84,44.03,False
ORD-002712,2025-03-20,ZAP-01,Occidente,Online,Electrónica,Teclado mecánico,1,1193.76,0.3,727.61,Nuevo,Tarjeta,False,5,1193.76,358.13,835.63,727.61,108.02,12.93,False
ORD-003114,2025-03-20,GDL-02,Occidente,Online,Electrónica,Teclado mecánico,2,1276.29,0.0,747.43,Nuevo,Efectivo,False,2,2552.58,0.0,2552.58,1494.86,1057.72,41.44,False
ORD-003174,2025-03-20,GDL-01,Occidente,Tienda,Oficina,Organizador de escritorio,4,293.3,0.1,104.1,Nuevo,Tarjeta,False,2,1173.2,117.32,1055.88,416.4,639.48,60.56,False
ORD-000154,2025-03-21,CDMX-02,Centro,Tienda,Electrónica,Monitor 24 pulgadas,1,3115.57,0.0,2355.58,Nuevo,Efectivo,False,3,3115.57,0.0,3115.57,2355.58,759.99,24.39,False
ORD-000550,2025-03-21,CDMX-02,Centro,Online,Deportes,Mochila deportiva,5,752.31,0.15,336.58,Recurrente,Tarjeta,False,4,3761.55,564.23,3197.32,1682.9,1514.42,47.37,False
ORD-000560,2025-03-21,PUE-01,Centro,Tienda,Deportes,Mochila deportiva,1,736.35,0.05,345.54,Nuevo,Tarjeta,False,5,736.35,36.82,699.53,345.54,353.99,50.6,False
ORD-001403,2025-03-21,MTY-02,Norte,Tienda,Electrónica,Monitor 24 pulgadas,1,3304.41,0.15,2355.49,Nuevo,Efectivo,False,4,3304.41,495.66,2808.75,2355.49,453.26,16.14,False
ORD-001606,2025-03-21,VER-01,Golfo,Tienda,Oficina,Lámpara LED,1,569.19,0.3,246.9,Recurrente,Tarjeta,True,4,569.19,170.76,398.43,246.9,151.53,38.03,False
ORD-002131,2025-03-21,MTY-02,Norte,Tienda,Deportes,Mochila deportiva,1,736.99,0.0,339.39,Recurrente,Tarjeta,False,5,736.99,0.0,736.99,339.39,397.6,53.95,False
ORD-002258,2025-03-21,GDL-02,Occidente,Tienda,Electrónica,Monitor 24 pulgadas,3,3364.46,0.15,2361.67,Nuevo,Tarjeta,False,5,10093.38,1514.01,8579.37,7085.01,1494.36,17.42,True
ORD-002674,2025-03-21,MTY-02,Norte,Tienda,Oficina,Lámpara LED,5,564.46,0.05,238.85,Recurrente,Tarjeta,False,4,2822.3,141.12,2681.18,1194.25,1486.93,55.46,False
ORD-002938,2025-03-21,ZAP-01,Occidente,Online,Deportes,Mochila deportiva,1,785.65,0.1,342.65,Recurrente,Tarjeta,False,5,785.65,78.56,707.09,342.65,364.44,51.54,False
ORD-000244,2025-03-22,ZAP-01,Occidente,Tienda,Hogar,Juego de sábanas,1,650.2,0.0,314.57,Empresa,Tarjeta,False,5,650.2,0.0,650.2,314.57,335.63,51.62,False
ORD-000267,2025-03-22,VER-01,Golfo,Tienda,Hogar,Licuadora,5,1003.44,0.0,553.22,Nuevo,Tarjeta,False,3,5017.2,0.0,5017.2,2766.1,2251.1,44.87,False
ORD-000387,2025-03-22,GDL-01,Occidente,Online,Hogar,Juego de sábanas,1,699.0,0.1,314.08,Empresa,Efectivo,True,4,699.0,69.9,629.1,314.08,315.02,50.07,False
ORD-001076,2025-03-22,GDL-02,Occidente,Tienda,Electrónica,Audífonos Bluetooth,1,704.92,0.15,375.42,Nuevo,Tarjeta,False,4,704.92,105.74,599.18,375.42,223.76,37.34,False
ORD-001467,2025-03-22,GDL-01,Occidente,Tienda,Hogar,Licuadora,3,1004.71,0.0,567.98,Empresa,Tarjeta,False,1,3014.13,0.0,3014.13,1703.94,1310.19,43.47,False
ORD-002210,2025-03-22,ZAP-01,Occidente,Tienda,Electrónica,Teclado mecánico,2,1138.41,0.0,722.94,Empresa,Tarjeta,False,4,2276.82,0.0,2276.82,1445.88,830.94,36.5,False
ORD-002614,2025-03-22,MTY-01,Norte,Tienda,Electrónica,Audífonos Bluetooth,1,696.74,0.0,380.07,Recurrente,Tarjeta,False,4,696.74,0.0,696.74,380.07,316.67,45.45,False
ORD-002821,2025-03-22,CHH-01,Norte,Tienda,Oficina,Silla ergonómica,2,2900.5,0.15,1849.67,Nuevo,Tarjeta,False,5,5801.0,870.15,4930.85,3699.34,1231.51,24.98,False
ORD-003009,2025-03-22,CDMX-01,Centro,Tienda,Deportes,Mochila deportiva,1,756.34,0.15,342.53,Recurrente,Efectivo,False,4,756.34,113.45,642.89,342.53,300.36,46.72,False
ORD-000015,2025-03-23,GDL-02,Occidente,Online,Deportes,Mochila deportiva,2,728.05,0.0,342.37,Nuevo,Efectivo,False,5,1456.1,0.0,1456.1,684.74,771.36,52.97,False
ORD-000136,2025-03-23,MTY-02,Norte,Tienda,Oficina,Organizador de escritorio,1,273.79,0.15,105.36,Recurrente,Efectivo,True,5,273.79,41.07,232.72,105.36,127.36,54.73,False
ORD-000380,2025-03-23,MER-01,Sureste,Online,Oficina,Organizador de escritorio,2,296.73,0.15,104.84,Nuevo,Tarjeta,True,5,593.46,89.02,504.44,209.68,294.76,58.43,False
ORD-000533,2025-03-23,GDL-02,Occidente,Online,Deportes,Tapete de yoga,3,409.12,0.1,155.94,Nuevo,Efectivo,False,4,1227.36,122.74,1104.62,467.82,636.8,57.65,False
ORD-000574,2025-03-23,GDL-01,Occidente,Tienda,Hogar,Juego de sábanas,2,649.43,0.05,313.87,Recurrente,Tarjeta,False,4,1298.86,64.94,1233.92,627.74,606.18,49.13,False
ORD-001339,2025-03-23,GDL-01,Occidente,Online,Electrónica,Monitor 24 pulgadas,6,3188.18,0.1,2410.64,Recurrente,Tarjeta,False,5,19129.08,1912.91,17216.17,14463.84,2752.33,15.99,True
ORD-001865,2025-03-23,CDMX-01,Centro,Online,Hogar,Licuadora,1,989.98,0.05,565.74,Recurrente,Efectivo,False,4,989.98,49.5,940.48,565.74,374.74,39.85,False
ORD-000480,2025-03-24,MTY-02,Norte,Tienda,Deportes,Mochila deportiva,5,757.28,0.1,349.61,Nuevo,Efectivo,True,4,3786.4,378.64,3407.76,1748.05,1659.71,48.7,False
ORD-000919,2025-03-24,MTY-02,Norte,Online,Electrónica,Monitor 24 pulgadas,1,3391.19,0.15,2379.84,Empresa,Tarjeta,True,4,3391.19,508.68,2882.51,2379.84,502.67,17.44,False
ORD-001142,2025-03-24,CDMX-01,Centro,Online,Deportes,Mancuernas 10 kg,1,926.91,0.05,523.03,Empresa,Efectivo,False,3,926.91,46.35,880.56,523.03,357.53,40.6,False
ORD-001569,2025-03-24,CDMX-02,Centro,Online,Electrónica,Teclado mecánico,2,1240.24,0.2,720.33,Recurrente,Tarjeta,False,3,2480.48,496.1,1984.38,1440.66,543.72,27.4,False
ORD-002391,2025-03-24,MTY-02,Norte,Tienda,Oficina,Organizador de escritorio,6,280.01,0.2,107.74,Recurrente,Tarjeta,False,3,1680.06,336.01,1344.05,646.44,697.61,51.9,False
ORD-003298,2025-03-24,CHH-01,Norte,Tienda,Hogar,Juego de sábanas,2,629.61,0.15,303.15,Nuevo,Tarjeta,False,3,1259.22,188.88,1070.34,606.3,464.04,43.35,False
ORD-003532,2025-03-24,MER-01,Sureste,Tienda,Hogar,Cafetera programable,3,1560.01,0.05,851.8,Nuevo,Tarjeta,False,5,4680.03,234.0,4446.03,2555.4,1890.63,42.52,False
ORD-000751,2025-03-25,MTY-01,Norte,Tienda,Deportes,Mancuernas 10 kg,1,907.68,0.0,537.9,Recurrente,Tarjeta,False,5,907.68,0.0,907.68,537.9,369.78,40.74,False
ORD-001035,2025-03-25,MTY-01,Norte,Tienda,Electrónica,Monitor 24 pulgadas,1,3193.75,0.05,2313.11,Nuevo,Tarjeta,False,5,3193.75,159.69,3034.06,2313.11,720.95,23.76,False
ORD-001524,2025-03-25,MTY-02,Norte,Online,Hogar,Juego de sábanas,3,636.76,0.2,309.44,Nuevo,Tarjeta,False,5,1910.28,382.06,1528.22,928.32,599.9,39.25,False
ORD-002174,2025-03-25,MTY-01,Norte,Online,Oficina,Silla ergonómica,1,2786.87,0.05,1825.64,Recurrente,Tarjeta,False,2,2786.87,139.34,2647.53,1825.64,821.89,31.04,False
ORD-002680,2025-03-25,MTY-01,Norte,Online,Oficina,Silla ergonómica,2,2990.68,0.2,1807.9,Recurrente,Tarjeta,False,4,5981.36,1196.27,4785.09,3615.8,1169.29,24.44,False
ORD-000488,2025-03-26,GDL-02,Occidente,Online,Electrónica,Monitor 24 pulgadas,1,3380.79,0.1,2339.92,Nuevo,Efectivo,False,5,3380.79,338.08,3042.71,2339.92,702.79,23.1,False
ORD-000662,2025-03-26,CHH-01,Norte,Tienda,Oficina,Lámpara LED,1,540.16,0.15,236.08,Nuevo,Tarjeta,False,2,540.16,81.02,459.14,236.08,223.06,48.58,False
ORD-001800,2025-03-26,CAN-01,Sureste,Tienda,Electrónica,Teclado mecánico,2,1222.58,0.05,732.5,Recurrente,Transferencia,False,2,2445.16,122.26,2322.9,1465.0,857.9,36.93,False
ORD-001829,2025-03-26,CAN-01,Sureste,Tienda,Hogar,Juego de sábanas,3,627.7,0.0,320.95,Recurrente,Tarjeta,False,5,1883.1,0.0,1883.1,962.85,920.25,48.87,False
ORD-002058,2025-03-26,CAN-01,Sureste,Online,Oficina,Organizador de escritorio,1,297.22,0.3,103.57,Recurrente,Tarjeta,False,3,297.22,89.17,208.05,103.57,104.48,50.22,False
ORD-002207,2025-03-26,VER-01,Golfo,Tienda,Deportes,Mancuernas 10 kg,2,887.48,0.1,522.76,Recurrente,Efectivo,False,3,1774.96,177.5,1597.46,1045.52,551.94,34.55,False
ORD-003431,2025-03-26,ZAP-01,Occidente,Tienda,Deportes,Tapete de yoga,1,403.81,0.05,164.72,Recurrente,Tarjeta,False,5,403.81,20.19,383.62,164.72,218.9,57.06,False
ORD-002603,2025-03-27,GDL-02,Occidente,Tienda,Electrónica,Audífonos Bluetooth,1,681.08,0.15,375.53,Nuevo,Efectivo,False,3,681.08,102.16,578.92,375.53,203.39,35.13,False
ORD-003202,2025-03-27,VER-01,Golfo,Tienda,Deportes,Mancuernas 10 kg,3,896.41,0.05,518.81,Recurrente,Transferencia,False,2,2689.23,134.46,2554.77,1556.43,998.34,39.08,False
ORD-000400,2025-03-28,ZAP-01,Occidente,Tienda,Oficina,Lámpara LED,2,556.53,0.05,239.55,Nuevo,Efectivo,False,4,1113.06,55.65,1057.41,479.1,578.31,54.69,False
ORD-000515,2025-03-28,CDMX-01,Centro,Tienda,Hogar,Licuadora,3,978.5,0.1,557.8,Recurrente,Tarjeta,False,5,2935.5,293.55,2641.95,1673.4,968.55,36.66,False
ORD-000896,2025-03-28,MTY-01,Norte,Tienda,Deportes,Mancuernas 10 kg,2,897.52,0.0,519.04,Empresa,Transferencia,False,5,1795.04,0.0,1795.04,1038.08,756.96,42.17,False
ORD-001294,2025-03-28,MER-01,Sureste,Tienda,Deportes,Mochila deportiva,3,748.89,0.2,352.64,Nuevo,Transferencia,False,5,2246.67,449.33,1797.34,1057.92,739.42,41.14,False
ORD-001408,2025-03-28,GDL-01,Occidente,Tienda,Deportes,Tapete de yoga,2,412.4,0.05,162.57,Empresa,Efectivo,False,5,824.8,41.24,783.56,325.14,458.42,58.5,False
ORD-001678,2025-03-28,CDMX-01,Centro,Online,Deportes,Mochila deportiva,1,747.4,0.0,341.17,Nuevo,Tarjeta,False,4,747.4,0.0,747.4,341.17,406.23,54.35,False
ORD-002091,2025-03-28,CDMX-01,Centro,Tienda,Oficina,Silla ergonómica,1,3047.71,0.1,1829.49,Nuevo,Transferencia,False,2,3047.71,304.77,2742.94,1829.49,913.45,33.3,False
ORD-002384,2025-03-28,CDMX-02,Centro,Tienda,Hogar,Cafetera programable,2,1513.17,0.0,871.77,Recurrente,Tarjeta,False,4,3026.34,0.0,3026.34,1743.54,1282.8,42.39,False
ORD-003146,2025-03-28,MTY-01,Norte,Tienda,Deportes,Mochila deportiva,1,750.78,0.1,339.92,Nuevo,Efectivo,False,4,750.78,75.08,675.7,339.92,335.78,49.69,False
ORD-000464,2025-03-29,MER-01,Sureste,Tienda,Hogar,Cafetera programable,2,1492.22,0.0,846.37,Recurrente,Efectivo,True,5,2984.44,0.0,2984.44,1692.74,1291.7,43.28,False
ORD-000838,2025-03-29,CAN-01,Sureste,Online,Oficina,Lámpara LED,3,539.26,0.15,237.65,Nuevo,Efectivo,False,4,1617.78,242.67,1375.11,712.95,662.16,48.15,False
ORD-001065,2025-03-29,CAN-01,Sureste,Tienda,Deportes,Tapete de yoga,3,402.15,0.15,161.25,Nuevo,Tarjeta,False,3,1206.45,180.97,1025.48,483.75,541.73,52.83,False
ORD-001112,2025-03-29,VER-01,Golfo,Online,Electrónica,Monitor 24 pulgadas,2,3379.57,0.0,2285.72,Recurrente,Transferencia,False,4,6759.14,0.0,6759.14,4571.44,2187.7,32.37,True
ORD-001373,2025-03-29,GDL-01,Occidente,Tienda,Electrónica,Monitor 24 pulgadas,4,3168.7,0.0,2363.98,Recurrente,Tarjeta,False,5,12674.8,0.0,12674.8,9455.92,3218.88,25.4,True
ORD-001548,2025-03-29,PUE-01,Centro,Online,Oficina,Lámpara LED,3,574.55,0.0,234.83,Nuevo,Tarjeta,False,4,1723.65,0.0,1723.65,704.49,1019.16,59.13,False
ORD-001917,2025-03-29,GDL-01,Occidente,Tienda,Deportes,Tapete de yoga,3,399.13,0.15,159.05,Recurrente,Tarjeta,False,5,1197.39,179.61,1017.78,477.15,540.63,53.12,False
ORD-002172,2025-03-29,CHH-01,Norte,Tienda,Deportes,Tapete de yoga,4,396.24,0.2,157.31,Recurrente,Efectivo,False,4,1584.96,316.99,1267.97,629.24,638.73,50.37,False
ORD-002359,2025-03-29,PUE-01,Centro,Online,Electrónica,Monitor 24 pulgadas,3,3338.76,0.2,2299.05,Recurrente,Efectivo,False,3,10016.28,2003.26,8013.02,6897.15,1115.87,13.93,True
ORD-002842,2025-03-29,GDL-01,Occidente,Tienda,Electrónica,Monitor 24 pulgadas,1,3229.45,0.1,2377.57,Nuevo,Transferencia,False,4,3229.45,322.94,2906.51,2377.57,528.94,18.2,False
ORD-000229,2025-03-30,MTY-02,Norte,Tienda,Electrónica,Teclado mecánico,5,1216.81,0.0,731.13,Recurrente,Tarjeta,False,5,6084.05,0.0,6084.05,3655.65,2428.4,39.91,False
ORD-000280,2025-03-30,CDMX-02,Centro,Tienda,Hogar,Juego de sábanas,3,630.28,0.2,311.86,Recurrente,Efectivo,False,3,1890.84,378.17,1512.67,935.58,577.09,38.15,False
ORD-000416,2025-03-30,GDL-02,Occidente,Online,Deportes,Tapete de yoga,1,391.93,0.1,159.19,Nuevo,Tarjeta,False,5,391.93,39.19,352.74,159.19,193.55,54.87,False
ORD-000454,2025-03-30,CHH-01,Norte,Tienda,Oficina,Lámpara LED,4,549.96,0.1,237.34,Recurrente,Tarjeta,False,4,2199.84,219.98,1979.86,949.36,1030.5,52.05,False
ORD-000626,2025-03-30,ZAP-01,Occidente,Tienda,Electrónica,Teclado mecánico,2,1206.57,0.1,714.5,Recurrente,Transferencia,False,5,2413.14,241.31,2171.83,1429.0,742.83,34.2,False
ORD-000901,2025-03-30,GDL-01,Occidente,Tienda,Oficina,Silla ergonómica,1,2986.05,0.15,1903.64,Recurrente,Efectivo,False,5,2986.05,447.91,2538.14,1903.64,634.5,25.0,False
ORD-001027,2025-03-30,CHH-01,Norte,Tienda,Hogar,Licuadora,2,1024.44,0.0,563.85,Recurrente,Efectivo,False,4,2048.88,0.0,2048.88,1127.7,921.18,44.96,False
ORD-001195,2025-03-30,CAN-01,Sureste,Online,Hogar,Cafetera programable,3,1482.22,0.1,888.75,Recurrente,Tarjeta,False,5,4446.66,444.67,4001.99,2666.25,1335.74,33.38,False
ORD-001349,2025-03-30,VER-01,Golfo,Online,Hogar,Licuadora,3,1005.98,0.05,551.0,Empresa,Tarjeta,False,4,3017.94,150.9,2867.04,1653.0,1214.04,42.34,False
ORD-002128,2025-03-30,PUE-01,Centro,Online,Oficina,Lámpara LED,5,544.01,0.1,240.18,Nuevo,Tarjeta,False,3,2720.05,272.01,2448.04,1200.9,1247.14,50.94,False
ORD-002711,2025-03-30,ZAP-01,Occidente,Online,Oficina,Lámpara LED,2,546.93,0.15,242.81,Nuevo,Transferencia,False,5,1093.86,164.08,929.78,485.62,444.16,47.77,False
ORD-002834,2025-03-30,CDMX-02,Centro,Online,Deportes,Tapete de yoga,5,419.02,0.0,167.37,Empresa,Efectivo,False,3,2095.1,0.0,2095.1,836.85,1258.25,60.06,False
ORD-003294,2025-03-30,CDMX-01,Centro,Online,Electrónica,Monitor 24 pulgadas,1,3421.06,0.1,2346.56,Recurrente,Efectivo,False,5,3421.06,342.11,3078.95,2346.56,732.39,23.79,False
ORD-003421,2025-03-30,MER-01,Sureste,Tienda,Hogar,Juego de sábanas,2,633.72,0.1,317.09,Recurrente,Tarjeta,False,3,1267.44,126.74,1140.7,634.18,506.52,44.4,False
ORD-000074,2025-03-31,CDMX-01,Centro,Online,Electrónica,Teclado mecánico,2,1177.41,0.1,701.73,Recurrente,Transferencia,False,4,2354.82,235.48,2119.34,1403.46,715.88,33.78,False
ORD-000798,2025-03-31,PUE-01,Centro,Online,Electrónica,Monitor 24 pulgadas,1,3222.86,0.1,2317.29,Empresa,Tarjeta,False,5,3222.86,322.29,2900.57,2317.29,583.28,20.11,False
ORD-001436,2025-03-31,MER-01,Sureste,Tienda,Hogar,Juego de sábanas,3,681.31,0.15,304.5,Recurrente,Tarjeta,False,4,2043.93,306.59,1737.34,913.5,823.84,47.42,False
ORD-001583,2025-03-31,ZAP-01,Occidente,Tienda,Electrónica,Teclado mecánico,4,1163.7,0.1,704.17,Recurrente,Tarjeta,False,5,4654.8,465.48,4189.32,2816.68,1372.64,32.77,False
ORD-001615,2025-03-31,MER-01,Sureste,Online,Oficina,Silla ergonómica,6,2891.32,0.0,1757.27,Recurrente,Tarjeta,False,4,17347.92,0.0,17347.92,10543.62,6804.3,39.22,True
ORD-001653,2025-03-31,PUE-01,Centro,Tienda,Deportes,Mochila deportiva,4,737.16,0.3,341.05,Nuevo,Tarjeta,False,5,2948.64,884.59,2064.05,1364.2,699.85,33.91,False
ORD-002546,2025-03-31,MTY-02,Norte,Online,Electrónica,Monitor 24 pulgadas,2,3301.94,0.0,2290.84,Recurrente,Tarjeta,False,3,6603.88,0.0,6603.88,4581.68,2022.2,30.62,True
ORD-002785,2025-03-31,MER-01,Sureste,Tienda,Hogar,Cafetera programable,2,1564.09,0.1,875.1,Recurrente,Tarjeta,False,4,3128.18,312.82,2815.36,1750.2,1065.16,37.83,False
ORD-003214,2025-03-31,CDMX-01,Centro,Tienda,Hogar,Licuadora,4,1003.67,0.1,548.51,Recurrente,Transferencia,False,4,4014.68,401.47,3613.21,2194.04,1419.17,39.28,False
ORD-001522,2025-04-01,MTY-01,Norte,Tienda,Electrónica,Audífonos Bluetooth,1,715.41,0.1,385.89,Recurrente,Tarjeta,False,4,715.41,71.54,643.87,385.89,257.98,40.07,False
ORD-001685,2025-04-01,MER-01,Sureste,Tienda,Deportes,Mancuernas 10 kg,3,879.92,0.3,515.75,Recurrente,Efectivo,True,4,2639.76,791.93,1847.83,1547.25,300.58,16.27,False
ORD-001824,2025-04-01,VER-01,Golfo,Online,Oficina,Lámpara LED,1,574.19,0.0,238.37,Recurrente,Tarjeta,False,5,574.19,0.0,574.19,238.37,335.82,58.49,False
ORD-002004,2025-04-01,PUE-01,Centro,Online,Hogar,Cafetera programable,2,1495.07,0.0,864.15,Nuevo,Efectivo,False,5,2990.14,0.0,2990.14,1728.3,1261.84,42.2,False
ORD-002023,2025-04-01,MER-01,Sureste,Tienda,Deportes,Mochila deportiva,3,793.66,0.1,345.98,Recurrente,Tarjeta,False,4,2380.98,238.1,2142.88,1037.94,1104.94,51.56,False
ORD-002541,2025-04-01,CDMX-02,Centro,Online,Oficina,Organizador de escritorio,2,280.02,0.15,104.17,Recurrente,Tarjeta,False,5,560.04,84.01,476.03,208.34,267.69,56.23,False
ORD-002671,2025-04-01,CDMX-02,Centro,Online,Hogar,Cafetera programable,3,1445.19,0.0,874.94,Nuevo,Tarjeta,False,3,4335.57,0.0,4335.57,2624.82,1710.75,39.46,False
ORD-002839,2025-04-01,CDMX-02,Centro,Tienda,Hogar,Cafetera programable,1,1496.92,0.1,875.48,Empresa,Tarjeta,False,3,1496.92,149.69,1347.23,875.48,471.75,35.02,False
ORD-002966,2025-04-01,PUE-01,Centro,Online,Hogar,Licuadora,1,993.41,0.0,563.75,Nuevo,Efectivo,False,3,993.41,0.0,993.41,563.75,429.66,43.25,False
ORD-000005,2025-04-02,PUE-01,Centro,Online,Electrónica,Teclado mecánico,1,1122.62,0.1,730.28,Nuevo,Tarjeta,False,4,1122.62,112.26,1010.36,730.28,280.08,27.72,False
ORD-000764,2025-04-02,GDL-01,Occidente,Tienda,Deportes,Mancuernas 10 kg,1,911.04,0.2,521.49,Recurrente,Tarjeta,False,5,911.04,182.21,728.83,521.49,207.34,28.45,False
ORD-001488,2025-04-02,CHH-01,Norte,Tienda,Oficina,Organizador de escritorio,3,277.23,0.15,107.47,Recurrente,Tarjeta,False,5,831.69,124.75,706.94,322.41,384.53,54.39,False
ORD-001647,2025-04-02,GDL-02,Occidente,Online,Hogar,Juego de sábanas,3,654.35,0.0,309.55,Recurrente,Tarjeta,False,5,1963.05,0.0,1963.05,928.65,1034.4,52.69,False
ORD-001676,2025-04-02,CAN-01,Sureste,Online,Electrónica,Teclado mecánico,1,1219.05,0.2,734.74,Nuevo,Efectivo,False,2,1219.05,243.81,975.24,734.74,240.5,24.66,False
ORD-001956,2025-04-02,VER-01,Golfo,Online,Oficina,Silla ergonómica,3,2828.97,0.0,1840.21,Nuevo,Transferencia,False,5,8486.91,0.0,8486.91,5520.63,2966.28,34.95,True
ORD-002363,2025-04-02,MER-01,Sureste,Tienda,Deportes,Tapete de yoga,1,400.11,0.0,161.67,Nuevo,Tarjeta,False,4,400.11,0.0,400.11,161.67,238.44,59.59,False
ORD-003108,2025-04-02,CHH-01,Norte,Tienda,Electrónica,Audífonos Bluetooth,3,713.08,0.15,389.53,Recurrente,Efectivo,False,4,2139.24,320.89,1818.35,1168.59,649.76,35.73,False
ORD-003210,2025-04-02,GDL-01,Occidente,Tienda,Deportes,Mochila deportiva,3,743.36,0.0,341.9,Recurrente,Tarjeta,False,5,2230.08,0.0,2230.08,1025.7,1204.38,54.01,False
ORD-003376,2025-04-02,CDMX-01,Centro,Online,Oficina,Lámpara LED,1,553.07,0.1,242.71,Recurrente,Tarjeta,False,3,553.07,55.31,497.76,242.71,255.05,51.24,False
ORD-001649,2025-04-03,CDMX-02,Centro,Tienda,Hogar,Cafetera programable,6,1534.85,0.2,868.11,Nuevo,Tarjeta,False,5,9209.1,1841.82,7367.28,5208.66,2158.62,29.3,True
ORD-001769,2025-04-03,MTY-02,Norte,Tienda,Oficina,Silla ergonómica,2,2958.75,0.05,1812.95,Recurrente,Tarjeta,False,4,5917.5,295.88,5621.62,3625.9,1995.72,35.5,False
ORD-002532,2025-04-03,CHH-01,Norte,Online,Deportes,Mancuernas 10 kg,3,895.17,0.1,519.1,Recurrente,Efectivo,False,4,2685.51,268.55,2416.96,1557.3,859.66,35.57,False
ORD-002548,2025-04-03,MTY-02,Norte,Tienda,Electrónica,Audífonos Bluetooth,2,678.3,0.15,383.99,Nuevo,Efectivo,False,5,1356.6,203.49,1153.11,767.98,385.13,33.4,False
ORD-002990,2025-04-03,CDMX-01,Centro,Online,Oficina,Lámpara LED,6,561.71,0.05,238.32,Nuevo,Efectivo,False,4,3370.26,168.51,3201.75,1429.92,1771.83,55.34,False
ORD-003140,2025-04-03,CAN-01,Sureste,Tienda,Deportes,Tapete de yoga,1,402.51,0.0,161.12,Nuevo,Efectivo,False,5,402.51,0.0,402.51,161.12,241.39,59.97,False
ORD-003244,2025-04-03,CDMX-02,Centro,Online,Deportes,Tapete de yoga,2,387.0,0.05,161.08,Recurrente,Tarjeta,False,4,774.0,38.7,735.3,322.16,413.14,56.19,False
ORD-003410,2025-04-03,MTY-02,Norte,Tienda,Hogar,Juego de sábanas,4,662.11,0.15,303.53,Nuevo,Tarjeta,False,5,2648.44,397.27,2251.17,1214.12,1037.05,46.07,False
ORD-000507,2025-04-04,CDMX-02,Centro,Tienda,Oficina,Organizador de escritorio,3,280.15,0.0,107.36,Recurrente,Efectivo,False,5,840.45,0.0,840.45,322.08,518.37,61.68,False
ORD-000769,2025-04-04,VER-01,Golfo,Tienda,Hogar,Licuadora,1,1014.11,0.05,565.3,Recurrente,Efectivo,False,5,1014.11,50.71,963.4,565.3,398.1,41.32,False
ORD-000790,2025-04-04,MER-01,Sureste,Tienda,Hogar,Cafetera programable,5,1468.89,0.0,858.6,Nuevo,Tarjeta,False,2,7344.45,0.0,7344.45,4293.0,3051.45,41.55,True
ORD-000994,2025-04-04,CAN-01,Sureste,Tienda,Hogar,Juego de sábanas,2,656.19,0.05,319.38,Nuevo,Efectivo,False,3,1312.38,65.62,1246.76,638.76,608.0,48.77,False
ORD-001561,2025-04-04,CHH-01,Norte,Tienda,Oficina,Organizador de escritorio,3,303.02,0.0,106.4,Recurrente,Tarjeta,False,5,909.06,0.0,909.06,319.2,589.86,64.89,False
ORD-002461,2025-04-04,CAN-01,Sureste,Tienda,Oficina,Lámpara LED,1,558.48,0.0,234.56,Recurrente,Tarjeta,False,4,558.48,0.0,558.48,234.56,323.92,58.0,False
ORD-002875,2025-04-04,ZAP-01,Occidente,Tienda,Electrónica,Monitor 24 pulgadas,1,3319.16,0.15,2346.21,Nuevo,Tarjeta,False,4,3319.16,497.87,2821.29,2346.21,475.08,16.84,False
ORD-003487,2025-04-04,ZAP-01,Occidente,Tienda,Electrónica,Audífonos Bluetooth,2,714.85,0.05,396.16,Recurrente,Tarjeta,False,4,1429.7,71.48,1358.22,792.32,565.9,41.66,False
ORD-000009,2025-04-05,VER-01,Golfo,Tienda,Oficina,Lámpara LED,1,564.33,0.05,234.85,Recurrente,Efectivo,False,4,564.33,28.22,536.11,234.85,301.26,56.19,False
ORD-000134,2025-04-05,MTY-01,Norte,Tienda,Deportes,Mochila deportiva,1,759.36,0.0,345.92,Empresa,Tarjeta,False,5,759.36,0.0,759.36,345.92,413.44,54.45,False
ORD-000565,2025-04-05,MER-01,Sureste,Tienda,Electrónica,Monitor 24 pulgadas,4,3314.94,0.0,2311.01,Recurrente,Tarjeta,False,4,13259.76,0.0,13259.76,9244.04,4015.72,30.29,True
ORD-000889,2025-04-05,CHH-01,Norte,Online,Oficina,Lámpara LED,2,541.33,0.15,242.19,Recurrente,Tarjeta,False,5,1082.66,162.4,920.26,484.38,435.88,47.36,False
ORD-001230,2025-04-05,VER-01,Golfo,Tienda,Electrónica,Monitor 24 pulgadas,1,3336.56,0.0,2375.88,Empresa,Efectivo,False,3,3336.56,0.0,3336.56,2375.88,960.68,28.79,False
ORD-002095,2025-04-05,MER-01,Sureste,Tienda,Electrónica,Monitor 24 pulgadas,3,3323.61,0.1,2282.32,Recurrente,Tarjeta,False,2,9970.83,997.08,8973.75,6846.96,2126.79,23.7,True
ORD-002390,2025-04-05,CAN-01,Sureste,Online,Hogar,Licuadora,2,1006.37,0.1,559.95,Nuevo,Tarjeta,False,5,2012.74,201.27,1811.47,1119.9,691.57,38.18,False
ORD-002392,2025-04-05,PUE-01,Centro,Tienda,Electrónica,Audífonos Bluetooth,3,683.98,0.1,382.75,Recurrente,Tarjeta,False,4,2051.94,205.19,1846.75,1148.25,698.5,37.82,False
ORD-002636,2025-04-05,CAN-01,Sureste,Tienda,Oficina,Organizador de escritorio,3,285.54,0.1,105.91,Empresa,Tarjeta,False,4,856.62,85.66,770.96,317.73,453.23,58.79,False
ORD-002639,2025-04-05,GDL-02,Occidente,Online,Electrónica,Audífonos Bluetooth,1,703.73,0.3,380.48,Recurrente,Efectivo,False,4,703.73,211.12,492.61,380.48,112.13,22.76,False
ORD-002732,2025-04-05,VER-01,Golfo,Tienda,Deportes,Mancuernas 10 kg,6,886.29,0.15,511.66,Recurrente,Efectivo,False,5,5317.74,797.66,4520.08,3069.96,1450.12,32.08,False
ORD-003076,2025-04-05,GDL-02,Occidente,Tienda,Electrónica,Teclado mecánico,1,1164.29,0.2,730.61,Recurrente,Tarjeta,False,5,1164.29,232.86,931.43,730.61,200.82,21.56,False
ORD-003597,2025-04-05,MTY-02,Norte,Tienda,Electrónica,Audífonos Bluetooth,2,715.11,0.5,397.55,Empresa,Efectivo,False,4,1430.22,715.11,715.11,795.1,-79.99,-11.19,False
ORD-000067,2025-04-06,PUE-01,Centro,Tienda,Oficina,Lámpara LED,2,565.55,0.1,244.69,Recurrente,Tarjeta,False,5,1131.1,113.11,1017.99,489.38,528.61,51.93,False
ORD-000635,2025-04-06,ZAP-01,Occidente,Tienda,Deportes,Mancuernas 10 kg,1,883.4,0.0,513.05,Nuevo,Tarjeta,False,4,883.4,0.0,883.4,513.05,370.35,41.92,False
ORD-000803,2025-04-06,CAN-01,Sureste,Online,Oficina,Lámpara LED,1,568.99,0.1,240.46,Nuevo,Tarjeta,True,4,568.99,56.9,512.09,240.46,271.63,53.04,False
ORD-000819,2025-04-06,CDMX-01,Centro,Tienda,Hogar,Cafetera programable,1,1497.2,0.1,866.21,Nuevo,Tarjeta,False,3,1497.2,149.72,1347.48,866.21,481.27,35.72,False
ORD-002323,2025-04-06,MER-01,Sureste,Tienda,Deportes,Mancuernas 10 kg,1,915.3,0.0,518.98,Recurrente,Transferencia,False,4,915.3,0.0,915.3,518.98,396.32,43.3,False
ORD-002480,2025-04-06,GDL-02,Occidente,Tienda,Hogar,Licuadora,2,1050.96,0.2,556.59,Empresa,Tarjeta,False,4,2101.92,420.38,1681.54,1113.18,568.36,33.8,False
ORD-002492,2025-04-06,GDL-02,Occidente,Tienda,Electrónica,Teclado mecánico,3,1137.48,0.15,727.59,Empresa,Tarjeta,False,4,3412.44,511.87,2900.57,2182.77,717.8,24.75,False
ORD-003020,2025-04-06,MTY-01,Norte,Tienda,Hogar,Cafetera programable,4,1497.46,0.3,873.54,Nuevo,Efectivo,False,4,5989.84,1796.95,4192.89,3494.16,698.73,16.66,False
ORD-000006,2025-04-07,CAN-01,Sureste,Online,Oficina,Lámpara LED,1,536.51,0.1,238.89,Nuevo,Tarjeta,False,3,536.51,53.65,482.86,238.89,243.97,50.53,False
ORD-000407,2025-04-07,CAN-01,Sureste,Online,Electrónica,Audífonos Bluetooth,1,694.7,0.1,378.61,Recurrente,Transferencia,False,5,694.7,69.47,625.23,378.61,246.62,39.44,False
ORD-000450,2025-04-07,MTY-02,Norte,Tienda,Oficina,Lámpara LED,1,526.14,0.0,242.99,Empresa,Tarjeta,False,5,526.14,0.0,526.14,242.99,283.15,53.82,False
ORD-000619,2025-04-07,VER-01,Golfo,Tienda,Deportes,Mancuernas 10 kg,2,891.6,0.0,522.99,Recurrente,Tarjeta,False,5,1783.2,0.0,1783.2,1045.98,737.22,41.34,False
ORD-000664,2025-04-07,VER-01,Golfo,Online,Electrónica,Audífonos Bluetooth,3,653.91,0.1,380.03,Nuevo,Tarjeta,False,4,1961.73,196.17,1765.56,1140.09,625.47,35.43,False
ORD-000704,2025-04-07,PUE-01,Centro,Tienda,Electrónica,Audífonos Bluetooth,2,686.13,0.1,389.6,Recurrente,Tarjeta,False,5,1372.26,137.23,1235.03,779.2,455.83,36.91,False
ORD-000959,2025-04-07,VER-01,Golfo,Online,Hogar,Licuadora,2,1014.66,0.0,561.7,Recurrente,Tarjeta,False,4,2029.32,0.0,2029.32,1123.4,905.92,44.64,False
ORD-001253,2025-04-07,CAN-01,Sureste,Tienda,Deportes,Tapete de yoga,1,405.48,0.15,159.88,Nuevo,Tarjeta,False,3,405.48,60.82,344.66,159.88,184.78,53.61,False
ORD-001507,2025-04-07,VER-01,Golfo,Tienda,Oficina,Organizador de escritorio,3,297.47,0.15,107.7,Nuevo,Tarjeta,False,5,892.41,133.86,758.55,323.1,435.45,57.41,False
ORD-001550,2025-04-07,CAN-01,Sureste,Online,Deportes,Mochila deportiva,1,738.56,0.1,335.78,Nuevo,Efectivo,False,5,738.56,73.86,664.7,335.78,328.92,49.48,False
ORD-001657,2025-04-07,MTY-01,Norte,Online,Oficina,Lámpara LED,2,556.58,0.1,244.6,Recurrente,Tarjeta,False,4,1113.16,111.32,1001.84,489.2,512.64,51.17,False
ORD-001715,2025-04-07,GDL-01,Occidente,Online,Electrónica,Monitor 24 pulgadas,2,3254.88,0.0,2284.86,Recurrente,Efectivo,False,4,6509.76,0.0,6509.76,4569.72,1940.04,29.8,True
ORD-002080,2025-04-07,GDL-02,Occidente,Tienda,Deportes,Mancuernas 10 kg,2,892.24,0.05,521.11,Nuevo,Tarjeta,False,4,1784.48,89.22,1695.26,1042.22,653.04,38.52,False
ORD-002264,2025-04-07,GDL-02,Occidente,Online,Deportes,Mancuernas 10 kg,1,924.12,0.0,506.04,Nuevo,Tarjeta,True,5,924.12,0.0,924.12,506.04,418.08,45.24,False
ORD-003003,2025-04-07,MER-01,Sureste,Tienda,Deportes,Mancuernas 10 kg,1,884.81,0.1,522.61,Recurrente,Efectivo,False,5,884.81,88.48,796.33,522.61,273.72,34.37,False
ORD-000861,2025-04-08,CAN-01,Sureste,Tienda,Oficina,Silla ergonómica,1,2928.52,0.05,1856.59,Recurrente,Transferencia,False,5,2928.52,146.43,2782.09,1856.59,925.5,33.27,False
ORD-000944,2025-04-08,GDL-01,Occidente,Online,Electrónica,Audífonos Bluetooth,1,704.59,0.0,383.96,Nuevo,Efectivo,False,5,704.59,0.0,704.59,383.96,320.63,45.51,False
ORD-001499,2025-04-08,CAN-01,Sureste,Tienda,Oficina,Silla ergonómica,1,2973.73,0.05,1837.48,Recurrente,Tarjeta,False,4,2973.73,148.69,2825.04,1837.48,987.56,34.96,False
ORD-001688,2025-04-08,CDMX-02,Centro,Tienda,Electrónica,Monitor 24 pulgadas,3,3365.68,0.05,2304.91,Recurrente,Transferencia,False,5,10097.04,504.85,9592.19,6914.73,2677.46,27.91,True
ORD-001712,2025-04-08,GDL-01,Occidente,Online,Oficina,Silla ergonómica,2,2963.64,0.1,1758.44,Nuevo,Efectivo,False,5,5927.28,592.73,5334.55,3516.88,1817.67,34.07,False
ORD-001789,2025-04-08,PUE-01,Centro,Tienda,Oficina,Silla ergonómica,1,2878.21,0.1,1859.53,Recurrente,Tarjeta,False,4,2878.21,287.82,2590.39,1859.53,730.86,28.21,False
ORD-002697,2025-04-08,MER-01,Sureste,Tienda,Hogar,Licuadora,2,1005.44,0.1,544.19,Recurrente,Efectivo,False,4,2010.88,201.09,1809.79,1088.38,721.41,39.86,False
ORD-002707,2025-04-08,CDMX-02,Centro,Tienda,Deportes,Mochila deportiva,1,724.0,0.0,341.54,Recurrente,Tarjeta,False,4,724.0,0.0,724.0,341.54,382.46,52.83,False
ORD-002767,2025-04-08,MER-01,Sureste,Online,Oficina,Organizador de escritorio,1,289.78,0.0,102.57,Recurrente,Tarjeta,False,4,289.78,0.0,289.78,102.57,187.21,64.6,False
ORD-002896,2025-04-08,MER-01,Sureste,Tienda,Electrónica,Monitor 24 pulgadas,3,3377.71,0.0,2321.41,Recurrente,Tarjeta,False,5,10133.13,0.0,10133.13,6964.23,3168.9,31.27,True
ORD-002942,2025-04-08,CDMX-02,Centro,Online,Hogar,Licuadora,2,981.9,0.0,565.51,Recurrente,Efectivo,False,4,1963.8,0.0,1963.8,1131.02,832.78,42.41,False
ORD-002984,2025-04-08,ZAP-01,Occidente,Online,Electrónica,Monitor 24 pulgadas,1,3231.04,0.0,2334.61,Empresa,Efectivo,False,5,3231.04,0.0,3231.04,2334.61,896.43,27.74,False
ORD-003052,2025-04-08,GDL-02,Occidente,Tienda,Electrónica,Teclado mecánico,2,1193.65,0.1,698.1,Recurrente,Tarjeta,False,3,2387.3,238.73,2148.57,1396.2,752.37,35.02,False
ORD-003116,2025-04-08,CDMX-02,Centro,Tienda,Hogar,Juego de sábanas,1,651.64,0.0,309.88,Recurrente,Transferencia,False,4,651.64,0.0,651.64,309.88,341.76,52.45,False
ORD-000029,2025-04-09,CAN-01,Sureste,Online,Electrónica,Monitor 24 pulgadas,3,3250.28,0.0,2360.71,Recurrente,Tarjeta,False,5,9750.84,0.0,9750.84,7082.13,2668.71,27.37,True
ORD-000709,2025-04-09,ZAP-01,Occidente,Tienda,Hogar,Juego de sábanas,2,619.63,0.15,305.37,Recurrente,Efectivo,False,3,1239.26,185.89,1053.37,610.74,442.63,42.02,False
ORD-001248,2025-04-09,MTY-01,Norte,Tienda,Hogar,Cafetera programable,1,1516.13,0.2,870.59,Nuevo,Tarjeta,False,5,1516.13,303.23,1212.9,870.59,342.31,28.22,False
ORD-001324,2025-04-09,VER-01,Golfo,Online,Deportes,Mancuernas 10 kg,2,914.14,0.1,513.31,Recurrente,Efectivo,False,4,1828.28,182.83,1645.45,1026.62,618.83,37.61,False
ORD-001720,2025-04-09,CDMX-02,Centro,Tienda,Deportes,Mochila deportiva,4,720.59,0.1,345.34,Recurrente,Tarjeta,False,1,2882.36,288.24,2594.12,1381.36,1212.76,46.75,False
ORD-002028,2025-04-09,CAN-01,Sureste,Online,Electrónica,Monitor 24 pulgadas,2,3237.18,0.2,2314.22,Recurrente,Tarjeta,False,3,6474.36,1294.87,5179.49,4628.44,551.05,10.64,False
ORD-002060,2025-04-09,GDL-01,Occidente,Tienda,Electrónica,Monitor 24 pulgadas,3,3337.28,0.0,2348.07,Nuevo,Tarjeta,False,3,10011.84,0.0,10011.84,7044.21,2967.63,29.64,True
ORD-003495,2025-04-09,MTY-01,Norte,Tienda,Oficina,Organizador de escritorio,3,291.24,0.05,104.0,Nuevo,Efectivo,False,4,873.72,43.69,830.03,312.0,518.03,62.41,False
ORD-003567,2025-04-09,MTY-02,Norte,Online,Oficina,Organizador de escritorio,1,275.65,0.0,108.9,Recurrente,Tarjeta,False,5,275.65,0.0,275.65,108.9,166.75,60.49,False
ORD-002173,2025-04-10,MTY-01,Norte,Online,Electrónica,Monitor 24 pulgadas,6,3345.55,0.2,2415.88,Recurrente,Efectivo,True,5,20073.3,4014.66,16058.64,14495.28,1563.36,9.74,True
ORD-002202,2025-04-10,CHH-01,Norte,Tienda,Electrónica,Audífonos Bluetooth,1,689.15,0.05,400.36,Nuevo,Tarjeta,True,4,689.15,34.46,654.69,400.36,254.33,38.85,False
ORD-002604,2025-04-10,ZAP-01,Occidente,Tienda,Hogar,Licuadora,2,966.74,0.15,558.35,Nuevo,Tarjeta,False,4,1933.48,290.02,1643.46,1116.7,526.76,32.05,False
ORD-003341,2025-04-10,MER-01,Sureste,Tienda,Electrónica,Audífonos Bluetooth,2,695.8,0.2,382.23,Nuevo,Transferencia,False,3,1391.6,278.32,1113.28,764.46,348.82,31.33,False
ORD-000159,2025-04-11,CDMX-01,Centro,Online,Hogar,Cafetera programable,4,1482.06,0.0,876.9,Empresa,Efectivo,False,4,5928.24,0.0,5928.24,3507.6,2420.64,40.83,False
ORD-000190,2025-04-11,MER-01,Sureste,Online,Deportes,Mancuernas 10 kg,3,882.88,0.0,532.29,Recurrente,Transferencia,False,4,2648.64,0.0,2648.64,1596.87,1051.77,39.71,False
ORD-000278,2025-04-11,CHH-01,Norte,Tienda,Deportes,Tapete de yoga,5,409.85,0.1,163.15,Nuevo,Efectivo,False,3,2049.25,204.92,1844.33,815.75,1028.58,55.77,False
ORD-000935,2025-04-11,CHH-01,Norte,Tienda,Oficina,Silla ergonómica,1,2792.52,0.1,1817.47,Nuevo,Tarjeta,False,3,2792.52,279.25,2513.27,1817.47,695.8,27.69,False
ORD-001258,2025-04-11,GDL-02,Occidente,Tienda,Hogar,Cafetera programable,3,1469.08,0.1,874.44,Nuevo,Efectivo,False,5,4407.24,440.72,3966.52,2623.32,1343.2,33.86,False
ORD-001261,2025-04-11,CDMX-02,Centro,Tienda,Deportes,Mochila deportiva,3,749.68,0.0,340.57,Recurrente,Transferencia,False,4,2249.04,0.0,2249.04,1021.71,1227.33,54.57,False
ORD-001503,2025-04-11,CHH-01,Norte,Tienda,Electrónica,Monitor 24 pulgadas,2,3149.1,0.0,2334.1,Nuevo,Efectivo,False,5,6298.2,0.0,6298.2,4668.2,1630.0,25.88,True
ORD-002550,2025-04-11,VER-01,Golfo,Online,Oficina,Organizador de escritorio,4,281.95,0.0,105.02,Recurrente,Tarjeta,False,4,1127.8,0.0,1127.8,420.08,707.72,62.75,False
ORD-002566,2025-04-11,CDMX-02,Centro,Tienda,Deportes,Mochila deportiva,4,735.99,0.1,337.54,Recurrente,Efectivo,False,4,2943.96,294.4,2649.56,1350.16,1299.4,49.04,False
ORD-002909,2025-04-11,MTY-01,Norte,Tienda,Oficina,Silla ergonómica,1,2933.2,0.1,1765.11,Recurrente,Efectivo,False,5,2933.2,293.32,2639.88,1765.11,874.77,33.14,False
ORD-003085,2025-04-11,VER-01,Golfo,Tienda,Oficina,Silla ergonómica,3,2811.46,0.0,1822.23,Recurrente,Efectivo,False,5,8434.38,0.0,8434.38,5466.69,2967.69,35.19,True
ORD-003092,2025-04-11,GDL-02,Occidente,Online,Electrónica,Teclado mecánico,1,1172.77,0.3,719.16,Empresa,Tarjeta,True,4,1172.77,351.83,820.94,719.16,101.78,12.4,False
ORD-003233,2025-04-11,PUE-01,Centro,Tienda,Hogar,Licuadora,2,981.61,0.15,568.36,Recurrente,Transferencia,False,4,1963.22,294.48,1668.74,1136.72,532.02,31.88,False
ORD-000022,2025-04-12,GDL-02,Occidente,Tienda,Electrónica,Teclado mecánico,2,1210.19,0.05,729.86,Recurrente,Tarjeta,False,4,2420.38,121.02,2299.36,1459.72,839.64,36.52,False
ORD-000123,2025-04-12,CAN-01,Sureste,Tienda,Hogar,Juego de sábanas,1,643.07,0.05,317.03,Recurrente,Efectivo,False,4,643.07,32.15,610.92,317.03,293.89,48.11,False
ORD-000173,2025-04-12,CAN-01,Sureste,Online,Hogar,Juego de sábanas,1,639.91,0.1,316.24,Recurrente,Transferencia,False,4,639.91,63.99,575.92,316.24,259.68,45.09,False
ORD-000290,2025-04-12,MTY-02,Norte,Online,Oficina,Silla ergonómica,2,2929.0,0.1,1831.51,Nuevo,Tarjeta,False,5,5858.0,585.8,5272.2,3663.02,1609.18,30.52,False
ORD-000420,2025-04-12,PUE-01,Centro,Tienda,Hogar,Juego de sábanas,5,639.23,0.05,306.37,Empresa,Tarjeta,False,4,3196.15,159.81,3036.34,1531.85,1504.49,49.55,False
ORD-000739,2025-04-12,VER-01,Golfo,Tienda,Deportes,Tapete de yoga,2,393.54,0.1,157.51,Recurrente,Tarjeta,False,1,787.08,78.71,708.37,315.02,393.35,55.53,False
ORD-000795,2025-04-12,MER-01,Sureste,Tienda,Electrónica,Monitor 24 pulgadas,1,3342.74,0.05,2356.06,Recurrente,Efectivo,False,4,3342.74,167.14,3175.6,2356.06,819.54,25.81,False
ORD-000830,2025-04-12,MTY-01,Norte,Tienda,Hogar,Licuadora,5,1005.98,0.0,563.42,Empresa,Tarjeta,False,5,5029.9,0.0,5029.9,2817.1,2212.8,43.99,False
ORD-000955,2025-04-12,CHH-01,Norte,Online,Electrónica,Monitor 24 pulgadas,1,3286.13,0.1,2339.8,Nuevo,Transferencia,True,4,3286.13,328.61,2957.52,2339.8,617.72,20.89,False
ORD-001437,2025-04-12,MTY-02,Norte,Tienda,Oficina,Silla ergonómica,1,3020.04,0.0,1806.67,Nuevo,Transferencia,True,5,3020.04,0.0,3020.04,1806.67,1213.37,40.18,False
ORD-001601,2025-04-12,CDMX-02,Centro,Tienda,Deportes,Mancuernas 10 kg,5,904.74,0.0,531.85,Recurrente,Efectivo,False,2,4523.7,0.0,4523.7,2659.25,1864.45,41.22,False
ORD-001862,2025-04-12,GDL-02,Occidente,Tienda,Electrónica,Monitor 24 pulgadas,4,3390.19,0.0,2365.61,Nuevo,Efectivo,False,5,13560.76,0.0,13560.76,9462.44,4098.32,30.22,True
ORD-001927,2025-04-12,CHH-01,Norte,Tienda,Oficina,Organizador de escritorio,2,281.27,0.0,104.72,Recurrente,Efectivo,False,4,562.54,0.0,562.54,209.44,353.1,62.77,False
ORD-002012,2025-04-12,MER-01,Sureste,Tienda,Hogar,Juego de sábanas,1,647.99,0.1,303.29,Recurrente,Efectivo,False,5,647.99,64.8,583.19,303.29,279.9,47.99,False
ORD-002702,2025-04-12,GDL-02,Occidente,Tienda,Hogar,Cafetera programable,1,1501.96,0.15,883.13,Nuevo,Tarjeta,False,4,1501.96,225.29,1276.67,883.13,393.54,30.83,False
ORD-003429,2025-04-12,ZAP-01,Occidente,Online,Electrónica,Audífonos Bluetooth,1,712.29,0.15,387.14,Nuevo,Efectivo,False,4,712.29,106.84,605.45,387.14,218.31,36.06,False
ORD-003583,2025-04-12,CDMX-01,Centro,Tienda,Deportes,Tapete de yoga,1,406.95,0.1,158.95,Nuevo,Efectivo,False,5,406.95,40.7,366.25,158.95,207.3,56.6,False
ORD-000914,2025-04-13,MTY-01,Norte,Tienda,Hogar,Juego de sábanas,2,637.83,0.05,313.03,Empresa,Tarjeta,False,5,1275.66,63.78,1211.88,626.06,585.82,48.34,False
ORD-001871,2025-04-13,VER-01,Golfo,Tienda,Deportes,Mancuernas 10 kg,1,888.3,0.0,508.45,Nuevo,Tarjeta,False,3,888.3,0.0,888.3,508.45,379.85,42.76,False
ORD-001985,2025-04-13,GDL-01,Occidente,Online,Electrónica,Audífonos Bluetooth,3,678.65,0.1,383.19,Recurrente,Efectivo,False,3,2035.95,203.6,1832.35,1149.57,682.78,37.26,False
ORD-002096,2025-04-13,CAN-01,Sureste,Tienda,Deportes,Mochila deportiva,1,727.7,0.05,333.58,Recurrente,Efectivo,False,3,727.7,36.39,691.31,333.58,357.73,51.75,False
ORD-002779,2025-04-13,ZAP-01,Occidente,Online,Hogar,Juego de sábanas,1,635.4,0.0,311.45,Recurrente,Tarjeta,False,4,635.4,0.0,635.4,311.45,323.95,50.98,False
ORD-003315,2025-04-13,VER-01,Golfo,Online,Deportes,Tapete de yoga,6,403.12,0.05,162.56,Recurrente,Tarjeta,True,5,2418.72,120.94,2297.78,975.36,1322.42,57.55,False
ORD-003445,2025-04-13,CDMX-01,Centro,Tienda,Oficina,Silla ergonómica,1,3033.77,0.15,1808.74,Recurrente,Efectivo,False,3,3033.77,455.07,2578.7,1808.74,769.96,29.86,False
ORD-000135,2025-04-14,CDMX-01,Centro,Tienda,Deportes,Mochila deportiva,2,753.79,0.1,332.95,Nuevo,Tarjeta,False,5,1507.58,150.76,1356.82,665.9,690.92,50.92,False
ORD-000333,2025-04-14,VER-01,Golfo,Tienda,Hogar,Licuadora,3,1001.54,0.0,557.98,Nuevo,Tarjeta,False,3,3004.62,0.0,3004.62,1673.94,1330.68,44.29,False
ORD-000511,2025-04-14,MTY-01,Norte,Online,Electrónica,Monitor 24 pulgadas,3,3330.46,0.0,2414.84,Empresa,Efectivo,False,1,9991.38,0.0,9991.38,7244.52,2746.86,27.49,True
ORD-000712,2025-04-14,MER-01,Sureste,Tienda,Hogar,Juego de sábanas,3,654.12,0.1,307.45,Nuevo,Tarjeta,False,4,1962.36,196.24,1766.12,922.35,843.77,47.78,False
ORD-000815,2025-04-14,ZAP-01,Occidente,Tienda,Hogar,Cafetera programable,1,1594.21,0.0,860.55,Nuevo,Tarjeta,False,5,1594.21,0.0,1594.21,860.55,733.66,46.02,False
ORD-001102,2025-04-14,MTY-01,Norte,Online,Oficina,Silla ergonómica,1,2852.12,0.05,1856.0,Recurrente,Tarjeta,False,4,2852.12,142.61,2709.51,1856.0,853.51,31.5,False
ORD-001344,2025-04-14,CDMX-01,Centro,Online,Oficina,Silla ergonómica,2,2902.94,0.05,1801.58,Nuevo,Tarjeta,True,5,5805.88,290.29,5515.59,3603.16,1912.43,34.67,False
ORD-001396,2025-04-14,MTY-02,Norte,Online,Oficina,Organizador de escritorio,4,280.61,0.05,106.11,Nuevo,Tarjeta,False,3,1122.44,56.12,1066.32,424.44,641.88,60.2,False
ORD-001566,2025-04-14,GDL-02,Occidente,Tienda,Electrónica,Monitor 24 pulgadas,2,3404.29,0.05,2361.06,Nuevo,Tarjeta,False,4,6808.58,340.43,6468.15,4722.12,1746.03,26.99,True
ORD-002105,2025-04-14,GDL-01,Occidente,Tienda,Hogar,Licuadora,1,1002.74,0.15,568.47,Empresa,Efectivo,False,2,1002.74,150.41,852.33,568.47,283.86,33.3,False
ORD-002378,2025-04-14,MER-01,Sureste,Tienda,Oficina,Organizador de escritorio,3,281.27,0.2,105.52,Recurrente,Efectivo,False,3,843.81,168.76,675.05,316.56,358.49,53.11,False
ORD-002845,2025-04-14,CDMX-02,Centro,Tienda,Oficina,Silla ergonómica,3,2834.49,0.3,1834.85,Recurrente,Tarjeta,False,2,8503.47,2551.04,5952.43,5504.55,447.88,7.52,False
ORD-003077,2025-04-14,MER-01,Sureste,Tienda,Electrónica,Teclado mecánico,3,1194.68,0.15,700.47,Nuevo,Efectivo,False,3,3584.04,537.61,3046.43,2101.41,945.02,31.02,False
ORD-003319,2025-04-14,VER-01,Golfo,Tienda,Hogar,Juego de sábanas,1,657.9,0.1,304.02,Recurrente,Transferencia,False,4,657.9,65.79,592.11,304.02,288.09,48.65,False
ORD-000328,2025-04-15,GDL-02,Occidente,Online,Electrónica,Audífonos Bluetooth,4,723.53,0.2,382.48,Recurrente,Transferencia,False,3,2894.12,578.82,2315.3,1529.92,785.38,33.92,False
ORD-000419,2025-04-15,MTY-02,Norte,Online,Oficina,Organizador de escritorio,3,286.27,0.0,104.63,Nuevo,Tarjeta,False,4,858.81,0.0,858.81,313.89,544.92,63.45,False
ORD-000980,2025-04-15,PUE-01,Centro,Tienda,Hogar,Cafetera programable,4,1516.75,0.2,869.97,Recurrente,Efectivo,True,5,6067.0,1213.4,4853.6,3479.88,1373.72,28.3,False
ORD-001061,2025-04-15,MTY-02,Norte,Tienda,Oficina,Silla ergonómica,1,2808.11,0.0,1832.86,Recurrente,Efectivo,False,5,2808.11,0.0,2808.11,1832.86,975.25,34.73,False
ORD-001255,2025-04-15,GDL-01,Occidente,Tienda,Oficina,Silla ergonómica,1,2879.24,0.15,1817.07,Nuevo,Tarjeta,False,2,2879.24,431.89,2447.35,1817.07,630.28,25.75,False
ORD-001330,2025-04-15,MTY-02,Norte,Online,Electrónica,Teclado mecánico,2,1150.5,0.0,715.57,Empresa,Tarjeta,True,3,2301.0,0.0,2301.0,1431.14,869.86,37.8,False
ORD-001491,2025-04-15,ZAP-01,Occidente,Online,Deportes,Mochila deportiva,2,807.47,0.0,345.04,Nuevo,Tarjeta,False,5,1614.94,0.0,1614.94,690.08,924.86,57.27,False
ORD-001944,2025-04-15,MTY-02,Norte,Tienda,Electrónica,Audífonos Bluetooth,1,668.33,0.05,394.06,Recurrente,Efectivo,False,5,668.33,33.42,634.91,394.06,240.85,37.93,False
ORD-002496,2025-04-15,PUE-01,Centro,Tienda,Hogar,Licuadora,1,992.79,0.15,551.44,Recurrente,Tarjeta,False,4,992.79,148.92,843.87,551.44,292.43,34.65,False
ORD-002676,2025-04-15,ZAP-01,Occidente,Tienda,Hogar,Licuadora,2,1006.39,0.2,561.11,Nuevo,Efectivo,False,2,2012.78,402.56,1610.22,1122.22,488.0,30.31,False
ORD-003044,2025-04-15,CHH-01,Norte,Tienda,Deportes,Tapete de yoga,2,405.11,0.0,155.09,Recurrente,Efectivo,False,3,810.22,0.0,810.22,310.18,500.04,61.72,False
ORD-000338,2025-04-16,VER-01,Golfo,Tienda,Oficina,Silla ergonómica,2,2857.05,0.0,1839.95,Nuevo,Tarjeta,False,4,5714.1,0.0,5714.1,3679.9,2034.2,35.6,False
ORD-000929,2025-04-16,MTY-01,Norte,Tienda,Oficina,Lámpara LED,2,572.72,0.0,236.27,Nuevo,Efectivo,False,5,1145.44,0.0,1145.44,472.54,672.9,58.75,False
ORD-001954,2025-04-16,MTY-01,Norte,Tienda,Hogar,Licuadora,2,993.58,0.1,571.74,Recurrente,Tarjeta,False,4,1987.16,198.72,1788.44,1143.48,644.96,36.06,False
ORD-002470,2025-04-16,ZAP-01,Occidente,Tienda,Hogar,Licuadora,3,1022.65,0.0,559.55,Empresa,Tarjeta,False,4,3067.95,0.0,3067.95,1678.65,1389.3,45.28,False
ORD-003167,2025-04-16,MTY-01,Norte,Tienda,Hogar,Licuadora,1,957.09,0.3,562.2,Recurrente,Tarjeta,False,5,957.09,287.13,669.96,562.2,107.76,16.08,False
ORD-003345,2025-04-16,PUE-01,Centro,Tienda,Oficina,Lámpara LED,1,538.03,0.1,237.67,Recurrente,Tarjeta,False,4,538.03,53.8,484.23,237.67,246.56,50.92,False
ORD-003563,2025-04-16,CHH-01,Norte,Online,Electrónica,Monitor 24 pulgadas,2,3335.83,0.15,2335.21,Nuevo,Tarjeta,False,5,6671.66,1000.75,5670.91,4670.42,1000.49,17.64,False
ORD-000122,2025-04-17,MTY-02,Norte,Tienda,Hogar,Licuadora,2,992.24,0.1,559.93,Nuevo,Efectivo,False,4,1984.48,198.45,1786.03,1119.86,666.17,37.3,False
ORD-000209,2025-04-17,GDL-01,Occidente,Tienda,Hogar,Juego de sábanas,1,649.05,0.2,311.84,Recurrente,Tarjeta,False,5,649.05,129.81,519.24,311.84,207.4,39.94,False
ORD-001225,2025-04-17,GDL-02,Occidente,Tienda,Deportes,Tapete de yoga,1,395.32,0.0,160.47,Nuevo,Efectivo,True,5,395.32,0.0,395.32,160.47,234.85,59.41,False
ORD-001358,2025-04-17,CDMX-02,Centro,Tienda,Electrónica,Monitor 24 pulgadas,1,3349.27,0.0,2348.2,Nuevo,Tarjeta,False,5,3349.27,0.0,3349.27,2348.2,1001.07,29.89,False
ORD-001581,2025-04-17,MTY-01,Norte,Online,Oficina,Organizador de escritorio,3,284.92,0.15,102.12,Recurrente,Efectivo,False,4,854.76,128.21,726.55,306.36,420.19,57.83,False
ORD-001794,2025-04-17,CHH-01,Norte,Tienda,Hogar,Cafetera programable,1,1480.09,0.2,868.63,Recurrente,Tarjeta,False,4,1480.09,296.02,1184.07,868.63,315.44,26.64,False
ORD-002606,2025-04-17,VER-01,Golfo,Tienda,Hogar,Licuadora,2,1035.82,0.0,561.14,Recurrente,Efectivo,False,4,2071.64,0.0,2071.64,1122.28,949.36,45.83,False
ORD-002977,2025-04-17,MTY-02,Norte,Tienda,Electrónica,Audífonos Bluetooth,2,715.57,0.0,385.48,Recurrente,Tarjeta,False,5,1431.14,0.0,1431.14,770.96,660.18,46.13,False
ORD-003275,2025-04-17,PUE-01,Centro,Tienda,Electrónica,Audífonos Bluetooth,3,712.19,0.0,390.59,Nuevo,Efectivo,False,5,2136.57,0.0,2136.57,1171.77,964.8,45.16,False
ORD-003385,2025-04-17,CHH-01,Norte,Tienda,Deportes,Tapete de yoga,2,416.4,0.3,155.84,Recurrente,Transferencia,False,4,832.8,249.84,582.96,311.68,271.28,46.53,False
ORD-003584,2025-04-17,GDL-02,Occidente,Online,Oficina,Silla ergonómica,3,2974.29,0.05,1785.21,Recurrente,Tarjeta,False,4,8922.87,446.14,8476.73,5355.63,3121.1,36.82,True
ORD-000518,2025-04-18,ZAP-01,Occidente,Tienda,Hogar,Cafetera programable,2,1507.31,0.1,891.9,Nuevo,Tarjeta,False,5,3014.62,301.46,2713.16,1783.8,929.36,34.25,False
ORD-000835,2025-04-18,CHH-01,Norte,Online,Electrónica,Monitor 24 pulgadas,2,3378.15,0.1,2426.2,Nuevo,Tarjeta,False,3,6756.3,675.63,6080.67,4852.4,1228.27,20.2,False
ORD-001932,2025-04-18,ZAP-01,Occidente,Online,Electrónica,Monitor 24 pulgadas,1,3202.42,0.0,2330.34,Nuevo,Tarjeta,False,3,3202.42,0.0,3202.42,2330.34,872.08,27.23,False
ORD-001971,2025-04-18,ZAP-01,Occidente,Tienda,Hogar,Licuadora,1,999.99,0.05,573.68,Recurrente,Tarjeta,False,4,999.99,50.0,949.99,573.68,376.31,39.61,False
ORD-002165,2025-04-18,CDMX-02,Centro,Tienda,Electrónica,Monitor 24 pulgadas,4,3286.33,0.15,2393.41,Nuevo,Tarjeta,False,2,13145.32,1971.8,11173.52,9573.64,1599.88,14.32,True
ORD-002333,2025-04-18,CHH-01,Norte,Online,Hogar,Cafetera programable,2,1525.74,0.05,867.57,Nuevo,Tarjeta,False,5,3051.48,152.57,2898.91,1735.14,1163.77,40.15,False
ORD-002339,2025-04-18,VER-01,Golfo,Tienda,Hogar,Juego de sábanas,2,678.02,0.05,309.02,Nuevo,Tarjeta,False,4,1356.04,67.8,1288.24,618.04,670.2,52.02,False
ORD-002370,2025-04-18,VER-01,Golfo,Tienda,Electrónica,Audífonos Bluetooth,1,717.39,0.2,392.03,Nuevo,Tarjeta,False,4,717.39,143.48,573.91,392.03,181.88,31.69,False
ORD-002438,2025-04-18,MER-01,Sureste,Tienda,Electrónica,Teclado mecánico,4,1142.86,0.0,727.0,Empresa,Efectivo,False,4,4571.44,0.0,4571.44,2908.0,1663.44,36.39,False
ORD-002781,2025-04-18,CAN-01,Sureste,Tienda,Hogar,Cafetera programable,3,1498.24,0.1,863.58,Nuevo,Tarjeta,False,5,4494.72,449.47,4045.25,2590.74,1454.51,35.96,False
ORD-003427,2025-04-18,MTY-01,Norte,Tienda,Electrónica,Teclado mecánico,1,1194.8,0.05,715.34,Recurrente,Transferencia,False,5,1194.8,59.74,1135.06,715.34,419.72,36.98,False
ORD-000510,2025-04-19,MER-01,Sureste,Tienda,Hogar,Cafetera programable,2,1498.08,0.0,860.39,Recurrente,Tarjeta,False,4,2996.16,0.0,2996.16,1720.78,1275.38,42.57,False
ORD-000692,2025-04-19,MTY-02,Norte,Tienda,Deportes,Mochila deportiva,1,756.56,0.0,340.63,Nuevo,Tarjeta,False,3,756.56,0.0,756.56,340.63,415.93,54.98,False
ORD-001410,2025-04-19,CAN-01,Sureste,Online,Deportes,Tapete de yoga,2,408.39,0.05,161.55,Recurrente,Efectivo,False,4,816.78,40.84,775.94,323.1,452.84,58.36,False
ORD-001468,2025-04-19,CHH-01,Norte,Online,Electrónica,Audífonos Bluetooth,2,707.82,0.1,384.58,Recurrente,Efectivo,False,3,1415.64,141.56,1274.08,769.16,504.92,39.63,False
ORD-001759,2025-04-19,VER-01,Golfo,Tienda,Hogar,Licuadora,4,966.92,0.05,552.57,Empresa,Transferencia,False,5,3867.68,193.38,3674.3,2210.28,1464.02,39.84,False
ORD-001848,2025-04-19,CHH-01,Norte,Tienda,Deportes,Mochila deportiva,1,736.65,0.05,338.17,Nuevo,Efectivo,False,2,736.65,36.83,699.82,338.17,361.65,51.68,False
ORD-002971,2025-04-19,GDL-02,Occidente,Tienda,Hogar,Juego de sábanas,5,631.29,0.1,314.34,Recurrente,Efectivo,False,5,3156.45,315.64,2840.81,1571.7,1269.11,44.67,False
ORD-003263,2025-04-19,CDMX-01,Centro,Tienda,Oficina,Organizador de escritorio,1,292.33,0.0,104.89,Recurrente,Tarjeta,False,5,292.33,0.0,292.33,104.89,187.44,64.12,False
ORD-000016,2025-04-20,MER-01,Sureste,Tienda,Deportes,Mochila deportiva,5,770.67,0.05,342.59,Recurrente,Tarjeta,False,5,3853.35,192.67,3660.68,1712.95,1947.73,53.21,False
ORD-000073,2025-04-20,MER-01,Sureste,Tienda,Electrónica,Audífonos Bluetooth,1,703.25,0.1,384.47,Recurrente,Tarjeta,False,5,703.25,70.32,632.93,384.47,248.46,39.26,False
ORD-000620,2025-04-20,ZAP-01,Occidente,Online,Deportes,Mancuernas 10 kg,1,902.57,0.1,512.37,Nuevo,Tarjeta,False,5,902.57,90.26,812.31,512.37,299.94,36.92,False
ORD-000817,2025-04-20,CAN-01,Sureste,Tienda,Oficina,Silla ergonómica,2,2790.77,0.1,1829.95,Recurrente,Tarjeta,False,5,5581.54,558.15,5023.39,3659.9,1363.49,27.14,False
ORD-001066,2025-04-20,CDMX-01,Centro,Tienda,Electrónica,Audífonos Bluetooth,3,696.97,0.15,386.42,Recurrente,Efectivo,False,4,2090.91,313.64,1777.27,1159.26,618.01,34.77,False
ORD-002527,2025-04-20,MTY-01,Norte,Tienda,Oficina,Silla ergonómica,1,3106.92,0.0,1832.17,Recurrente,Efectivo,False,4,3106.92,0.0,3106.92,1832.17,1274.75,41.03,False
ORD-002850,2025-04-20,MTY-02,Norte,Online,Electrónica,Teclado mecánico,1,1212.62,0.05,726.05,Recurrente,Tarjeta,False,3,1212.62,60.63,1151.99,726.05,425.94,36.97,False
ORD-003291,2025-04-20,CAN-01,Sureste,Tienda,Electrónica,Audífonos Bluetooth,3,695.73,0.15,374.22,Recurrente,Tarjeta,False,2,2087.19,313.08,1774.11,1122.66,651.45,36.72,False
ORD-003536,2025-04-20,MTY-02,Norte,Online,Hogar,Cafetera programable,2,1406.77,0.3,872.33,Nuevo,Tarjeta,False,5,2813.54,844.06,1969.48,1744.66,224.82,11.42,False
ORD-003544,2025-04-20,CAN-01,Sureste,Tienda,Electrónica,Monitor 24 pulgadas,2,3233.24,0.2,2306.21,Recurrente,Tarjeta,False,4,6466.48,1293.3,5173.18,4612.42,560.76,10.84,False
ORD-003555,2025-04-20,VER-01,Golfo,Tienda,Hogar,Cafetera programable,1,1475.24,0.0,862.83,Nuevo,Tarjeta,False,4,1475.24,0.0,1475.24,862.83,612.41,41.51,False
ORD-000525,2025-04-21,GDL-01,Occidente,Tienda,Oficina,Silla ergonómica,3,2816.37,0.1,1809.22,Nuevo,Tarjeta,False,4,8449.11,844.91,7604.2,5427.66,2176.54,28.62,True
ORD-000534,2025-04-21,GDL-01,Occidente,Online,Electrónica,Audífonos Bluetooth,3,704.1,0.1,390.59,Recurrente,Tarjeta,False,4,2112.3,211.23,1901.07,1171.77,729.3,38.36,False
ORD-000836,2025-04-21,MER-01,Sureste,Tienda,Deportes,Tapete de yoga,1,401.68,0.05,167.47,Recurrente,Tarjeta,False,2,401.68,20.08,381.6,167.47,214.13,56.11,False
ORD-001646,2025-04-21,PUE-01,Centro,Tienda,Hogar,Juego de sábanas,6,655.06,0.1,298.09,Nuevo,Tarjeta,False,5,3930.36,393.04,3537.32,1788.54,1748.78,49.44,False
ORD-002076,2025-04-21,CAN-01,Sureste,Online,Oficina,Silla ergonómica,1,2851.47,0.3,1846.72,Nuevo,Tarjeta,True,4,2851.47,855.44,1996.03,1846.72,149.31,7.48,False
ORD-002479,2025-04-21,MTY-01,Norte,Tienda,Electrónica,Teclado mecánico,3,1169.05,0.05,739.45,Nuevo,Tarjeta,False,3,3507.15,175.36,3331.79,2218.35,1113.44,33.42,False
ORD-002816,2025-04-21,CHH-01,Norte,Tienda,Electrónica,Teclado mecánico,5,1200.11,0.1,722.71,Recurrente,Tarjeta,False,3,6000.55,600.06,5400.49,3613.55,1786.94,33.09,False
ORD-002917,2025-04-21,MTY-02,Norte,Tienda,Deportes,Tapete de yoga,2,407.19,0.0,161.84,Nuevo,Efectivo,False,4,814.38,0.0,814.38,323.68,490.7,60.25,False
ORD-003180,2025-04-21,ZAP-01,Occidente,Tienda,Hogar,Juego de sábanas,1,662.02,0.0,306.14,Nuevo,Tarjeta,False,2,662.02,0.0,662.02,306.14,355.88,53.76,False
ORD-003283,2025-04-21,GDL-01,Occidente,Online,Oficina,Organizador de escritorio,1,285.62,0.2,102.55,Recurrente,Transferencia,False,4,285.62,57.12,228.5,102.55,125.95,55.12,False
ORD-000055,2025-04-22,GDL-02,Occidente,Tienda,Oficina,Silla ergonómica,4,2854.47,0.15,1860.89,Recurrente,Transferencia,True,4,11417.88,1712.68,9705.2,7443.56,2261.64,23.3,True
ORD-000181,2025-04-22,CAN-01,Sureste,Tienda,Electrónica,Monitor 24 pulgadas,1,3242.56,0.0,2333.73,Nuevo,Efectivo,False,4,3242.56,0.0,3242.56,2333.73,908.83,28.03,False
ORD-001233,2025-04-22,GDL-01,Occidente,Online,Deportes,Tapete de yoga,4,409.16,0.05,160.41,Nuevo,Transferencia,False,5,1636.64,81.83,1554.81,641.64,913.17,58.73,False
ORD-001303,2025-04-22,CDMX-01,Centro,Tienda,Oficina,Silla ergonómica,1,3010.76,0.1,1797.43,Nuevo,Tarjeta,False,3,3010.76,301.08,2709.68,1797.43,912.25,33.67,False
ORD-001390,2025-04-22,CDMX-01,Centro,Tienda,Oficina,Lámpara LED,1,557.83,0.1,250.48,Recurrente,Tarjeta,False,4,557.83,55.78,502.05,250.48,251.57,50.11,False
ORD-001458,2025-04-22,PUE-01,Centro,Online,Electrónica,Monitor 24 pulgadas,3,3259.16,0.3,2351.45,Recurrente,Tarjeta,False,3,9777.48,2933.24,6844.24,7054.35,-210.11,-3.07,True
ORD-001797,2025-04-22,CAN-01,Sureste,Tienda,Electrónica,Teclado mecánico,2,1231.94,0.15,718.36,Nuevo,Tarjeta,False,4,2463.88,369.58,2094.3,1436.72,657.58,31.4,False
ORD-002232,2025-04-22,GDL-02,Occidente,Tienda,Hogar,Juego de sábanas,2,688.81,0.1,308.23,Recurrente,Efectivo,False,5,1377.62,137.76,1239.86,616.46,623.4,50.28,False
ORD-002556,2025-04-22,VER-01,Golfo,Tienda,Hogar,Licuadora,2,931.42,0.0,563.94,Nuevo,Efectivo,False,2,1862.84,0.0,1862.84,1127.88,734.96,39.45,False
ORD-000509,2025-04-23,GDL-02,Occidente,Online,Hogar,Juego de sábanas,1,647.8,0.05,309.48,Nuevo,Tarjeta,False,3,647.8,32.39,615.41,309.48,305.93,49.71,False
ORD-000758,2025-04-23,CDMX-01,Centro,Tienda,Deportes,Mancuernas 10 kg,2,920.95,0.15,507.03,Recurrente,Efectivo,False,2,1841.9,276.29,1565.61,1014.06,551.55,35.23,False
ORD-000871,2025-04-23,PUE-01,Centro,Online,Deportes,Mochila deportiva,3,739.86,0.0,338.14,Recurrente,Tarjeta,False,5,2219.58,0.0,2219.58,1014.42,1205.16,54.3,False
ORD-001144,2025-04-23,MER-01,Sureste,Tienda,Deportes,Mochila deportiva,1,738.68,0.1,338.51,Empresa,Transferencia,False,5,738.68,73.87,664.81,338.51,326.3,49.08,False
ORD-002189,2025-04-23,CHH-01,Norte,Tienda,Hogar,Licuadora,2,1016.27,0.05,551.56,Recurrente,Tarjeta,False,3,2032.54,101.63,1930.91,1103.12,827.79,42.87,False
ORD-002452,2025-04-23,GDL-01,Occidente,Tienda,Oficina,Lámpara LED,1,528.71,0.05,244.73,Nuevo,Efectivo,True,4,528.71,26.44,502.27,244.73,257.54,51.28,False
ORD-002649,2025-04-23,CHH-01,Norte,Tienda,Deportes,Mancuernas 10 kg,2,911.09,0.05,509.31,Nuevo,Tarjeta,False,2,1822.18,91.11,1731.07,1018.62,712.45,41.16,False
ORD-002788,2025-04-23,CDMX-02,Centro,Tienda,Deportes,Tapete de yoga,1,407.47,0.1,160.18,Nuevo,Tarjeta,False,5,407.47,40.75,366.72,160.18,206.54,56.32,False
ORD-002806,2025-04-23,GDL-01,Occidente,Online,Hogar,Licuadora,2,999.36,0.0,557.69,Recurrente,Transferencia,False,4,1998.72,0.0,1998.72,1115.38,883.34,44.2,False
ORD-003054,2025-04-23,MTY-02,Norte,Tienda,Deportes,Mochila deportiva,2,728.8,0.1,334.25,Empresa,Tarjeta,False,4,1457.6,145.76,1311.84,668.5,643.34,49.04,False
ORD-003395,2025-04-23,CHH-01,Norte,Online,Oficina,Silla ergonómica,4,2865.78,0.15,1821.75,Recurrente,Tarjeta,False,5,11463.12,1719.47,9743.65,7287.0,2456.65,25.21,True
ORD-000296,2025-04-24,MER-01,Sureste,Tienda,Electrónica,Monitor 24 pulgadas,1,3253.9,0.1,2354.07,Recurrente,Tarjeta,False,3,3253.9,325.39,2928.51,2354.07,574.44,19.62,False
ORD-001051,2025-04-24,CAN-01,Sureste,Tienda,Oficina,Silla ergonómica,1,3068.66,0.15,1823.67,Recurrente,Tarjeta,False,5,3068.66,460.3,2608.36,1823.67,784.69,30.08,False
ORD-001362,2025-04-24,GDL-02,Occidente,Tienda,Oficina,Lámpara LED,2,558.09,0.0,245.92,Empresa,Tarjeta,False,4,1116.18,0.0,1116.18,491.84,624.34,55.94,False
ORD-001617,2025-04-24,MTY-01,Norte,Online,Electrónica,Audífonos Bluetooth,1,700.13,0.0,374.39,Recurrente,Tarjeta,False,5,700.13,0.0,700.13,374.39,325.74,46.53,False
ORD-002081,2025-04-24,CDMX-01,Centro,Online,Deportes,Mancuernas 10 kg,4,874.13,0.05,514.1,Recurrente,Tarjeta,False,5,3496.52,174.83,3321.69,2056.4,1265.29,38.09,False
ORD-002710,2025-04-24,GDL-02,Occidente,Tienda,Electrónica,Audífonos Bluetooth,3,681.93,0.05,385.88,Nuevo,Transferencia,False,3,2045.79,102.29,1943.5,1157.64,785.86,40.44,False
ORD-002814,2025-04-24,MTY-01,Norte,Online,Oficina,Organizador de escritorio,5,292.77,0.2,104.76,Nuevo,Efectivo,False,3,1463.85,292.77,1171.08,523.8,647.28,55.27,False
ORD-000059,2025-04-25,CHH-01,Norte,Online,Electrónica,Audífonos Bluetooth,1,704.24,0.05,386.47,Recurrente,Tarjeta,False,5,704.24,35.21,669.03,386.47,282.56,42.23,False
ORD-000081,2025-04-25,CDMX-02,Centro,Tienda,Deportes,Tapete de yoga,4,402.81,0.15,155.95,Recurrente,Efectivo,False,3,1611.24,241.69,1369.55,623.8,745.75,54.45,False
ORD-001533,2025-04-25,MTY-01,Norte,Tienda,Oficina,Silla ergonómica,2,2990.88,0.0,1817.86,Nuevo,Tarjeta,False,4,5981.76,0.0,5981.76,3635.72,2346.04,39.22,False
ORD-001841,2025-04-25,CDMX-02,Centro,Tienda,Deportes,Mochila deportiva,3,721.59,0.1,341.16,Recurrente,Tarjeta,False,5,2164.77,216.48,1948.29,1023.48,924.81,47.47,False
ORD-002295,2025-04-25,GDL-01,Occidente,Tienda,Electrónica,Monitor 24 pulgadas,3,3240.7,0.0,2389.17,Recurrente,Tarjeta,True,4,9722.1,0.0,9722.1,7167.51,2554.59,26.28,True
ORD-002663,2025-04-25,MTY-01,Norte,Tienda,Deportes,Mochila deportiva,3,726.54,0.0,341.35,Recurrente,Tarjeta,False,3,2179.62,0.0,2179.62,1024.05,1155.57,53.02,False
ORD-003117,2025-04-25,MTY-02,Norte,Online,Electrónica,Audífonos Bluetooth,1,687.96,0.2,379.79,Recurrente,Tarjeta,False,5,687.96,137.59,550.37,379.79,170.58,30.99,False
ORD-000152,2025-04-26,CHH-01,Norte,Tienda,Deportes,Tapete de yoga,3,392.56,0.0,156.99,Recurrente,Tarjeta,False,3,1177.68,0.0,1177.68,470.97,706.71,60.01,False
ORD-000279,2025-04-26,CDMX-02,Centro,Tienda,Hogar,Juego de sábanas,5,647.45,0.2,305.92,Recurrente,Tarjeta,False,5,3237.25,647.45,2589.8,1529.6,1060.2,40.94,False
ORD-000308,2025-04-26,CDMX-01,Centro,Tienda,Electrónica,Audífonos Bluetooth,1,712.37,0.05,389.15,Recurrente,Tarjeta,False,2,712.37,35.62,676.75,389.15,287.6,42.5,False
ORD-000522,2025-04-26,VER-01,Golfo,Online,Hogar,Juego de sábanas,5,668.42,0.05,308.21,Nuevo,Tarjeta,False,5,3342.1,167.1,3175.0,1541.05,1633.95,51.46,False
ORD-000701,2025-04-26,MTY-02,Norte,Tienda,Electrónica,Monitor 24 pulgadas,1,3224.56,0.1,2321.08,Nuevo,Tarjeta,False,4,3224.56,322.46,2902.1,2321.08,581.02,20.02,False
ORD-000949,2025-04-26,CDMX-01,Centro,Online,Hogar,Cafetera programable,1,1475.96,0.05,866.78,Nuevo,Tarjeta,False,5,1475.96,73.8,1402.16,866.78,535.38,38.18,False
ORD-001228,2025-04-26,CHH-01,Norte,Tienda,Oficina,Lámpara LED,2,540.94,0.1,237.72,Nuevo,Transferencia,False,5,1081.88,108.19,973.69,475.44,498.25,51.17,False
ORD-001278,2025-04-26,CDMX-02,Centro,Online,Oficina,Silla ergonómica,2,2828.99,0.0,1781.84,Nuevo,Tarjeta,False,5,5657.98,0.0,5657.98,3563.68,2094.3,37.01,False
ORD-001446,2025-04-26,PUE-01,Centro,Online,Deportes,Mancuernas 10 kg,5,913.9,0.15,533.13,Nuevo,Tarjeta,False,3,4569.5,685.42,3884.08,2665.65,1218.43,31.37,False
ORD-001919,2025-04-26,MTY-02,Norte,Online,Oficina,Silla ergonómica,2,2854.35,0.1,1808.8,Nuevo,Efectivo,False,3,5708.7,570.87,5137.83,3617.6,1520.23,29.59,False
ORD-002341,2025-04-26,CAN-01,Sureste,Online,Deportes,Tapete de yoga,1,393.54,0.0,159.12,Empresa,Efectivo,False,5,393.54,0.0,393.54,159.12,234.42,59.57,False
ORD-002408,2025-04-26,CDMX-02,Centro,Tienda,Deportes,Mochila deportiva,2,748.25,0.05,342.98,Nuevo,Efectivo,False,4,1496.5,74.82,1421.68,685.96,735.72,51.75,False
ORD-003238,2025-04-26,CHH-01,Norte,Online,Oficina,Silla ergonómica,4,2834.0,0.2,1826.63,Recurrente,Tarjeta,False,5,11336.0,2267.2,9068.8,7306.52,1762.28,19.43,True
ORD-000255,2025-04-27,MTY-02,Norte,Tienda,Electrónica,Monitor 24 pulgadas,6,3366.64,0.15,2325.36,Recurrente,Tarjeta,False,4,20199.84,3029.98,17169.86,13952.16,3217.7,18.74,True
ORD-000363,2025-04-27,MTY-01,Norte,Tienda,Oficina,Silla ergonómica,4,2790.08,0.0,1803.58,Nuevo,Tarjeta,False,5,11160.32,0.0,11160.32,7214.32,3946.0,35.36,True
ORD-000657,2025-04-27,GDL-01,Occidente,Online,Deportes,Mochila deportiva,5,763.04,0.15,344.23,Recurrente,Tarjeta,False,5,3815.2,572.28,3242.92,1721.15,1521.77,46.93,False
ORD-000984,2025-04-27,GDL-01,Occidente,Tienda,Deportes,Tapete de yoga,3,417.09,0.1,161.68,Nuevo,Tarjeta,False,5,1251.27,125.13,1126.14,485.04,641.1,56.93,False
ORD-001473,2025-04-27,PUE-01,Centro,Online,Hogar,Cafetera programable,1,1433.58,0.1,876.44,Empresa,Efectivo,False,4,1433.58,143.36,1290.22,876.44,413.78,32.07,False
ORD-001796,2025-04-27,CHH-01,Norte,Online,Oficina,Silla ergonómica,2,2934.51,0.05,1769.88,Recurrente,Tarjeta,False,5,5869.02,293.45,5575.57,3539.76,2035.81,36.51,False
ORD-001928,2025-04-27,VER-01,Golfo,Online,Oficina,Organizador de escritorio,5,290.35,0.15,105.36,Nuevo,Tarjeta,False,4,1451.75,217.76,1233.99,526.8,707.19,57.31,False
ORD-002733,2025-04-27,MER-01,Sureste,Tienda,Oficina,Organizador de escritorio,1,276.27,0.1,105.96,Recurrente,Efectivo,False,3,276.27,27.63,248.64,105.96,142.68,57.38,False
ORD-003447,2025-04-27,MER-01,Sureste,Tienda,Electrónica,Teclado mecánico,1,1219.08,0.05,722.35,Nuevo,Tarjeta,False,3,1219.08,60.95,1158.13,722.35,435.78,37.63,False
ORD-000831,2025-04-28,MTY-02,Norte,Tienda,Hogar,Licuadora,5,963.7,0.3,552.0,Recurrente,Efectivo,False,4,4818.5,1445.55,3372.95,2760.0,612.95,18.17,False
ORD-001024,2025-04-28,VER-01,Golfo,Tienda,Deportes,Mochila deportiva,3,744.34,0.3,333.67,Recurrente,Efectivo,False,4,2233.02,669.91,1563.11,1001.01,562.1,35.96,False
ORD-001475,2025-04-28,GDL-02,Occidente,Online,Hogar,Licuadora,2,984.37,0.0,558.82,Nuevo,Transferencia,False,4,1968.74,0.0,1968.74,1117.64,851.1,43.23,False
ORD-001485,2025-04-28,ZAP-01,Occidente,Tienda,Electrónica,Monitor 24 pulgadas,1,3238.0,0.1,2232.81,Recurrente,Tarjeta,False,4,3238.0,323.8,2914.2,2232.81,681.39,23.38,False
ORD-001946,2025-04-28,GDL-01,Occidente,Tienda,Oficina,Lámpara LED,3,564.15,0.05,242.0,Nuevo,Tarjeta,True,2,1692.45,84.62,1607.83,726.0,881.83,54.85,False
ORD-001996,2025-04-28,CAN-01,Sureste,Online,Hogar,Cafetera programable,1,1494.08,0.2,853.46,Nuevo,Tarjeta,False,4,1494.08,298.82,1195.26,853.46,341.8,28.6,False
ORD-002251,2025-04-28,MER-01,Sureste,Online,Deportes,Mochila deportiva,2,785.18,0.0,344.35,Recurrente,Efectivo,False,5,1570.36,0.0,1570.36,688.7,881.66,56.14,False
ORD-002558,2025-04-28,CDMX-02,Centro,Tienda,Oficina,Lámpara LED,1,541.95,0.1,241.7,Recurrente,Tarjeta,False,5,541.95,54.2,487.75,241.7,246.05,50.45,False
ORD-002973,2025-04-28,MTY-01,Norte,Online,Electrónica,Audífonos Bluetooth,1,679.43,0.3,387.62,Nuevo,Transferencia,False,3,679.43,203.83,475.6,387.62,87.98,18.5,False
ORD-003506,2025-04-28,ZAP-01,Occidente,Tienda,Deportes,Mancuernas 10 kg,2,933.66,0.05,530.88,Nuevo,Tarjeta,False,3,1867.32,93.37,1773.95,1061.76,712.19,40.15,False
ORD-001204,2025-04-29,CDMX-01,Centro,Tienda,Oficina,Silla ergonómica,3,2929.35,0.05,1826.14,Recurrente,Transferencia,False,4,8788.05,439.4,8348.65,5478.42,2870.23,34.38,True
ORD-001826,2025-04-29,GDL-01,Occidente,Online,Hogar,Licuadora,1,1023.29,0.0,567.01,Nuevo,Tarjeta,False,2,1023.29,0.0,1023.29,567.01,456.28,44.59,False
ORD-001879,2025-04-29,ZAP-01,Occidente,Tienda,Deportes,Mochila deportiva,1,755.79,0.2,347.17,Nuevo,Efectivo,False,3,755.79,151.16,604.63,347.17,257.46,42.58,False
ORD-002236,2025-04-29,ZAP-01,Occidente,Tienda,Electrónica,Audífonos Bluetooth,1,678.61,0.1,384.08,Recurrente,Efectivo,False,5,678.61,67.86,610.75,384.08,226.67,37.11,False
ORD-003075,2025-04-29,MTY-02,Norte,Online,Deportes,Mochila deportiva,6,725.22,0.15,342.47,Nuevo,Tarjeta,False,5,4351.32,652.7,3698.62,2054.82,1643.8,44.44,False
ORD-003143,2025-04-29,VER-01,Golfo,Tienda,Deportes,Mancuernas 10 kg,2,861.24,0.05,526.62,Recurrente,Transferencia,False,5,1722.48,86.12,1636.36,1053.24,583.12,35.64,False
ORD-003205,2025-04-29,GDL-01,Occidente,Tienda,Hogar,Juego de sábanas,3,649.41,0.15,318.1,Recurrente,Tarjeta,False,5,1948.23,292.23,1656.0,954.3,701.7,42.37,False
ORD-000234,2025-04-30,CHH-01,Norte,Tienda,Hogar,Cafetera programable,3,1486.38,0.05,898.6,Nuevo,Tarjeta,False,4,4459.14,222.96,4236.18,2695.8,1540.38,36.36,False
ORD-000654,2025-04-30,CHH-01,Norte,Tienda,Hogar,Cafetera programable,1,1500.65,0.0,863.27,Recurrente,Tarjeta,False,4,1500.65,0.0,1500.65,863.27,637.38,42.47,False
ORD-000771,2025-04-30,MER-01,Sureste,Online,Deportes,Tapete de yoga,3,386.48,0.3,164.26,Recurrente,Tarjeta,False,3,1159.44,347.83,811.61,492.78,318.83,39.28,False
ORD-000821,2025-04-30,CHH-01,Norte,Online,Oficina,Lámpara LED,1,559.87,0.1,241.93,Nuevo,Efectivo,False,4,559.87,55.99,503.88,241.93,261.95,51.99,False
ORD-000925,2025-04-30,VER-01,Golfo,Tienda,Deportes,Tapete de yoga,2,397.99,0.05,160.37,Nuevo,Efectivo,False,5,795.98,39.8,756.18,320.74,435.44,57.58,False
ORD-002067,2025-04-30,ZAP-01,Occidente,Online,Hogar,Licuadora,2,976.07,0.15,550.71,Recurrente,Tarjeta,False,5,1952.14,292.82,1659.32,1101.42,557.9,33.62,False
ORD-002222,2025-04-30,CAN-01,Sureste,Online,Hogar,Licuadora,1,1008.11,0.0,567.33,Nuevo,Efectivo,False,4,1008.11,0.0,1008.11,567.33,440.78,43.72,False
ORD-002943,2025-04-30,VER-01,Golfo,Tienda,Oficina,Silla ergonómica,1,2876.59,0.0,1825.33,Recurrente,Efectivo,False,5,2876.59,0.0,2876.59,1825.33,1051.26,36.55,False
ORD-003296,2025-04-30,ZAP-01,Occidente,Online,Hogar,Juego de sábanas,1,650.55,0.15,308.19,Recurrente,Tarjeta,False,2,650.55,97.58,552.97,308.19,244.78,44.27,False
ORD-003484,2025-04-30,PUE-01,Centro,Tienda,Oficina,Silla ergonómica,4,2840.63,0.2,1845.87,Recurrente,Tarjeta,False,4,11362.52,2272.5,9090.02,7383.48,1706.54,18.77,True
ORD-000038,2025-05-01,GDL-02,Occidente,Tienda,Hogar,Licuadora,4,950.49,0.0,551.01,Nuevo,Tarjeta,False,4,3801.96,0.0,3801.96,2204.04,1597.92,42.03,False
ORD-000587,2025-05-01,GDL-01,Occidente,Online,Deportes,Mochila deportiva,2,753.04,0.05,343.9,Nuevo,Tarjeta,False,5,1506.08,75.3,1430.78,687.8,742.98,51.93,False
ORD-000647,2025-05-01,CDMX-01,Centro,Tienda,Oficina,Organizador de escritorio,3,284.33,0.1,105.8,Recurrente,Efectivo,False,5,852.99,85.3,767.69,317.4,450.29,58.66,False
ORD-001055,2025-05-01,CDMX-02,Centro,Tienda,Hogar,Cafetera programable,5,1539.09,0.05,892.89,Nuevo,Tarjeta,False,5,7695.45,384.77,7310.68,4464.45,2846.23,38.93,True
ORD-001274,2025-05-01,GDL-01,Occidente,Tienda,Oficina,Lámpara LED,5,546.86,0.3,240.59,Recurrente,Tarjeta,False,4,2734.3,820.29,1914.01,1202.95,711.06,37.15,False
ORD-002205,2025-05-01,CDMX-01,Centro,Online,Oficina,Silla ergonómica,1,2747.01,0.0,1826.39,Recurrente,Tarjeta,False,5,2747.01,0.0,2747.01,1826.39,920.62,33.51,False
ORD-002268,2025-05-01,CDMX-01,Centro,Tienda,Hogar,Juego de sábanas,1,623.92,0.1,299.5,Nuevo,Tarjeta,False,4,623.92,62.39,561.53,299.5,262.03,46.66,False
ORD-002513,2025-05-01,GDL-02,Occidente,Tienda,Electrónica,Audífonos Bluetooth,1,692.01,0.1,385.74,Empresa,Efectivo,False,4,692.01,69.2,622.81,385.74,237.07,38.06,False
ORD-002596,2025-05-01,CHH-01,Norte,Online,Hogar,Juego de sábanas,1,658.73,0.15,302.98,Nuevo,Tarjeta,False,3,658.73,98.81,559.92,302.98,256.94,45.89,False
ORD-003005,2025-05-01,MTY-02,Norte,Tienda,Oficina,Silla ergonómica,4,2879.24,0.15,1830.48,Recurrente,Tarjeta,False,5,11516.96,1727.54,9789.42,7321.92,2467.5,25.21,True
ORD-003548,2025-05-01,MER-01,Sureste,Tienda,Oficina,Organizador de escritorio,2,284.39,0.15,107.02,Recurrente,Efectivo,False,4,568.78,85.32,483.46,214.04,269.42,55.73,False
ORD-003562,2025-05-01,MER-01,Sureste,Online,Deportes,Mancuernas 10 kg,2,910.21,0.05,516.7,Recurrente,Transferencia,False,5,1820.42,91.02,1729.4,1033.4,696.0,40.25,False
ORD-000017,2025-05-02,CDMX-01,Centro,Online,Hogar,Cafetera programable,2,1487.25,0.0,867.72,Nuevo,Efectivo,False,5,2974.5,0.0,2974.5,1735.44,1239.06,41.66,False
ORD-000249,2025-05-02,CAN-01,Sureste,Tienda,Deportes,Tapete de yoga,1,419.92,0.15,162.19,Recurrente,Transferencia,False,3,419.92,62.99,356.93,162.19,194.74,54.56,False
ORD-000723,2025-05-02,PUE-01,Centro,Tienda,Oficina,Lámpara LED,3,559.03,0.0,240.67,Recurrente,Tarjeta,False,5,1677.09,0.0,1677.09,722.01,955.08,56.95,False
ORD-001145,2025-05-02,MTY-01,Norte,Tienda,Electrónica,Audífonos Bluetooth,2,707.11,0.0,384.81,Empresa,Tarjeta,False,5,1414.22,0.0,1414.22,769.62,644.6,45.58,False
ORD-002311,2025-05-02,MTY-02,Norte,Tienda,Oficina,Lámpara LED,6,520.36,0.05,238.73,Recurrente,Tarjeta,False,3,3122.16,156.11,2966.05,1432.38,1533.67,51.71,False
ORD-002454,2025-05-02,GDL-02,Occidente,Tienda,Electrónica,Monitor 24 pulgadas,1,3261.49,0.2,2369.21,Recurrente,Tarjeta,False,4,3261.49,652.3,2609.19,2369.21,239.98,9.2,False
ORD-002574,2025-05-02,PUE-01,Centro,Tienda,Oficina,Silla ergonómica,1,2893.8,0.15,1813.35,Recurrente,Efectivo,False,3,2893.8,434.07,2459.73,1813.35,646.38,26.28,False
ORD-002959,2025-05-02,MTY-02,Norte,Tienda,Electrónica,Audífonos Bluetooth,4,692.48,0.1,397.32,Recurrente,Tarjeta,False,5,2769.92,276.99,2492.93,1589.28,903.65,36.25,False
ORD-003104,2025-05-02,PUE-01,Centro,Online,Oficina,Silla ergonómica,4,2946.81,0.0,1801.51,Recurrente,Efectivo,False,4,11787.24,0.0,11787.24,7206.04,4581.2,38.87,True
ORD-003206,2025-05-02,ZAP-01,Occidente,Tienda,Deportes,Tapete de yoga,1,388.76,0.0,161.48,Nuevo,Tarjeta,False,5,388.76,0.0,388.76,161.48,227.28,58.46,False
ORD-003288,2025-05-02,CDMX-01,Centro,Tienda,Oficina,Lámpara LED,1,540.8,0.0,242.14,Recurrente,Tarjeta,False,4,540.8,0.0,540.8,242.14,298.66,55.23,False
ORD-003473,2025-05-02,CAN-01,Sureste,Online,Electrónica,Monitor 24 pulgadas,5,3207.28,0.1,2346.05,Nuevo,Transferencia,True,5,16036.4,1603.64,14432.76,11730.25,2702.51,18.72,True
ORD-000251,2025-05-03,MTY-02,Norte,Online,Oficina,Lámpara LED,2,549.57,0.0,238.5,Recurrente,Efectivo,False,5,1099.14,0.0,1099.14,477.0,622.14,56.6,False
ORD-000641,2025-05-03,MTY-01,Norte,Tienda,Electrónica,Monitor 24 pulgadas,1,3334.47,0.1,2374.38,Recurrente,Tarjeta,True,5,3334.47,333.45,3001.02,2374.38,626.64,20.88,False
ORD-000793,2025-05-03,CHH-01,Norte,Online,Oficina,Lámpara LED,4,545.81,0.1,239.46,Recurrente,Tarjeta,False,3,2183.24,218.32,1964.92,957.84,1007.08,51.25,False
ORD-000799,2025-05-03,MER-01,Sureste,Tienda,Oficina,Organizador de escritorio,2,290.73,0.2,105.1,Nuevo,Tarjeta,True,5,581.46,116.29,465.17,210.2,254.97,54.81,False
ORD-001006,2025-05-03,GDL-01,Occidente,Tienda,Deportes,Mochila deportiva,3,719.13,0.15,331.24,Recurrente,Tarjeta,False,5,2157.39,323.61,1833.78,993.72,840.06,45.81,False
ORD-001206,2025-05-03,MTY-02,Norte,Online,Oficina,Organizador de escritorio,1,288.6,0.0,103.94,Recurrente,Efectivo,True,3,288.6,0.0,288.6,103.94,184.66,63.98,False
ORD-001922,2025-05-03,VER-01,Golfo,Online,Electrónica,Audífonos Bluetooth,3,723.19,0.15,377.43,Nuevo,Tarjeta,False,5,2169.57,325.44,1844.13,1132.29,711.84,38.6,False
ORD-002089,2025-05-03,CDMX-01,Centro,Online,Hogar,Licuadora,1,985.1,0.0,565.71,Recurrente,Efectivo,False,5,985.1,0.0,985.1,565.71,419.39,42.57,False
ORD-002912,2025-05-03,CAN-01,Sureste,Tienda,Oficina,Lámpara LED,2,545.13,0.2,243.57,Recurrente,Tarjeta,False,4,1090.26,218.05,872.21,487.14,385.07,44.15,False
ORD-003278,2025-05-03,CDMX-01,Centro,Online,Electrónica,Teclado mecánico,1,1199.67,0.0,734.91,Recurrente,Tarjeta,False,5,1199.67,0.0,1199.67,734.91,464.76,38.74,False
ORD-000004,2025-05-04,PUE-01,Centro,Online,Electrónica,Audífonos Bluetooth,1,721.52,0.0,391.68,Recurrente,Tarjeta,False,5,721.52,0.0,721.52,391.68,329.84,45.71,False
ORD-000342,2025-05-04,MER-01,Sureste,Tienda,Oficina,Lámpara LED,2,555.97,0.2,235.82,Recurrente,Tarjeta,False,4,1111.94,222.39,889.55,471.64,417.91,46.98,False
ORD-000361,2025-05-04,CDMX-01,Centro,Tienda,Hogar,Juego de sábanas,4,618.47,0.1,305.86,Nuevo,Transferencia,False,4,2473.88,247.39,2226.49,1223.44,1003.05,45.05,False
ORD-000856,2025-05-04,VER-01,Golfo,Tienda,Electrónica,Audífonos Bluetooth,2,693.36,0.05,384.93,Empresa,Tarjeta,False,4,1386.72,69.34,1317.38,769.86,547.52,41.56,False
ORD-001451,2025-05-04,VER-01,Golfo,Tienda,Oficina,Lámpara LED,4,549.26,0.1,240.79,Recurrente,Tarjeta,False,4,2197.04,219.7,1977.34,963.16,1014.18,51.29,False
ORD-001580,2025-05-04,MER-01,Sureste,Tienda,Hogar,Cafetera programable,6,1478.97,0.05,872.34,Nuevo,Tarjeta,False,3,8873.82,443.69,8430.13,5234.04,3196.09,37.91,True
ORD-002106,2025-05-04,MER-01,Sureste,Online,Oficina,Organizador de escritorio,3,281.78,0.1,106.23,Nuevo,Tarjeta,False,5,845.34,84.53,760.81,318.69,442.12,58.11,False
ORD-002855,2025-05-04,GDL-02,Occidente,Online,Electrónica,Teclado mecánico,1,1200.2,0.1,733.01,Empresa,Tarjeta,False,5,1200.2,120.02,1080.18,733.01,347.17,32.14,False
ORD-000112,2025-05-05,MTY-02,Norte,Online,Hogar,Juego de sábanas,4,629.99,0.3,307.85,Recurrente,Efectivo,True,5,2519.96,755.99,1763.97,1231.4,532.57,30.19,False
ORD-000711,2025-05-05,MER-01,Sureste,Tienda,Hogar,Juego de sábanas,3,656.67,0.05,305.35,Recurrente,Tarjeta,False,5,1970.01,98.5,1871.51,916.05,955.46,51.05,False
ORD-001947,2025-05-05,CHH-01,Norte,Online,Hogar,Juego de sábanas,1,685.78,0.2,311.45,Recurrente,Tarjeta,False,5,685.78,137.16,548.62,311.45,237.17,43.23,False
ORD-001961,2025-05-05,PUE-01,Centro,Tienda,Oficina,Organizador de escritorio,1,287.42,0.1,105.2,Recurrente,Tarjeta,False,3,287.42,28.74,258.68,105.2,153.48,59.33,False
ORD-002247,2025-05-05,ZAP-01,Occidente,Tienda,Hogar,Cafetera programable,3,1469.12,0.0,871.68,Recurrente,Efectivo,False,4,4407.36,0.0,4407.36,2615.04,1792.32,40.67,False
ORD-002353,2025-05-05,GDL-02,Occidente,Tienda,Hogar,Licuadora,1,955.03,0.05,574.41,Recurrente,Tarjeta,False,3,955.03,47.75,907.28,574.41,332.87,36.69,False
ORD-000367,2025-05-06,MER-01,Sureste,Tienda,Hogar,Juego de sábanas,4,634.46,0.05,305.87,Nuevo,Tarjeta,False,4,2537.84,126.89,2410.95,1223.48,1187.47,49.25,False
ORD-000601,2025-05-06,GDL-02,Occidente,Tienda,Electrónica,Audífonos Bluetooth,2,708.66,0.0,394.67,Recurrente,Tarjeta,False,5,1417.32,0.0,1417.32,789.34,627.98,44.31,False
ORD-000791,2025-05-06,PUE-01,Centro,Online,Deportes,Tapete de yoga,1,396.41,0.0,158.48,Nuevo,Tarjeta,False,5,396.41,0.0,396.41,158.48,237.93,60.02,False
ORD-001135,2025-05-06,CDMX-01,Centro,Tienda,Deportes,Mochila deportiva,4,770.96,0.0,338.01,Empresa,Efectivo,False,4,3083.84,0.0,3083.84,1352.04,1731.8,56.16,False
ORD-001972,2025-05-06,ZAP-01,Occidente,Online,Deportes,Mancuernas 10 kg,3,906.33,0.1,519.61,Empresa,Tarjeta,False,4,2718.99,271.9,2447.09,1558.83,888.26,36.3,False
ORD-001994,2025-05-06,GDL-02,Occidente,Online,Oficina,Lámpara LED,1,523.02,0.05,242.06,Recurrente,Tarjeta,False,5,523.02,26.15,496.87,242.06,254.81,51.28,False
ORD-002213,2025-05-06,GDL-01,Occidente,Tienda,Deportes,Mancuernas 10 kg,3,927.13,0.15,523.88,Nuevo,Tarjeta,False,3,2781.39,417.21,2364.18,1571.64,792.54,33.52,False
ORD-002786,2025-05-06,VER-01,Golfo,Tienda,Hogar,Licuadora,1,1054.7,0.1,562.34,Nuevo,Tarjeta,False,5,1054.7,105.47,949.23,562.34,386.89,40.76,False
ORD-003053,2025-05-06,MER-01,Sureste,Online,Hogar,Juego de sábanas,6,656.41,0.0,306.04,Nuevo,Tarjeta,False,4,3938.46,0.0,3938.46,1836.24,2102.22,53.38,False
ORD-003171,2025-05-06,MER-01,Sureste,Tienda,Hogar,Juego de sábanas,2,627.87,0.05,312.02,Empresa,Tarjeta,False,3,1255.74,62.79,1192.95,624.04,568.91,47.69,False
ORD-003264,2025-05-06,GDL-02,Occidente,Tienda,Hogar,Juego de sábanas,1,654.37,0.2,313.71,Nuevo,Efectivo,False,3,654.37,130.87,523.5,313.71,209.79,40.07,False
ORD-003361,2025-05-06,GDL-02,Occidente,Tienda,Deportes,Tapete de yoga,5,400.03,0.05,157.83,Nuevo,Tarjeta,False,4,2000.15,100.01,1900.14,789.15,1110.99,58.47,False
ORD-003534,2025-05-06,CDMX-02,Centro,Online,Deportes,Tapete de yoga,4,412.48,0.0,160.52,Recurrente,Tarjeta,False,4,1649.92,0.0,1649.92,642.08,1007.84,61.08,False
ORD-000457,2025-05-07,PUE-01,Centro,Tienda,Deportes,Tapete de yoga,1,393.19,0.1,161.87,Empresa,Tarjeta,False,3,393.19,39.32,353.87,161.87,192.0,54.26,False
ORD-001002,2025-05-07,CDMX-01,Centro,Tienda,Electrónica,Monitor 24 pulgadas,1,3277.05,0.0,2363.95,Nuevo,Transferencia,False,5,3277.05,0.0,3277.05,2363.95,913.1,27.86,False
ORD-001088,2025-05-07,CHH-01,Norte,Tienda,Electrónica,Audífonos Bluetooth,4,683.16,0.05,383.26,Recurrente,Tarjeta,False,5,2732.64,136.63,2596.01,1533.04,1062.97,40.95,False
ORD-001600,2025-05-07,VER-01,Golfo,Online,Hogar,Cafetera programable,5,1491.98,0.1,884.39,Recurrente,Tarjeta,False,5,7459.9,745.99,6713.91,4421.95,2291.96,34.14,True
ORD-001693,2025-05-07,ZAP-01,Occidente,Tienda,Deportes,Mancuernas 10 kg,3,885.03,0.0,518.19,Recurrente,Tarjeta,False,4,2655.09,0.0,2655.09,1554.57,1100.52,41.45,False
ORD-002124,2025-05-07,CHH-01,Norte,Online,Hogar,Licuadora,1,990.24,0.0,559.59,Recurrente,Efectivo,True,5,990.24,0.0,990.24,559.59,430.65,43.49,False
ORD-002562,2025-05-07,ZAP-01,Occidente,Tienda,Electrónica,Audífonos Bluetooth,1,736.15,0.2,389.55,Recurrente,Tarjeta,False,4,736.15,147.23,588.92,389.55,199.37,33.85,False
ORD-002609,2025-05-07,MTY-01,Norte,Online,Deportes,Mancuernas 10 kg,1,916.5,0.0,507.25,Empresa,Tarjeta,False,5,916.5,0.0,916.5,507.25,409.25,44.65,False
ORD-002642,2025-05-07,CHH-01,Norte,Online,Electrónica,Teclado mecánico,1,1225.75,0.1,708.34,Recurrente,Tarjeta,False,5,1225.75,122.58,1103.17,708.34,394.83,35.79,False
ORD-002946,2025-05-07,CHH-01,Norte,Tienda,Deportes,Tapete de yoga,2,414.12,0.05,157.5,Recurrente,Transferencia,False,3,828.24,41.41,786.83,315.0,471.83,59.97,False
ORD-003170,2025-05-07,GDL-01,Occidente,Tienda,Electrónica,Monitor 24 pulgadas,2,3409.73,0.15,2343.66,Recurrente,Efectivo,False,3,6819.46,1022.92,5796.54,4687.32,1109.22,19.14,False
ORD-000499,2025-05-08,ZAP-01,Occidente,Tienda,Deportes,Mochila deportiva,1,730.69,0.05,347.27,Nuevo,Transferencia,False,3,730.69,36.53,694.16,347.27,346.89,49.97,False
ORD-001236,2025-05-08,CDMX-02,Centro,Tienda,Oficina,Silla ergonómica,1,2959.87,0.15,1808.47,Recurrente,Tarjeta,False,1,2959.87,443.98,2515.89,1808.47,707.42,28.12,False
ORD-001252,2025-05-08,CAN-01,Sureste,Tienda,Deportes,Mancuernas 10 kg,3,894.26,0.15,518.71,Nuevo,Tarjeta,False,4,2682.78,402.42,2280.36,1556.13,724.23,31.76,False
ORD-001301,2025-05-08,CDMX-02,Centro,Tienda,Hogar,Cafetera programable,1,1537.23,0.15,852.99,Recurrente,Transferencia,False,5,1537.23,230.58,1306.65,852.99,453.66,34.72,False
ORD-001832,2025-05-08,CDMX-01,Centro,Tienda,Hogar,Licuadora,1,1041.9,0.0,556.47,Nuevo,Tarjeta,False,1,1041.9,0.0,1041.9,556.47,485.43,46.59,False
ORD-001997,2025-05-08,VER-01,Golfo,Online,Oficina,Lámpara LED,2,532.97,0.15,241.62,Recurrente,Tarjeta,False,2,1065.94,159.89,906.05,483.24,422.81,46.67,False
ORD-002474,2025-05-08,ZAP-01,Occidente,Tienda,Electrónica,Audífonos Bluetooth,1,744.77,0.0,381.58,Recurrente,Efectivo,False,4,744.77,0.0,744.77,381.58,363.19,48.77,False
ORD-000437,2025-05-09,CDMX-02,Centro,Online,Deportes,Tapete de yoga,1,391.12,0.05,159.99,Recurrente,Tarjeta,False,4,391.12,19.56,371.56,159.99,211.57,56.94,False
ORD-000554,2025-05-09,GDL-01,Occidente,Tienda,Electrónica,Teclado mecánico,1,1216.56,0.0,723.55,Recurrente,Tarjeta,False,4,1216.56,0.0,1216.56,723.55,493.01,40.52,False
ORD-000816,2025-05-09,CDMX-02,Centro,Tienda,Electrónica,Monitor 24 pulgadas,2,3288.81,0.05,2359.97,Empresa,Transferencia,False,3,6577.62,328.88,6248.74,4719.94,1528.8,24.47,True
ORD-000956,2025-05-09,GDL-01,Occidente,Tienda,Hogar,Licuadora,1,983.41,0.05,565.39,Recurrente,Tarjeta,False,4,983.41,49.17,934.24,565.39,368.85,39.48,False
ORD-001150,2025-05-09,PUE-01,Centro,Online,Hogar,Licuadora,3,978.07,0.15,569.51,Nuevo,Transferencia,False,4,2934.21,440.13,2494.08,1708.53,785.55,31.5,False
ORD-001534,2025-05-09,GDL-01,Occidente,Tienda,Electrónica,Monitor 24 pulgadas,1,3290.47,0.1,2420.12,Recurrente,Transferencia,True,3,3290.47,329.05,2961.42,2420.12,541.3,18.28,False
ORD-001610,2025-05-09,VER-01,Golfo,Tienda,Hogar,Licuadora,1,972.37,0.0,558.07,Nuevo,Tarjeta,False,5,972.37,0.0,972.37,558.07,414.3,42.61,False
ORD-002194,2025-05-09,VER-01,Golfo,Tienda,Oficina,Organizador de escritorio,2,297.16,0.3,102.23,Nuevo,Efectivo,False,5,594.32,178.3,416.02,204.46,211.56,50.85,False
ORD-002444,2025-05-09,VER-01,Golfo,Tienda,Electrónica,Audífonos Bluetooth,2,711.42,0.0,380.7,Nuevo,Tarjeta,True,2,1422.84,0.0,1422.84,761.4,661.44,46.49,False
ORD-002512,2025-05-09,GDL-01,Occidente,Online,Oficina,Organizador de escritorio,5,283.25,0.05,102.11,Recurrente,Efectivo,False,2,1416.25,70.81,1345.44,510.55,834.89,62.05,False
ORD-002886,2025-05-09,GDL-01,Occidente,Online,Electrónica,Monitor 24 pulgadas,1,3310.14,0.15,2345.47,Recurrente,Tarjeta,True,5,3310.14,496.52,2813.62,2345.47,468.15,16.64,False
ORD-003524,2025-05-09,GDL-02,Occidente,Online,Electrónica,Teclado mecánico,1,1211.86,0.1,717.4,Empresa,Efectivo,False,2,1211.86,121.19,1090.67,717.4,373.27,34.22,False
ORD-000142,2025-05-10,MTY-02,Norte,Tienda,Hogar,Licuadora,4,996.35,0.05,555.18,Nuevo,Tarjeta,False,3,3985.4,199.27,3786.13,2220.72,1565.41,41.35,False
ORD-000401,2025-05-10,PUE-01,Centro,Tienda,Oficina,Lámpara LED,4,557.17,0.0,244.37,Recurrente,Tarjeta,False,5,2228.68,0.0,2228.68,977.48,1251.2,56.14,False
ORD-000411,2025-05-10,CDMX-02,Centro,Tienda,Deportes,Mancuernas 10 kg,6,912.93,0.0,517.38,Nuevo,Efectivo,False,5,5477.58,0.0,5477.58,3104.28,2373.3,43.33,False
ORD-001153,2025-05-10,MER-01,Sureste,Online,Hogar,Cafetera programable,1,1537.7,0.0,844.95,Recurrente,Tarjeta,False,3,1537.7,0.0,1537.7,844.95,692.75,45.05,False
ORD-001395,2025-05-10,PUE-01,Centro,Tienda,Hogar,Licuadora,1,982.59,0.05,568.79,Recurrente,Efectivo,False,5,982.59,49.13,933.46,568.79,364.67,39.07,False
ORD-001422,2025-05-10,GDL-01,Occidente,Online,Electrónica,Teclado mecánico,1,1230.59,0.2,717.42,Empresa,Efectivo,False,4,1230.59,246.12,984.47,717.42,267.05,27.13,False
ORD-001428,2025-05-10,MTY-02,Norte,Tienda,Deportes,Mancuernas 10 kg,3,894.45,0.15,527.54,Nuevo,Tarjeta,False,4,2683.35,402.5,2280.85,1582.62,698.23,30.61,False
ORD-001508,2025-05-10,CDMX-01,Centro,Tienda,Electrónica,Monitor 24 pulgadas,3,3287.56,0.05,2414.47,Recurrente,Efectivo,False,4,9862.68,493.13,9369.55,7243.41,2126.14,22.69,True
ORD-001568,2025-05-10,GDL-02,Occidente,Tienda,Electrónica,Audífonos Bluetooth,2,709.62,0.0,374.69,Recurrente,Transferencia,False,5,1419.24,0.0,1419.24,749.38,669.86,47.2,False
ORD-001721,2025-05-10,MTY-01,Norte,Online,Electrónica,Monitor 24 pulgadas,1,3441.78,0.05,2398.33,Recurrente,Tarjeta,False,4,3441.78,172.09,3269.69,2398.33,871.36,26.65,False
ORD-001735,2025-05-10,GDL-01,Occidente,Online,Electrónica,Teclado mecánico,1,1152.58,0.0,738.33,Recurrente,Efectivo,False,4,1152.58,0.0,1152.58,738.33,414.25,35.94,False
ORD-001847,2025-05-10,MER-01,Sureste,Tienda,Oficina,Lámpara LED,2,551.96,0.15,240.22,Nuevo,Tarjeta,False,5,1103.92,165.59,938.33,480.44,457.89,48.8,False
ORD-001864,2025-05-10,GDL-01,Occidente,Tienda,Electrónica,Teclado mecánico,2,1172.55,0.1,725.77,Nuevo,Tarjeta,False,5,2345.1,234.51,2110.59,1451.54,659.05,31.23,False
ORD-002271,2025-05-10,CAN-01,Sureste,Tienda,Electrónica,Monitor 24 pulgadas,1,3363.81,0.1,2374.19,Nuevo,Transferencia,False,3,3363.81,336.38,3027.43,2374.19,653.24,21.58,False
ORD-002420,2025-05-10,GDL-01,Occidente,Tienda,Hogar,Juego de sábanas,1,646.52,0.1,313.61,Nuevo,Tarjeta,False,3,646.52,64.65,581.87,313.61,268.26,46.1,False
ORD-002429,2025-05-10,GDL-01,Occidente,Online,Deportes,Tapete de yoga,2,396.41,0.3,157.97,Recurrente,Transferencia,False,5,792.82,237.85,554.97,315.94,239.03,43.07,False
ORD-002720,2025-05-10,VER-01,Golfo,Online,Deportes,Mochila deportiva,1,716.9,0.2,335.07,Nuevo,Tarjeta,False,5,716.9,143.38,573.52,335.07,238.45,41.58,False
ORD-002790,2025-05-10,CDMX-02,Centro,Online,Oficina,Lámpara LED,5,548.15,0.0,241.87,Nuevo,Transferencia,False,4,2740.75,0.0,2740.75,1209.35,1531.4,55.88,False
ORD-003505,2025-05-10,CDMX-01,Centro,Online,Electrónica,Monitor 24 pulgadas,1,3311.7,0.15,2356.89,Nuevo,Efectivo,False,4,3311.7,496.75,2814.95,2356.89,458.06,16.27,False
ORD-000052,2025-05-11,PUE-01,Centro,Tienda,Electrónica,Monitor 24 pulgadas,2,3333.56,0.3,2342.59,Recurrente,Tarjeta,False,5,6667.12,2000.14,4666.98,4685.18,-18.2,-0.39,False
ORD-000221,2025-05-11,MTY-02,Norte,Online,Electrónica,Monitor 24 pulgadas,1,3367.64,0.0,2314.61,Nuevo,Tarjeta,False,3,3367.64,0.0,3367.64,2314.61,1053.03,31.27,False
ORD-000774,2025-05-11,PUE-01,Centro,Online,Deportes,Mochila deportiva,2,750.34,0.05,340.53,Nuevo,Tarjeta,False,4,1500.68,75.03,1425.65,681.06,744.59,52.23,False
ORD-000866,2025-05-11,CHH-01,Norte,Tienda,Electrónica,Monitor 24 pulgadas,3,3241.84,0.1,2380.23,Recurrente,Tarjeta,False,4,9725.52,972.55,8752.97,7140.69,1612.28,18.42,True
ORD-001062,2025-05-11,CAN-01,Sureste,Online,Oficina,Silla ergonómica,2,2843.57,0.0,1840.79,Nuevo,Efectivo,False,4,5687.14,0.0,5687.14,3681.58,2005.56,35.26,False
ORD-001579,2025-05-11,GDL-01,Occidente,Tienda,Oficina,Organizador de escritorio,6,276.75,0.0,106.34,Nuevo,Efectivo,False,4,1660.5,0.0,1660.5,638.04,1022.46,61.58,False
ORD-001608,2025-05-11,VER-01,Golfo,Tienda,Electrónica,Teclado mecánico,4,1174.82,0.0,720.17,Nuevo,Tarjeta,False,4,4699.28,0.0,4699.28,2880.68,1818.6,38.7,False
ORD-001742,2025-05-11,GDL-02,Occidente,Online,Hogar,Cafetera programable,1,1521.89,0.05,868.25,Nuevo,Tarjeta,False,3,1521.89,76.09,1445.8,868.25,577.55,39.95,False
ORD-002402,2025-05-11,CDMX-01,Centro,Online,Electrónica,Audífonos Bluetooth,1,728.94,0.1,391.17,Recurrente,Efectivo,False,5,728.94,72.89,656.05,391.17,264.88,40.37,False
ORD-002880,2025-05-11,MTY-02,Norte,Tienda,Oficina,Lámpara LED,2,540.7,0.0,234.91,Recurrente,Tarjeta,True,4,1081.4,0.0,1081.4,469.82,611.58,56.55,False
ORD-002947,2025-05-11,CDMX-02,Centro,Online,Electrónica,Teclado mecánico,3,1254.5,0.0,721.99,Nuevo,Tarjeta,True,5,3763.5,0.0,3763.5,2165.97,1597.53,42.45,False
ORD-003246,2025-05-11,CHH-01,Norte,Tienda,Deportes,Mochila deportiva,3,761.15,0.05,341.57,Nuevo,Tarjeta,False,4,2283.45,114.17,2169.28,1024.71,1144.57,52.76,False
ORD-003533,2025-05-11,GDL-01,Occidente,Tienda,Hogar,Juego de sábanas,3,660.48,0.1,310.27,Recurrente,Tarjeta,False,3,1981.44,198.14,1783.3,930.81,852.49,47.8,False
ORD-000432,2025-05-12,GDL-02,Occidente,Online,Deportes,Tapete de yoga,3,398.44,0.1,159.29,Recurrente,Transferencia,False,3,1195.32,119.53,1075.79,477.87,597.92,55.58,False
ORD-000988,2025-05-12,CDMX-02,Centro,Online,Deportes,Mancuernas 10 kg,2,887.02,0.15,528.16,Nuevo,Tarjeta,False,2,1774.04,266.11,1507.93,1056.32,451.61,29.95,False
ORD-001013,2025-05-12,CAN-01,Sureste,Tienda,Deportes,Mancuernas 10 kg,1,914.38,0.05,507.54,Recurrente,Transferencia,False,5,914.38,45.72,868.66,507.54,361.12,41.57,False
ORD-001121,2025-05-12,MTY-01,Norte,Tienda,Deportes,Tapete de yoga,1,395.67,0.0,159.17,Recurrente,Efectivo,False,5,395.67,0.0,395.67,159.17,236.5,59.77,False
ORD-002102,2025-05-12,CDMX-02,Centro,Tienda,Electrónica,Teclado mecánico,3,1194.61,0.1,729.69,Recurrente,Tarjeta,False,2,3583.83,358.38,3225.45,2189.07,1036.38,32.13,False
ORD-002113,2025-05-12,MTY-01,Norte,Tienda,Hogar,Licuadora,2,1011.72,0.0,547.32,Recurrente,Transferencia,False,4,2023.44,0.0,2023.44,1094.64,928.8,45.9,False
ORD-002299,2025-05-12,CDMX-02,Centro,Online,Hogar,Juego de sábanas,1,656.08,0.05,315.41,Recurrente,Efectivo,False,4,656.08,32.8,623.28,315.41,307.87,49.4,False
ORD-002437,2025-05-12,MER-01,Sureste,Online,Deportes,Mancuernas 10 kg,1,884.78,0.05,508.68,Recurrente,Tarjeta,False,3,884.78,44.24,840.54,508.68,331.86,39.48,False
ORD-002989,2025-05-12,GDL-01,Occidente,Online,Deportes,Mancuernas 10 kg,5,903.51,0.15,516.88,Nuevo,Efectivo,False,1,4517.55,677.63,3839.92,2584.4,1255.52,32.7,False
ORD-003494,2025-05-12,CDMX-01,Centro,Tienda,Oficina,Organizador de escritorio,1,279.13,0.05,106.74,Empresa,Tarjeta,False,3,279.13,13.96,265.17,106.74,158.43,59.75,False
ORD-003514,2025-05-12,CDMX-02,Centro,Online,Hogar,Juego de sábanas,4,646.28,0.0,313.67,Empresa,Tarjeta,False,4,2585.12,0.0,2585.12,1254.68,1330.44,51.47,False
ORD-000337,2025-05-13,VER-01,Golfo,Tienda,Oficina,Silla ergonómica,2,3034.88,0.0,1801.04,Recurrente,Tarjeta,False,3,6069.76,0.0,6069.76,3602.08,2467.68,40.66,False
ORD-001425,2025-05-13,ZAP-01,Occidente,Online,Hogar,Cafetera programable,4,1527.35,0.05,859.21,Nuevo,Tarjeta,False,5,6109.4,305.47,5803.93,3436.84,2367.09,40.78,False
ORD-001447,2025-05-13,CHH-01,Norte,Tienda,Electrónica,Audífonos Bluetooth,3,694.38,0.0,386.49,Nuevo,Tarjeta,True,4,2083.14,0.0,2083.14,1159.47,923.67,44.34,False
ORD-001819,2025-05-13,CDMX-01,Centro,Tienda,Oficina,Organizador de escritorio,2,289.53,0.3,105.2,Recurrente,Efectivo,False,5,579.06,173.72,405.34,210.4,194.94,48.09,False
ORD-002050,2025-05-13,ZAP-01,Occidente,Tienda,Electrónica,Monitor 24 pulgadas,3,3248.45,0.0,2403.89,Nuevo,Tarjeta,False,3,9745.35,0.0,9745.35,7211.67,2533.68,26.0,True
ORD-002462,2025-05-13,ZAP-01,Occidente,Tienda,Electrónica,Monitor 24 pulgadas,1,3322.85,0.0,2383.12,Nuevo,Efectivo,False,5,3322.85,0.0,3322.85,2383.12,939.73,28.28,False
ORD-003228,2025-05-13,GDL-02,Occidente,Tienda,Electrónica,Audífonos Bluetooth,4,681.41,0.15,385.13,Recurrente,Tarjeta,False,5,2725.64,408.85,2316.79,1540.52,776.27,33.51,False
ORD-003250,2025-05-13,CDMX-01,Centro,Tienda,Deportes,Mochila deportiva,2,763.03,0.1,333.87,Nuevo,Tarjeta,False,4,1526.06,152.61,1373.45,667.74,705.71,51.38,False
ORD-000609,2025-05-14,MTY-02,Norte,Online,Electrónica,Teclado mecánico,5,1237.21,0.15,705.69,Recurrente,Tarjeta,False,4,6186.05,927.91,5258.14,3528.45,1729.69,32.9,False
ORD-000736,2025-05-14,MER-01,Sureste,Online,Electrónica,Monitor 24 pulgadas,1,3305.98,0.05,2368.2,Recurrente,Tarjeta,False,4,3305.98,165.3,3140.68,2368.2,772.48,24.6,False
ORD-001052,2025-05-14,MER-01,Sureste,Tienda,Oficina,Organizador de escritorio,6,287.55,0.0,104.32,Nuevo,Tarjeta,False,4,1725.3,0.0,1725.3,625.92,1099.38,63.72,False
ORD-001224,2025-05-14,MER-01,Sureste,Online,Electrónica,Audífonos Bluetooth,1,685.38,0.05,384.36,Nuevo,Efectivo,True,5,685.38,34.27,651.11,384.36,266.75,40.97,False
ORD-001620,2025-05-14,ZAP-01,Occidente,Tienda,Hogar,Juego de sábanas,2,634.69,0.05,315.41,Recurrente,Tarjeta,False,4,1269.38,63.47,1205.91,630.82,575.09,47.69,False
ORD-001634,2025-05-14,CDMX-02,Centro,Online,Oficina,Lámpara LED,5,546.92,0.0,237.66,Nuevo,Tarjeta,False,3,2734.6,0.0,2734.6,1188.3,1546.3,56.55,False
ORD-001747,2025-05-14,GDL-01,Occidente,Tienda,Hogar,Juego de sábanas,2,657.53,0.05,314.0,Recurrente,Efectivo,False,4,1315.06,65.75,1249.31,628.0,621.31,49.73,False
ORD-002234,2025-05-14,GDL-01,Occidente,Tienda,Electrónica,Teclado mecánico,1,1219.79,0.0,721.98,Recurrente,Tarjeta,False,5,1219.79,0.0,1219.79,721.98,497.81,40.81,False
ORD-002300,2025-05-14,CHH-01,Norte,Online,Deportes,Mochila deportiva,1,759.0,0.05,342.88,Recurrente,Tarjeta,False,5,759.0,37.95,721.05,342.88,378.17,52.45,False
ORD-002464,2025-05-14,GDL-02,Occidente,Online,Electrónica,Monitor 24 pulgadas,2,3252.71,0.1,2364.89,Empresa,Tarjeta,False,5,6505.42,650.54,5854.88,4729.78,1125.1,19.22,False
ORD-002645,2025-05-14,CDMX-02,Centro,Tienda,Hogar,Juego de sábanas,1,644.31,0.05,310.67,Recurrente,Tarjeta,False,5,644.31,32.22,612.09,310.67,301.42,49.24,False
ORD-002936,2025-05-14,VER-01,Golfo,Online,Hogar,Licuadora,2,1024.52,0.05,555.04,Empresa,Tarjeta,False,5,2049.04,102.45,1946.59,1110.08,836.51,42.97,False
ORD-003061,2025-05-14,ZAP-01,Occidente,Online,Electrónica,Monitor 24 pulgadas,1,3176.07,0.2,2338.65,Nuevo,Tarjeta,False,3,3176.07,635.21,2540.86,2338.65,202.21,7.96,False
ORD-003276,2025-05-14,CDMX-01,Centro,Tienda,Oficina,Lámpara LED,2,537.1,0.15,240.61,Recurrente,Efectivo,False,4,1074.2,161.13,913.07,481.22,431.85,47.3,False
ORD-003550,2025-05-14,PUE-01,Centro,Tienda,Oficina,Organizador de escritorio,1,293.32,0.1,104.22,Recurrente,Efectivo,False,3,293.32,29.33,263.99,104.22,159.77,60.52,False
ORD-000137,2025-05-15,MTY-02,Norte,Tienda,Hogar,Cafetera programable,1,1473.44,0.15,832.15,Recurrente,Tarjeta,False,4,1473.44,221.02,1252.42,832.15,420.27,33.56,False
ORD-000570,2025-05-15,CHH-01,Norte,Tienda,Deportes,Tapete de yoga,4,383.12,0.1,162.53,Nuevo,Efectivo,False,2,1532.48,153.25,1379.23,650.12,729.11,52.86,False
ORD-000852,2025-05-15,MER-01,Sureste,Online,Deportes,Mancuernas 10 kg,3,906.77,0.05,517.27,Recurrente,Tarjeta,False,4,2720.31,136.02,2584.29,1551.81,1032.48,39.95,False
ORD-001877,2025-05-15,GDL-02,Occidente,Online,Oficina,Organizador de escritorio,2,295.55,0.05,103.79,Nuevo,Tarjeta,False,5,591.1,29.56,561.54,207.58,353.96,63.03,False
ORD-002342,2025-05-15,MER-01,Sureste,Tienda,Oficina,Organizador de escritorio,4,281.96,0.1,102.65,Nuevo,Tarjeta,False,2,1127.84,112.78,1015.06,410.6,604.46,59.55,False
ORD-002456,2025-05-15,GDL-02,Occidente,Online,Oficina,Organizador de escritorio,2,283.1,0.15,107.28,Empresa,Tarjeta,False,5,566.2,84.93,481.27,214.56,266.71,55.42,False
ORD-002653,2025-05-15,MER-01,Sureste,Tienda,Deportes,Tapete de yoga,4,391.63,0.1,160.95,Recurrente,Tarjeta,False,2,1566.52,156.65,1409.87,643.8,766.07,54.34,False
ORD-003048,2025-05-15,MTY-02,Norte,Online,Hogar,Cafetera programable,4,1538.63,0.1,875.76,Nuevo,Tarjeta,True,5,6154.52,615.45,5539.07,3503.04,2036.03,36.76,False
ORD-003316,2025-05-15,GDL-01,Occidente,Tienda,Deportes,Tapete de yoga,3,370.85,0.1,161.26,Nuevo,Tarjeta,True,5,1112.55,111.26,1001.29,483.78,517.51,51.68,False
ORD-003592,2025-05-15,CDMX-01,Centro,Tienda,Oficina,Organizador de escritorio,2,278.74,0.15,103.44,Empresa,Tarjeta,False,4,557.48,83.62,473.86,206.88,266.98,56.34,False
ORD-000357,2025-05-16,MTY-02,Norte,Tienda,Hogar,Licuadora,2,977.25,0.05,570.68,Empresa,Tarjeta,False,5,1954.5,97.72,1856.78,1141.36,715.42,38.53,False
ORD-000614,2025-05-16,ZAP-01,Occidente,Tienda,Oficina,Lámpara LED,1,524.93,0.05,238.51,Empresa,Efectivo,False,5,524.93,26.25,498.68,238.51,260.17,52.17,False
ORD-000802,2025-05-16,VER-01,Golfo,Tienda,Hogar,Licuadora,2,1026.69,0.2,563.96,Nuevo,Tarjeta,False,4,2053.38,410.68,1642.7,1127.92,514.78,31.34,False
ORD-001355,2025-05-16,MTY-01,Norte,Tienda,Electrónica,Teclado mecánico,2,1186.96,0.1,718.46,Nuevo,Tarjeta,False,5,2373.92,237.39,2136.53,1436.92,699.61,32.75,False
ORD-001708,2025-05-16,PUE-01,Centro,Tienda,Oficina,Silla ergonómica,1,2935.66,0.1,1835.02,Recurrente,Tarjeta,False,5,2935.66,293.57,2642.09,1835.02,807.07,30.55,False
ORD-002797,2025-05-16,GDL-01,Occidente,Tienda,Hogar,Cafetera programable,1,1512.66,0.2,896.57,Nuevo,Tarjeta,False,4,1512.66,302.53,1210.13,896.57,313.56,25.91,False
ORD-003051,2025-05-16,CDMX-01,Centro,Tienda,Hogar,Cafetera programable,2,1398.64,0.0,865.29,Empresa,Tarjeta,False,5,2797.28,0.0,2797.28,1730.58,1066.7,38.13,False
ORD-003177,2025-05-16,MER-01,Sureste,Tienda,Electrónica,Monitor 24 pulgadas,4,3358.19,0.0,2374.4,Nuevo,Efectivo,False,4,13432.76,0.0,13432.76,9497.6,3935.16,29.3,True
ORD-000849,2025-05-17,PUE-01,Centro,Online,Oficina,Silla ergonómica,1,2846.21,0.3,1798.22,Recurrente,Tarjeta,False,4,2846.21,853.86,1992.35,1798.22,194.13,9.74,False
ORD-002450,2025-05-17,CDMX-01,Centro,Online,Oficina,Lámpara LED,2,560.24,0.1,232.03,Recurrente,Tarjeta,False,4,1120.48,112.05,1008.43,464.06,544.37,53.98,False
ORD-002728,2025-05-17,CAN-01,Sureste,Tienda,Electrónica,Teclado mecánico,1,1228.6,0.1,727.14,Nuevo,Tarjeta,False,4,1228.6,122.86,1105.74,727.14,378.6,34.24,False
ORD-002992,2025-05-17,PUE-01,Centro,Tienda,Deportes,Mochila deportiva,2,783.86,0.15,340.87,Nuevo,Efectivo,False,5,1567.72,235.16,1332.56,681.74,650.82,48.84,False
ORD-003188,2025-05-17,CDMX-02,Centro,Tienda,Deportes,Tapete de yoga,2,397.13,0.3,159.14,Nuevo,Tarjeta,False,4,794.26,238.28,555.98,318.28,237.7,42.75,False
ORD-003285,2025-05-17,PUE-01,Centro,Tienda,Electrónica,Audífonos Bluetooth,2,738.17,0.0,387.48,Nuevo,Tarjeta,False,4,1476.34,0.0,1476.34,774.96,701.38,47.51,False
ORD-003324,2025-05-17,CHH-01,Norte,Tienda,Electrónica,Teclado mecánico,1,1225.76,0.15,711.89,Recurrente,Tarjeta,False,3,1225.76,183.86,1041.9,711.89,330.01,31.67,False
ORD-000201,2025-05-18,CHH-01,Norte,Tienda,Hogar,Licuadora,1,972.79,0.1,561.78,Nuevo,Tarjeta,False,3,972.79,97.28,875.51,561.78,313.73,35.83,False
ORD-000583,2025-05-18,GDL-01,Occidente,Online,Electrónica,Monitor 24 pulgadas,2,3337.32,0.2,2289.21,Nuevo,Efectivo,False,3,6674.64,1334.93,5339.71,4578.42,761.29,14.26,False
ORD-001010,2025-05-18,CHH-01,Norte,Tienda,Electrónica,Teclado mecánico,1,1259.81,0.1,711.59,Recurrente,Transferencia,True,4,1259.81,125.98,1133.83,711.59,422.24,37.24,False
ORD-001118,2025-05-18,GDL-02,Occidente,Tienda,Deportes,Tapete de yoga,6,411.3,0.15,161.03,Empresa,Efectivo,False,3,2467.8,370.17,2097.63,966.18,1131.45,53.94,False
ORD-001232,2025-05-18,VER-01,Golfo,Online,Oficina,Lámpara LED,2,540.58,0.0,234.67,Nuevo,Efectivo,False,4,1081.16,0.0,1081.16,469.34,611.82,56.59,False
ORD-001837,2025-05-18,PUE-01,Centro,Tienda,Deportes,Mancuernas 10 kg,1,917.88,0.0,534.23,Recurrente,Tarjeta,False,4,917.88,0.0,917.88,534.23,383.65,41.8,False
ORD-002070,2025-05-18,ZAP-01,Occidente,Tienda,Oficina,Lámpara LED,2,540.39,0.0,242.44,Recurrente,Tarjeta,False,5,1080.78,0.0,1080.78,484.88,595.9,55.14,False
ORD-002734,2025-05-18,PUE-01,Centro,Tienda,Oficina,Lámpara LED,1,524.35,0.1,238.3,Nuevo,Tarjeta,False,4,524.35,52.44,471.91,238.3,233.61,49.5,False
ORD-003124,2025-05-18,MER-01,Sureste,Tienda,Hogar,Cafetera programable,1,1524.08,0.05,861.67,Nuevo,Tarjeta,False,5,1524.08,76.2,1447.88,861.67,586.21,40.49,False
ORD-003446,2025-05-18,CDMX-01,Centro,Tienda,Electrónica,Teclado mecánico,1,1183.26,0.0,710.49,Recurrente,Tarjeta,False,3,1183.26,0.0,1183.26,710.49,472.77,39.95,False
ORD-000610,2025-05-19,CHH-01,Norte,Tienda,Hogar,Licuadora,1,1024.41,0.0,565.07,Nuevo,Efectivo,False,5,1024.41,0.0,1024.41,565.07,459.34,44.84,False
ORD-001283,2025-05-19,VER-01,Golfo,Online,Electrónica,Audífonos Bluetooth,3,660.85,0.05,384.64,Recurrente,Tarjeta,False,1,1982.55,99.13,1883.42,1153.92,729.5,38.73,False
ORD-001754,2025-05-19,VER-01,Golfo,Online,Oficina,Lámpara LED,1,544.29,0.2,244.85,Nuevo,Tarjeta,False,5,544.29,108.86,435.43,244.85,190.58,43.77,False
ORD-000053,2025-05-20,MTY-01,Norte,Tienda,Hogar,Licuadora,1,1028.67,0.15,573.56,Recurrente,Efectivo,False,4,1028.67,154.3,874.37,573.56,300.81,34.4,False
ORD-000828,2025-05-20,MTY-01,Norte,Online,Deportes,Mancuernas 10 kg,1,901.7,0.1,520.38,Nuevo,Efectivo,False,1,901.7,90.17,811.53,520.38,291.15,35.88,False
ORD-002406,2025-05-20,ZAP-01,Occidente,Tienda,Deportes,Tapete de yoga,3,396.33,0.1,160.02,Recurrente,Efectivo,True,5,1188.99,118.9,1070.09,480.06,590.03,55.14,False
ORD-002466,2025-05-20,VER-01,Golfo,Online,Hogar,Juego de sábanas,1,638.57,0.0,304.39,Empresa,Transferencia,False,3,638.57,0.0,638.57,304.39,334.18,52.33,False
ORD-002638,2025-05-20,CDMX-01,Centro,Tienda,Deportes,Tapete de yoga,2,384.91,0.3,161.38,Recurrente,Tarjeta,False,5,769.82,230.95,538.87,322.76,216.11,40.1,False
ORD-003213,2025-05-20,MTY-02,Norte,Tienda,Electrónica,Teclado mecánico,1,1262.95,0.3,706.07,Recurrente,Transferencia,False,4,1262.95,378.88,884.07,706.07,178.0,20.13,False
ORD-003320,2025-05-20,CDMX-01,Centro,Tienda,Deportes,Mochila deportiva,2,760.3,0.2,342.23,Empresa,Transferencia,False,5,1520.6,304.12,1216.48,684.46,532.02,43.73,False
ORD-000302,2025-05-21,CAN-01,Sureste,Online,Electrónica,Teclado mecánico,1,1205.29,0.0,714.65,Recurrente,Efectivo,False,3,1205.29,0.0,1205.29,714.65,490.64,40.71,False
ORD-000355,2025-05-21,CDMX-01,Centro,Tienda,Deportes,Mochila deportiva,2,780.85,0.05,342.9,Recurrente,Efectivo,False,4,1561.7,78.09,1483.61,685.8,797.81,53.77,False
ORD-000493,2025-05-21,MTY-02,Norte,Tienda,Electrónica,Teclado mecánico,2,1142.96,0.0,733.17,Recurrente,Efectivo,False,5,2285.92,0.0,2285.92,1466.34,819.58,35.85,False
ORD-001737,2025-05-21,CDMX-02,Centro,Online,Oficina,Silla ergonómica,1,2996.72,0.05,1839.8,Empresa,Efectivo,False,4,2996.72,149.84,2846.88,1839.8,1007.08,35.37,False
ORD-002017,2025-05-21,MTY-02,Norte,Tienda,Oficina,Lámpara LED,2,524.7,0.15,239.58,Nuevo,Efectivo,False,4,1049.4,157.41,891.99,479.16,412.83,46.28,False
ORD-002961,2025-05-21,VER-01,Golfo,Tienda,Oficina,Lámpara LED,2,545.14,0.05,234.31,Nuevo,Efectivo,False,4,1090.28,54.51,1035.77,468.62,567.15,54.76,False
ORD-003088,2025-05-21,ZAP-01,Occidente,Tienda,Oficina,Organizador de escritorio,1,295.36,0.05,105.84,Nuevo,Transferencia,False,5,295.36,14.77,280.59,105.84,174.75,62.28,False
ORD-003090,2025-05-21,GDL-02,Occidente,Tienda,Deportes,Mancuernas 10 kg,2,894.64,0.15,520.39,Recurrente,Tarjeta,False,5,1789.28,268.39,1520.89,1040.78,480.11,31.57,False
ORD-003499,2025-05-21,MER-01,Sureste,Online,Deportes,Tapete de yoga,1,399.97,0.15,159.59,Recurrente,Efectivo,True,4,399.97,60.0,339.97,159.59,180.38,53.06,False
ORD-003586,2025-05-21,GDL-01,Occidente,Online,Electrónica,Audífonos Bluetooth,2,709.43,0.1,388.87,Recurrente,Tarjeta,False,5,1418.86,141.89,1276.97,777.74,499.23,39.09,False
ORD-000030,2025-05-22,PUE-01,Centro,Tienda,Oficina,Silla ergonómica,1,2859.36,0.0,1851.86,Nuevo,Tarjeta,False,4,2859.36,0.0,2859.36,1851.86,1007.5,35.24,False
ORD-000354,2025-05-22,MTY-02,Norte,Online,Oficina,Silla ergonómica,1,2984.97,0.2,1812.73,Recurrente,Tarjeta,False,4,2984.97,596.99,2387.98,1812.73,575.25,24.09,False
ORD-000806,2025-05-22,VER-01,Golfo,Online,Oficina,Organizador de escritorio,3,295.39,0.1,104.69,Recurrente,Tarjeta,False,3,886.17,88.62,797.55,314.07,483.48,60.62,False
ORD-001081,2025-05-22,MER-01,Sureste,Online,Oficina,Lámpara LED,3,542.53,0.3,240.02,Nuevo,Tarjeta,False,2,1627.59,488.28,1139.31,720.06,419.25,36.8,False
ORD-001113,2025-05-22,GDL-01,Occidente,Tienda,Electrónica,Audífonos Bluetooth,1,714.22,0.0,384.93,Recurrente,Efectivo,False,5,714.22,0.0,714.22,384.93,329.29,46.1,False
ORD-001124,2025-05-22,PUE-01,Centro,Tienda,Oficina,Lámpara LED,2,545.7,0.1,234.39,Nuevo,Tarjeta,False,4,1091.4,109.14,982.26,468.78,513.48,52.28,False
ORD-001399,2025-05-22,MTY-01,Norte,Online,Deportes,Mochila deportiva,3,708.72,0.05,337.47,Nuevo,Tarjeta,False,4,2126.16,106.31,2019.85,1012.41,1007.44,49.88,False
ORD-002403,2025-05-22,ZAP-01,Occidente,Online,Hogar,Cafetera programable,3,1501.31,0.0,877.29,Recurrente,Tarjeta,False,5,4503.93,0.0,4503.93,2631.87,1872.06,41.57,False
ORD-002972,2025-05-22,MTY-02,Norte,Tienda,Electrónica,Audífonos Bluetooth,2,709.95,0.1,382.37,Recurrente,Efectivo,False,4,1419.9,141.99,1277.91,764.74,513.17,40.16,False
ORD-003392,2025-05-22,CHH-01,Norte,Tienda,Deportes,Mochila deportiva,3,712.36,0.05,337.95,Recurrente,Efectivo,False,2,2137.08,106.85,2030.23,1013.85,1016.38,50.06,False
ORD-003538,2025-05-22,GDL-01,Occidente,Tienda,Electrónica,Audífonos Bluetooth,2,697.19,0.1,369.72,Recurrente,Tarjeta,False,4,1394.38,139.44,1254.94,739.44,515.5,41.08,False
ORD-000177,2025-05-23,CHH-01,Norte,Online,Oficina,Silla ergonómica,1,2976.36,0.0,1826.39,Recurrente,Tarjeta,False,5,2976.36,0.0,2976.36,1826.39,1149.97,38.64,False
ORD-002439,2025-05-23,VER-01,Golfo,Tienda,Oficina,Lámpara LED,2,515.17,0.1,239.54,Recurrente,Tarjeta,False,3,1030.34,103.03,927.31,479.08,448.23,48.34,False
ORD-003589,2025-05-23,CDMX-01,Centro,Online,Deportes,Mochila deportiva,3,746.27,0.15,342.0,Nuevo,Tarjeta,False,5,2238.81,335.82,1902.99,1026.0,876.99,46.08,False
ORD-001322,2025-05-24,GDL-01,Occidente,Tienda,Electrónica,Teclado mecánico,2,1120.64,0.0,704.37,Recurrente,Tarjeta,False,4,2241.28,0.0,2241.28,1408.74,832.54,37.15,False
ORD-001487,2025-05-24,MTY-02,Norte,Tienda,Deportes,Mancuernas 10 kg,1,897.56,0.1,521.07,Recurrente,Tarjeta,False,4,897.56,89.76,807.8,521.07,286.73,35.5,False
ORD-001595,2025-05-24,CDMX-01,Centro,Online,Deportes,Mancuernas 10 kg,3,886.7,0.1,523.33,Nuevo,Transferencia,False,5,2660.1,266.01,2394.09,1569.99,824.1,34.42,False
ORD-001650,2025-05-24,CDMX-02,Centro,Tienda,Oficina,Organizador de escritorio,4,290.85,0.0,107.22,Recurrente,Transferencia,False,2,1163.4,0.0,1163.4,428.88,734.52,63.14,False
ORD-001665,2025-05-24,VER-01,Golfo,Tienda,Electrónica,Teclado mecánico,4,1189.85,0.1,724.17,Empresa,Efectivo,False,5,4759.4,475.94,4283.46,2896.68,1386.78,32.38,False
ORD-002082,2025-05-24,MTY-01,Norte,Tienda,Oficina,Organizador de escritorio,1,284.07,0.05,101.9,Recurrente,Tarjeta,False,4,284.07,14.2,269.87,101.9,167.97,62.24,False
ORD-002125,2025-05-24,GDL-02,Occidente,Tienda,Deportes,Mochila deportiva,2,780.93,0.0,339.07,Recurrente,Tarjeta,False,4,1561.86,0.0,1561.86,678.14,883.72,56.58,False
ORD-002453,2025-05-24,GDL-01,Occidente,Tienda,Hogar,Cafetera programable,3,1497.98,0.0,866.34,Recurrente,Tarjeta,False,3,4493.94,0.0,4493.94,2599.02,1894.92,42.17,False
ORD-003240,2025-05-24,PUE-01,Centro,Online,Hogar,Juego de sábanas,1,685.93,0.0,314.86,Recurrente,Tarjeta,False,5,685.93,0.0,685.93,314.86,371.07,54.1,False
ORD-000260,2025-05-25,ZAP-01,Occidente,Online,Electrónica,Audífonos Bluetooth,2,723.5,0.15,378.33,Empresa,Tarjeta,False,4,1447.0,217.05,1229.95,756.66,473.29,38.48,False
ORD-000458,2025-05-25,CDMX-02,Centro,Tienda,Deportes,Mancuernas 10 kg,4,867.27,0.0,515.59,Empresa,Tarjeta,False,4,3469.08,0.0,3469.08,2062.36,1406.72,40.55,False
ORD-000569,2025-05-25,CAN-01,Sureste,Tienda,Hogar,Juego de sábanas,2,641.72,0.0,308.74,Nuevo,Transferencia,False,5,1283.44,0.0,1283.44,617.48,665.96,51.89,False
ORD-000615,2025-05-25,MER-01,Sureste,Tienda,Hogar,Juego de sábanas,1,643.14,0.3,314.45,Empresa,Efectivo,False,5,643.14,192.94,450.2,314.45,135.75,30.15,False
ORD-002127,2025-05-25,CDMX-02,Centro,Tienda,Deportes,Mancuernas 10 kg,1,910.85,0.1,524.65,Nuevo,Tarjeta,False,5,910.85,91.08,819.77,524.65,295.12,36.0,False
ORD-002278,2025-05-25,VER-01,Golfo,Tienda,Hogar,Cafetera programable,2,1499.22,0.15,872.85,Nuevo,Efectivo,False,2,2998.44,449.77,2548.67,1745.7,802.97,31.51,False
ORD-002473,2025-05-25,ZAP-01,Occidente,Tienda,Deportes,Mancuernas 10 kg,3,894.35,0.15,512.73,Nuevo,Tarjeta,False,4,2683.05,402.46,2280.59,1538.19,742.4,32.55,False
ORD-002798,2025-05-25,MTY-02,Norte,Online,Deportes,Mancuernas 10 kg,1,907.45,0.15,515.09,Recurrente,Tarjeta,False,5,907.45,136.12,771.33,515.09,256.24,33.22,False
ORD-002859,2025-05-25,CDMX-02,Centro,Tienda,Oficina,Organizador de escritorio,1,298.82,0.0,105.41,Nuevo,Efectivo,False,5,298.82,0.0,298.82,105.41,193.41,64.72,False
ORD-002987,2025-05-25,PUE-01,Centro,Tienda,Deportes,Mancuernas 10 kg,1,890.53,0.1,508.09,Empresa,Tarjeta,False,4,890.53,89.05,801.48,508.09,293.39,36.61,False
ORD-003355,2025-05-25,CDMX-02,Centro,Tienda,Deportes,Tapete de yoga,1,403.15,0.05,161.96,Recurrente,Tarjeta,False,5,403.15,20.16,382.99,161.96,221.03,57.71,False
ORD-000258,2025-05-26,GDL-01,Occidente,Online,Deportes,Mancuernas 10 kg,2,905.68,0.0,513.77,Nuevo,Efectivo,False,5,1811.36,0.0,1811.36,1027.54,783.82,43.27,False
ORD-000567,2025-05-26,CDMX-02,Centro,Tienda,Hogar,Cafetera programable,2,1521.56,0.0,874.28,Recurrente,Efectivo,False,4,3043.12,0.0,3043.12,1748.56,1294.56,42.54,False
ORD-000812,2025-05-26,CAN-01,Sureste,Online,Electrónica,Teclado mecánico,2,1133.42,0.1,727.57,Recurrente,Efectivo,False,3,2266.84,226.68,2040.16,1455.14,585.02,28.68,False
ORD-001070,2025-05-26,CDMX-02,Centro,Online,Hogar,Juego de sábanas,1,670.91,0.1,312.25,Empresa,Tarjeta,False,4,670.91,67.09,603.82,312.25,291.57,48.29,False
ORD-001188,2025-05-26,GDL-02,Occidente,Tienda,Electrónica,Audífonos Bluetooth,2,695.0,0.15,373.35,Recurrente,Tarjeta,False,3,1390.0,208.5,1181.5,746.7,434.8,36.8,False
ORD-002632,2025-05-26,CHH-01,Norte,Tienda,Electrónica,Audífonos Bluetooth,6,702.56,0.0,375.62,Recurrente,Tarjeta,False,5,4215.36,0.0,4215.36,2253.72,1961.64,46.54,False
ORD-002931,2025-05-26,MTY-02,Norte,Online,Oficina,Silla ergonómica,3,2987.99,0.1,1820.81,Recurrente,Tarjeta,False,4,8963.97,896.4,8067.57,5462.43,2605.14,32.29,True
ORD-003351,2025-05-26,CAN-01,Sureste,Tienda,Deportes,Mancuernas 10 kg,1,907.69,0.05,525.7,Recurrente,Tarjeta,False,5,907.69,45.38,862.31,525.7,336.61,39.04,False
ORD-000054,2025-05-27,GDL-01,Occidente,Tienda,Deportes,Mancuernas 10 kg,2,909.53,0.05,520.39,Nuevo,Tarjeta,True,5,1819.06,90.95,1728.11,1040.78,687.33,39.77,False
ORD-000755,2025-05-27,ZAP-01,Occidente,Online,Electrónica,Teclado mecánico,1,1226.36,0.0,730.54,Empresa,Efectivo,False,5,1226.36,0.0,1226.36,730.54,495.82,40.43,False
ORD-000776,2025-05-27,MER-01,Sureste,Tienda,Deportes,Mancuernas 10 kg,1,878.01,0.2,526.49,Recurrente,Tarjeta,False,3,878.01,175.6,702.41,526.49,175.92,25.05,False
ORD-001080,2025-05-27,CHH-01,Norte,Tienda,Hogar,Juego de sábanas,5,655.44,0.15,314.7,Empresa,Transferencia,False,3,3277.2,491.58,2785.62,1573.5,1212.12,43.51,False
ORD-001709,2025-05-27,ZAP-01,Occidente,Tienda,Hogar,Juego de sábanas,3,620.92,0.3,308.44,Empresa,Tarjeta,False,5,1862.76,558.83,1303.93,925.32,378.61,29.04,False
ORD-001710,2025-05-27,PUE-01,Centro,Online,Oficina,Silla ergonómica,3,2889.49,0.2,1866.37,Recurrente,Tarjeta,False,4,8668.47,1733.69,6934.78,5599.11,1335.67,19.26,True
ORD-002088,2025-05-27,CHH-01,Norte,Tienda,Deportes,Mochila deportiva,1,772.48,0.05,339.65,Nuevo,Efectivo,False,4,772.48,38.62,733.86,339.65,394.21,53.72,False
ORD-002162,2025-05-27,CDMX-01,Centro,Tienda,Hogar,Licuadora,1,982.69,0.1,551.69,Nuevo,Efectivo,False,4,982.69,98.27,884.42,551.69,332.73,37.62,False
ORD-003207,2025-05-27,VER-01,Golfo,Tienda,Deportes,Tapete de yoga,1,411.26,0.1,157.84,Nuevo,Tarjeta,False,4,411.26,41.13,370.13,157.84,212.29,57.36,False
ORD-003378,2025-05-27,MTY-02,Norte,Tienda,Deportes,Mochila deportiva,6,776.35,0.0,340.13,Recurrente,Efectivo,False,4,4658.1,0.0,4658.1,2040.78,2617.32,56.19,False
ORD-000268,2025-05-28,ZAP-01,Occidente,Online,Hogar,Juego de sábanas,1,643.79,0.3,305.81,Nuevo,Tarjeta,False,3,643.79,193.14,450.65,305.81,144.84,32.14,False
ORD-000325,2025-05-28,CAN-01,Sureste,Tienda,Oficina,Organizador de escritorio,1,284.01,0.0,104.17,Recurrente,Tarjeta,False,5,284.01,0.0,284.01,104.17,179.84,63.32,False
ORD-000474,2025-05-28,VER-01,Golfo,Online,Hogar,Cafetera programable,1,1541.13,0.05,852.23,Recurrente,Tarjeta,False,3,1541.13,77.06,1464.07,852.23,611.84,41.79,False
ORD-001050,2025-05-28,CAN-01,Sureste,Tienda,Hogar,Cafetera programable,2,1452.06,0.1,861.5,Recurrente,Tarjeta,False,4,2904.12,290.41,2613.71,1723.0,890.71,34.08,False
ORD-001151,2025-05-28,PUE-01,Centro,Tienda,Electrónica,Audífonos Bluetooth,2,683.53,0.0,375.31,Nuevo,Transferencia,False,4,1367.06,0.0,1367.06,750.62,616.44,45.09,False
ORD-001338,2025-05-28,ZAP-01,Occidente,Tienda,Oficina,Lámpara LED,2,534.58,0.0,243.7,Recurrente,Tarjeta,False,4,1069.16,0.0,1069.16,487.4,581.76,54.41,False
ORD-001718,2025-05-28,MTY-01,Norte,Tienda,Oficina,Lámpara LED,3,546.44,0.1,240.19,Nuevo,Tarjeta,False,3,1639.32,163.93,1475.39,720.57,754.82,51.16,False
ORD-001949,2025-05-28,GDL-02,Occidente,Tienda,Oficina,Organizador de escritorio,2,285.61,0.1,105.73,Nuevo,Tarjeta,False,5,571.22,57.12,514.1,211.46,302.64,58.87,False
ORD-002130,2025-05-28,GDL-01,Occidente,Tienda,Oficina,Organizador de escritorio,5,293.77,0.05,103.56,Recurrente,Transferencia,True,4,1468.85,73.44,1395.41,517.8,877.61,62.89,False
ORD-002778,2025-05-28,CDMX-02,Centro,Online,Oficina,Silla ergonómica,2,2886.81,0.0,1837.73,Nuevo,Tarjeta,False,4,5773.62,0.0,5773.62,3675.46,2098.16,36.34,False
ORD-003123,2025-05-28,VER-01,Golfo,Tienda,Electrónica,Audífonos Bluetooth,2,702.56,0.0,381.33,Recurrente,Efectivo,False,5,1405.12,0.0,1405.12,762.66,642.46,45.72,False
ORD-003557,2025-05-28,GDL-02,Occidente,Tienda,Electrónica,Teclado mecánico,2,1165.38,0.15,707.1,Nuevo,Tarjeta,False,5,2330.76,349.61,1981.15,1414.2,566.95,28.62,False
ORD-001571,2025-05-29,MTY-02,Norte,Online,Hogar,Juego de sábanas,5,646.72,0.15,308.94,Recurrente,Tarjeta,False,5,3233.6,485.04,2748.56,1544.7,1203.86,43.8,False
ORD-002062,2025-05-29,MTY-01,Norte,Tienda,Hogar,Cafetera programable,3,1495.12,0.05,864.67,Nuevo,Transferencia,False,5,4485.36,224.27,4261.09,2594.01,1667.08,39.12,False
ORD-002368,2025-05-29,GDL-01,Occidente,Tienda,Oficina,Lámpara LED,1,540.2,0.0,238.08,Recurrente,Tarjeta,False,5,540.2,0.0,540.2,238.08,302.12,55.93,False
ORD-002634,2025-05-29,CAN-01,Sureste,Tienda,Deportes,Mochila deportiva,2,792.32,0.05,345.62,Nuevo,Transferencia,False,3,1584.64,79.23,1505.41,691.24,814.17,54.08,False
ORD-002721,2025-05-29,VER-01,Golfo,Online,Electrónica,Monitor 24 pulgadas,1,3466.37,0.2,2345.51,Recurrente,Tarjeta,False,4,3466.37,693.27,2773.1,2345.51,427.59,15.42,False
ORD-003226,2025-05-29,MTY-01,Norte,Online,Electrónica,Audífonos Bluetooth,3,708.73,0.0,384.37,Nuevo,Tarjeta,False,3,2126.19,0.0,2126.19,1153.11,973.08,45.77,False
ORD-003490,2025-05-29,CAN-01,Sureste,Online,Hogar,Cafetera programable,2,1525.13,0.1,882.82,Nuevo,Efectivo,False,5,3050.26,305.03,2745.23,1765.64,979.59,35.68,False
ORD-000391,2025-05-30,CDMX-01,Centro,Tienda,Oficina,Silla ergonómica,1,2853.62,0.05,1836.62,Nuevo,Efectivo,False,4,2853.62,142.68,2710.94,1836.62,874.32,32.25,False
ORD-001073,2025-05-30,MTY-02,Norte,Tienda,Deportes,Tapete de yoga,3,396.75,0.0,158.08,Recurrente,Tarjeta,False,4,1190.25,0.0,1190.25,474.24,716.01,60.16,False
ORD-002526,2025-05-30,GDL-02,Occidente,Tienda,Hogar,Juego de sábanas,2,646.01,0.1,311.51,Nuevo,Transferencia,False,1,1292.02,129.2,1162.82,623.02,539.8,46.42,False
ORD-002910,2025-05-30,CAN-01,Sureste,Online,Oficina,Silla ergonómica,1,3018.55,0.05,1847.8,Empresa,Tarjeta,False,1,3018.55,150.93,2867.62,1847.8,1019.82,35.56,False
ORD-002986,2025-05-30,CHH-01,Norte,Tienda,Deportes,Tapete de yoga,1,411.42,0.0,162.73,Nuevo,Efectivo,False,3,411.42,0.0,411.42,162.73,248.69,60.45,False
ORD-000404,2025-05-31,ZAP-01,Occidente,Online,Electrónica,Teclado mecánico,2,1174.91,0.1,720.41,Recurrente,Efectivo,True,3,2349.82,234.98,2114.84,1440.82,674.02,31.87,False
ORD-000442,2025-05-31,MTY-02,Norte,Tienda,Hogar,Cafetera programable,5,1510.56,0.1,853.04,Nuevo,Tarjeta,False,1,7552.8,755.28,6797.52,4265.2,2532.32,37.25,True
ORD-000725,2025-05-31,MER-01,Sureste,Tienda,Oficina,Organizador de escritorio,2,292.27,0.3,106.11,Nuevo,Tarjeta,False,5,584.54,175.36,409.18,212.22,196.96,48.14,False
ORD-000744,2025-05-31,VER-01,Golfo,Online,Deportes,Tapete de yoga,1,402.21,0.1,158.99,Nuevo,Tarjeta,False,5,402.21,40.22,361.99,158.99,203.0,56.08,False
ORD-001005,2025-05-31,GDL-01,Occidente,Online,Deportes,Mancuernas 10 kg,1,909.99,0.2,535.65,Recurrente,Efectivo,True,5,909.99,182.0,727.99,535.65,192.34,26.42,False
ORD-001245,2025-05-31,CAN-01,Sureste,Tienda,Deportes,Mochila deportiva,1,738.37,0.05,342.99,Recurrente,Tarjeta,False,5,738.37,36.92,701.45,342.99,358.46,51.1,False
ORD-001854,2025-05-31,VER-01,Golfo,Tienda,Hogar,Cafetera programable,2,1579.09,0.1,871.88,Nuevo,Efectivo,False,3,3158.18,315.82,2842.36,1743.76,1098.6,38.65,False
ORD-001860,2025-05-31,MTY-02,Norte,Tienda,Deportes,Mochila deportiva,1,750.47,0.1,344.72,Nuevo,Tarjeta,False,5,750.47,75.05,675.42,344.72,330.7,48.96,False
ORD-002007,2025-05-31,PUE-01,Centro,Tienda,Hogar,Juego de sábanas,2,631.55,0.05,315.83,Recurrente,Efectivo,False,4,1263.1,63.16,1199.94,631.66,568.28,47.36,False
ORD-002092,2025-05-31,MTY-01,Norte,Online,Deportes,Mancuernas 10 kg,2,931.65,0.1,516.17,Recurrente,Efectivo,False,4,1863.3,186.33,1676.97,1032.34,644.63,38.44,False
ORD-002644,2025-05-31,CAN-01,Sureste,Tienda,Hogar,Licuadora,2,1013.27,0.0,553.43,Recurrente,Tarjeta,False,3,2026.54,0.0,2026.54,1106.86,919.68,45.38,False
ORD-003338,2025-05-31,ZAP-01,Occidente,Tienda,Deportes,Mochila deportiva,1,752.26,0.1,348.48,Nuevo,Tarjeta,True,2,752.26,75.23,677.03,348.48,328.55,48.53,False
ORD-000602,2025-06-01,CAN-01,Sureste,Online,Electrónica,Teclado mecánico,1,1184.98,0.1,705.22,Nuevo,Transferencia,False,5,1184.98,118.5,1066.48,705.22,361.26,33.87,False
ORD-001020,2025-06-01,MER-01,Sureste,Online,Oficina,Lámpara LED,6,528.89,0.0,234.48,Nuevo,Tarjeta,False,5,3173.34,0.0,3173.34,1406.88,1766.46,55.67,False
ORD-001197,2025-06-01,CAN-01,Sureste,Tienda,Electrónica,Teclado mecánico,1,1188.87,0.05,710.13,Recurrente,Transferencia,False,5,1188.87,59.44,1129.43,710.13,419.3,37.12,False
ORD-001243,2025-06-01,PUE-01,Centro,Tienda,Deportes,Mochila deportiva,5,760.52,0.2,348.77,Nuevo,Tarjeta,False,3,3802.6,760.52,3042.08,1743.85,1298.23,42.68,False
ORD-001441,2025-06-01,ZAP-01,Occidente,Tienda,Electrónica,Audífonos Bluetooth,2,690.83,0.05,387.44,Recurrente,Efectivo,False,4,1381.66,69.08,1312.58,774.88,537.7,40.97,False
ORD-001544,2025-06-01,ZAP-01,Occidente,Tienda,Electrónica,Monitor 24 pulgadas,5,3242.41,0.1,2298.63,Nuevo,Efectivo,False,4,16212.05,1621.2,14590.85,11493.15,3097.7,21.23,True
ORD-001639,2025-06-01,MER-01,Sureste,Online,Oficina,Silla ergonómica,5,2962.15,0.0,1827.9,Recurrente,Tarjeta,False,3,14810.75,0.0,14810.75,9139.5,5671.25,38.29,True
ORD-002101,2025-06-01,CDMX-01,Centro,Tienda,Oficina,Lámpara LED,1,561.03,0.05,240.51,Recurrente,Efectivo,False,4,561.03,28.05,532.98,240.51,292.47,54.87,False
ORD-003436,2025-06-01,CDMX-01,Centro,Tienda,Hogar,Licuadora,1,981.59,0.2,559.65,Empresa,Tarjeta,False,3,981.59,196.32,785.27,559.65,225.62,28.73,False
ORD-003503,2025-06-01,GDL-02,Occidente,Online,Oficina,Silla ergonómica,3,2892.51,0.05,1854.1,Recurrente,Tarjeta,True,1,8677.53,433.88,8243.65,5562.3,2681.35,32.53,True
ORD-000024,2025-06-02,CDMX-02,Centro,Online,Hogar,Licuadora,3,1002.49,0.1,560.15,Empresa,Tarjeta,False,3,3007.47,300.75,2706.72,1680.45,1026.27,37.92,False
ORD-000129,2025-06-02,ZAP-01,Occidente,Online,Deportes,Tapete de yoga,2,398.72,0.1,161.89,Empresa,Tarjeta,False,3,797.44,79.74,717.7,323.78,393.92,54.89,False
ORD-000426,2025-06-02,CDMX-01,Centro,Tienda,Deportes,Tapete de yoga,1,397.72,0.1,157.22,Nuevo,Transferencia,False,5,397.72,39.77,357.95,157.22,200.73,56.08,False
ORD-000617,2025-06-02,CAN-01,Sureste,Online,Electrónica,Monitor 24 pulgadas,4,3295.1,0.15,2352.27,Recurrente,Tarjeta,False,4,13180.4,1977.06,11203.34,9409.08,1794.26,16.02,True
ORD-001012,2025-06-02,CHH-01,Norte,Online,Oficina,Organizador de escritorio,4,295.3,0.2,103.91,Recurrente,Tarjeta,False,5,1181.2,236.24,944.96,415.64,529.32,56.02,False
ORD-001064,2025-06-02,CHH-01,Norte,Tienda,Deportes,Tapete de yoga,2,406.97,0.1,162.44,Nuevo,Efectivo,False,4,813.94,81.39,732.55,324.88,407.67,55.65,False
ORD-001203,2025-06-02,GDL-01,Occidente,Tienda,Hogar,Cafetera programable,2,1492.85,0.05,858.2,Recurrente,Tarjeta,False,4,2985.7,149.28,2836.42,1716.4,1120.02,39.49,False
ORD-001421,2025-06-02,CDMX-02,Centro,Tienda,Electrónica,Monitor 24 pulgadas,2,3276.22,0.0,2319.99,Recurrente,Tarjeta,False,5,6552.44,0.0,6552.44,4639.98,1912.46,29.19,True
ORD-001960,2025-06-02,MTY-01,Norte,Tienda,Deportes,Mancuernas 10 kg,1,890.38,0.1,521.02,Recurrente,Efectivo,False,1,890.38,89.04,801.34,521.02,280.32,34.98,False
ORD-002051,2025-06-02,CAN-01,Sureste,Online,Oficina,Organizador de escritorio,1,279.54,0.1,104.46,Recurrente,Transferencia,False,5,279.54,27.95,251.59,104.46,147.13,58.48,False
ORD-002669,2025-06-02,CAN-01,Sureste,Online,Deportes,Mancuernas 10 kg,3,884.68,0.3,524.35,Nuevo,Tarjeta,True,4,2654.04,796.21,1857.83,1573.05,284.78,15.33,False
ORD-002727,2025-06-02,VER-01,Golfo,Tienda,Electrónica,Teclado mecánico,1,1204.35,0.15,723.07,Recurrente,Tarjeta,False,2,1204.35,180.65,1023.7,723.07,300.63,29.37,False
ORD-002776,2025-06-02,MTY-01,Norte,Online,Hogar,Licuadora,1,976.48,0.1,559.62,Recurrente,Tarjeta,False,4,976.48,97.65,878.83,559.62,319.21,36.32,False
ORD-002892,2025-06-02,CAN-01,Sureste,Tienda,Deportes,Mochila deportiva,1,737.09,0.2,341.06,Nuevo,Efectivo,False,2,737.09,147.42,589.67,341.06,248.61,42.16,False
ORD-002982,2025-06-02,ZAP-01,Occidente,Tienda,Hogar,Licuadora,1,980.56,0.3,554.45,Recurrente,Efectivo,False,3,980.56,294.17,686.39,554.45,131.94,19.22,False
ORD-000210,2025-06-03,MTY-02,Norte,Tienda,Hogar,Juego de sábanas,3,660.51,0.0,315.08,Recurrente,Tarjeta,False,3,1981.53,0.0,1981.53,945.24,1036.29,52.3,False
ORD-000287,2025-06-03,GDL-02,Occidente,Online,Deportes,Tapete de yoga,1,377.03,0.2,162.9,Empresa,Efectivo,False,3,377.03,75.41,301.62,162.9,138.72,45.99,False
ORD-000453,2025-06-03,VER-01,Golfo,Online,Deportes,Mochila deportiva,1,746.97,0.0,343.82,Recurrente,Tarjeta,False,5,746.97,0.0,746.97,343.82,403.15,53.97,False
ORD-000940,2025-06-03,CDMX-01,Centro,Online,Electrónica,Monitor 24 pulgadas,3,3226.69,0.0,2389.82,Empresa,Tarjeta,False,3,9680.07,0.0,9680.07,7169.46,2510.61,25.94,True
ORD-001237,2025-06-03,GDL-01,Occidente,Tienda,Hogar,Licuadora,4,973.18,0.2,547.05,Recurrente,Tarjeta,False,4,3892.72,778.54,3114.18,2188.2,925.98,29.73,False
ORD-001903,2025-06-03,GDL-02,Occidente,Online,Hogar,Juego de sábanas,1,642.96,0.05,318.9,Empresa,Tarjeta,False,5,642.96,32.15,610.81,318.9,291.91,47.79,False
ORD-002148,2025-06-03,CHH-01,Norte,Tienda,Hogar,Licuadora,2,979.15,0.0,572.37,Empresa,Efectivo,False,3,1958.3,0.0,1958.3,1144.74,813.56,41.54,False
ORD-002149,2025-06-03,MER-01,Sureste,Online,Electrónica,Audífonos Bluetooth,4,673.55,0.05,387.32,Empresa,Transferencia,False,4,2694.2,134.71,2559.49,1549.28,1010.21,39.47,False
ORD-002443,2025-06-03,PUE-01,Centro,Online,Deportes,Mochila deportiva,6,740.62,0.05,346.04,Recurrente,Tarjeta,False,3,4443.72,222.19,4221.53,2076.24,2145.29,50.82,False
ORD-002547,2025-06-03,CHH-01,Norte,Tienda,Hogar,Cafetera programable,1,1496.33,0.05,865.88,Recurrente,Efectivo,False,4,1496.33,74.82,1421.51,865.88,555.63,39.09,False
ORD-003271,2025-06-03,MTY-02,Norte,Tienda,Hogar,Cafetera programable,6,1498.28,0.15,869.37,Recurrente,Tarjeta,False,3,8989.68,1348.45,7641.23,5216.22,2425.01,31.74,True
ORD-003433,2025-06-03,GDL-01,Occidente,Online,Electrónica,Teclado mecánico,2,1189.89,0.2,734.83,Recurrente,Efectivo,False,4,2379.78,475.96,1903.82,1469.66,434.16,22.8,False
ORD-003531,2025-06-03,GDL-01,Occidente,Online,Electrónica,Monitor 24 pulgadas,1,3394.67,0.0,2378.2,Nuevo,Efectivo,False,3,3394.67,0.0,3394.67,2378.2,1016.47,29.94,False
ORD-000528,2025-06-04,CHH-01,Norte,Tienda,Oficina,Organizador de escritorio,1,278.19,0.0,105.26,Nuevo,Efectivo,False,4,278.19,0.0,278.19,105.26,172.93,62.16,False
ORD-001299,2025-06-04,MTY-02,Norte,Tienda,Hogar,Licuadora,1,995.48,0.0,551.03,Recurrente,Tarjeta,False,4,995.48,0.0,995.48,551.03,444.45,44.65,False
ORD-001427,2025-06-04,GDL-01,Occidente,Tienda,Electrónica,Monitor 24 pulgadas,1,3417.96,0.05,2346.14,Nuevo,Tarjeta,False,1,3417.96,170.9,3247.06,2346.14,900.92,27.75,False
ORD-001870,2025-06-04,ZAP-01,Occidente,Tienda,Deportes,Tapete de yoga,4,390.28,0.0,158.51,Recurrente,Efectivo,False,3,1561.12,0.0,1561.12,634.04,927.08,59.39,False
ORD-002373,2025-06-04,MTY-01,Norte,Online,Oficina,Silla ergonómica,1,2925.98,0.0,1860.36,Recurrente,Tarjeta,False,3,2925.98,0.0,2925.98,1860.36,1065.62,36.42,False
ORD-003134,2025-06-04,ZAP-01,Occidente,Tienda,Oficina,Lámpara LED,2,539.24,0.0,240.67,Nuevo,Tarjeta,False,4,1078.48,0.0,1078.48,481.34,597.14,55.37,False
ORD-000371,2025-06-05,MER-01,Sureste,Tienda,Deportes,Tapete de yoga,1,394.88,0.05,154.66,Recurrente,Tarjeta,False,4,394.88,19.74,375.14,154.66,220.48,58.77,False
ORD-000611,2025-06-05,PUE-01,Centro,Tienda,Oficina,Organizador de escritorio,1,291.66,0.1,105.02,Nuevo,Efectivo,False,5,291.66,29.17,262.49,105.02,157.47,59.99,False
ORD-000787,2025-06-05,CAN-01,Sureste,Tienda,Hogar,Licuadora,1,982.78,0.2,557.82,Recurrente,Tarjeta,False,3,982.78,196.56,786.22,557.82,228.4,29.05,False
ORD-000997,2025-06-05,CDMX-01,Centro,Tienda,Electrónica,Audífonos Bluetooth,2,670.8,0.1,385.84,Recurrente,Tarjeta,False,4,1341.6,134.16,1207.44,771.68,435.76,36.09,False
ORD-001321,2025-06-05,CDMX-02,Centro,Tienda,Deportes,Tapete de yoga,3,380.43,0.1,155.54,Recurrente,Efectivo,False,2,1141.29,114.13,1027.16,466.62,560.54,54.57,False
ORD-001476,2025-06-05,MTY-01,Norte,Online,Hogar,Licuadora,2,1001.0,0.0,567.97,Recurrente,Tarjeta,False,4,2002.0,0.0,2002.0,1135.94,866.06,43.26,False
ORD-002154,2025-06-05,PUE-01,Centro,Tienda,Hogar,Juego de sábanas,2,645.55,0.0,309.48,Recurrente,Efectivo,False,5,1291.1,0.0,1291.1,618.96,672.14,52.06,False
ORD-002409,2025-06-05,CHH-01,Norte,Tienda,Deportes,Mochila deportiva,3,773.26,0.1,353.49,Nuevo,Tarjeta,False,3,2319.78,231.98,2087.8,1060.47,1027.33,49.21,False
ORD-002976,2025-06-05,CDMX-01,Centro,Tienda,Electrónica,Teclado mecánico,6,1240.97,0.2,732.22,Nuevo,Tarjeta,False,5,7445.82,1489.16,5956.66,4393.32,1563.34,26.25,False
ORD-003006,2025-06-05,CDMX-02,Centro,Online,Deportes,Mancuernas 10 kg,1,896.89,0.1,528.07,Recurrente,Tarjeta,False,1,896.89,89.69,807.2,528.07,279.13,34.58,False
ORD-003019,2025-06-05,VER-01,Golfo,Online,Deportes,Mochila deportiva,1,772.25,0.0,348.19,Nuevo,Efectivo,False,3,772.25,0.0,772.25,348.19,424.06,54.91,False
ORD-003198,2025-06-05,CAN-01,Sureste,Online,Electrónica,Teclado mecánico,2,1213.69,0.0,724.36,Recurrente,Efectivo,False,5,2427.38,0.0,2427.38,1448.72,978.66,40.32,False
ORD-000086,2025-06-06,GDL-01,Occidente,Tienda,Hogar,Licuadora,3,1027.54,0.15,554.68,Nuevo,Tarjeta,False,3,3082.62,462.39,2620.23,1664.04,956.19,36.49,False
ORD-000115,2025-06-06,MER-01,Sureste,Tienda,Hogar,Cafetera programable,2,1479.22,0.0,874.92,Empresa,Tarjeta,False,4,2958.44,0.0,2958.44,1749.84,1208.6,40.85,False
ORD-000116,2025-06-06,MTY-02,Norte,Tienda,Deportes,Mochila deportiva,1,792.7,0.1,331.32,Nuevo,Transferencia,False,5,792.7,79.27,713.43,331.32,382.11,53.56,False
ORD-000345,2025-06-06,CAN-01,Sureste,Tienda,Electrónica,Teclado mecánico,4,1211.12,0.05,717.84,Recurrente,Tarjeta,False,2,4844.48,242.22,4602.26,2871.36,1730.9,37.61,False
ORD-000655,2025-06-06,MTY-01,Norte,Tienda,Deportes,Tapete de yoga,1,382.85,0.0,161.89,Nuevo,Tarjeta,False,5,382.85,0.0,382.85,161.89,220.96,57.71,False
ORD-000863,2025-06-06,MTY-02,Norte,Tienda,Electrónica,Monitor 24 pulgadas,2,3317.57,0.1,2354.2,Recurrente,Tarjeta,False,4,6635.14,663.51,5971.63,4708.4,1263.23,21.15,False
ORD-001881,2025-06-06,MTY-01,Norte,Tienda,Electrónica,Monitor 24 pulgadas,3,3362.88,0.0,2392.35,Nuevo,Efectivo,False,4,10088.64,0.0,10088.64,7177.05,2911.59,28.86,True
ORD-001891,2025-06-06,CDMX-02,Centro,Online,Electrónica,Audífonos Bluetooth,5,676.48,0.1,390.97,Nuevo,Tarjeta,False,4,3382.4,338.24,3044.16,1954.85,1089.31,35.78,False
ORD-002066,2025-06-06,PUE-01,Centro,Tienda,Oficina,Silla ergonómica,1,2873.42,0.1,1795.34,Nuevo,Efectivo,False,3,2873.42,287.34,2586.08,1795.34,790.74,30.58,False
ORD-002072,2025-06-06,MER-01,Sureste,Online,Electrónica,Monitor 24 pulgadas,2,3300.7,0.05,2392.5,Recurrente,Efectivo,False,5,6601.4,330.07,6271.33,4785.0,1486.33,23.7,True
ORD-002109,2025-06-06,CDMX-01,Centro,Tienda,Deportes,Mochila deportiva,6,748.76,0.1,341.48,Nuevo,Tarjeta,False,5,4492.56,449.26,4043.3,2048.88,1994.42,49.33,False
ORD-002336,2025-06-06,MTY-01,Norte,Tienda,Deportes,Mochila deportiva,1,750.13,0.1,329.32,Recurrente,Tarjeta,False,5,750.13,75.01,675.12,329.32,345.8,51.22,False
ORD-002736,2025-06-06,CDMX-02,Centro,Tienda,Deportes,Mochila deportiva,2,760.35,0.0,346.53,Recurrente,Tarjeta,False,3,1520.7,0.0,1520.7,693.06,827.64,54.42,False
ORD-002861,2025-06-06,GDL-01,Occidente,Online,Deportes,Tapete de yoga,2,392.54,0.0,163.37,Recurrente,Tarjeta,False,4,785.08,0.0,785.08,326.74,458.34,58.38,False
ORD-003344,2025-06-06,CAN-01,Sureste,Online,Oficina,Lámpara LED,3,565.27,0.05,238.72,Recurrente,Tarjeta,True,4,1695.81,84.79,1611.02,716.16,894.86,55.55,False
ORD-000340,2025-06-07,CHH-01,Norte,Online,Electrónica,Teclado mecánico,1,1193.92,0.0,733.07,Recurrente,Efectivo,False,4,1193.92,0.0,1193.92,733.07,460.85,38.6,False
ORD-000483,2025-06-07,CDMX-02,Centro,Online,Hogar,Juego de sábanas,5,649.87,0.0,317.7,Recurrente,Tarjeta,False,3,3249.35,0.0,3249.35,1588.5,1660.85,51.11,False
ORD-000516,2025-06-07,GDL-02,Occidente,Tienda,Oficina,Organizador de escritorio,1,281.58,0.15,103.17,Nuevo,Tarjeta,False,4,281.58,42.24,239.34,103.17,136.17,56.89,False
ORD-001389,2025-06-07,GDL-02,Occidente,Tienda,Electrónica,Teclado mecánico,3,1202.16,0.0,703.03,Recurrente,Efectivo,False,5,3606.48,0.0,3606.48,2109.09,1497.39,41.52,False
ORD-001509,2025-06-07,VER-01,Golfo,Online,Electrónica,Teclado mecánico,1,1153.45,0.1,716.07,Recurrente,Tarjeta,False,5,1153.45,115.35,1038.1,716.07,322.03,31.02,False
ORD-001776,2025-06-07,MER-01,Sureste,Tienda,Electrónica,Audífonos Bluetooth,1,683.74,0.0,387.24,Recurrente,Tarjeta,False,5,683.74,0.0,683.74,387.24,296.5,43.36,False
ORD-002078,2025-06-07,VER-01,Golfo,Online,Oficina,Lámpara LED,3,552.49,0.0,241.98,Recurrente,Tarjeta,False,4,1657.47,0.0,1657.47,725.94,931.53,56.2,False
ORD-002784,2025-06-07,GDL-02,Occidente,Tienda,Electrónica,Teclado mecánico,6,1164.54,0.0,726.73,Nuevo,Tarjeta,False,4,6987.24,0.0,6987.24,4360.38,2626.86,37.6,True
ORD-002854,2025-06-07,CDMX-01,Centro,Tienda,Hogar,Cafetera programable,2,1561.82,0.15,860.85,Nuevo,Tarjeta,False,3,3123.64,468.55,2655.09,1721.7,933.39,35.15,False
ORD-003089,2025-06-07,GDL-01,Occidente,Tienda,Electrónica,Monitor 24 pulgadas,1,3439.39,0.0,2376.58,Nuevo,Transferencia,False,3,3439.39,0.0,3439.39,2376.58,1062.81,30.9,False
ORD-003284,2025-06-07,MTY-02,Norte,Tienda,Hogar,Licuadora,2,987.57,0.1,553.36,Recurrente,Efectivo,False,5,1975.14,197.51,1777.63,1106.72,670.91,37.74,False
ORD-003335,2025-06-07,GDL-02,Occidente,Tienda,Electrónica,Teclado mecánico,5,1236.71,0.1,751.25,Nuevo,Tarjeta,False,4,6183.55,618.36,5565.19,3756.25,1808.94,32.5,False
ORD-003455,2025-06-07,CDMX-01,Centro,Tienda,Oficina,Silla ergonómica,2,2908.03,0.0,1807.48,Empresa,Transferencia,False,4,5816.06,0.0,5816.06,3614.96,2201.1,37.85,False
ORD-003466,2025-06-07,CAN-01,Sureste,Online,Hogar,Licuadora,1,1057.3,0.3,561.32,Recurrente,Tarjeta,False,4,1057.3,317.19,740.11,561.32,178.79,24.16,False
ORD-001318,2025-06-08,MTY-02,Norte,Tienda,Electrónica,Monitor 24 pulgadas,1,3373.72,0.2,2328.3,Nuevo,Efectivo,False,4,3373.72,674.74,2698.98,2328.3,370.68,13.73,False
ORD-001470,2025-06-08,GDL-01,Occidente,Online,Oficina,Silla ergonómica,1,2859.76,0.05,1779.09,Recurrente,Tarjeta,False,4,2859.76,142.99,2716.77,1779.09,937.68,34.51,False
ORD-001728,2025-06-08,MER-01,Sureste,Tienda,Electrónica,Teclado mecánico,5,1198.96,0.0,717.85,Nuevo,Tarjeta,False,4,5994.8,0.0,5994.8,3589.25,2405.55,40.13,False
ORD-000644,2025-06-09,MTY-01,Norte,Tienda,Deportes,Mancuernas 10 kg,2,915.64,0.15,515.79,Nuevo,Efectivo,False,5,1831.28,274.69,1556.59,1031.58,525.01,33.73,False
ORD-001163,2025-06-09,GDL-02,Occidente,Online,Electrónica,Audífonos Bluetooth,4,716.36,0.0,375.62,Nuevo,Efectivo,True,3,2865.44,0.0,2865.44,1502.48,1362.96,47.57,False
ORD-001692,2025-06-09,ZAP-01,Occidente,Tienda,Oficina,Lámpara LED,2,543.5,0.05,239.0,Recurrente,Tarjeta,True,3,1087.0,54.35,1032.65,478.0,554.65,53.71,False
ORD-002650,2025-06-09,CAN-01,Sureste,Tienda,Oficina,Lámpara LED,2,537.78,0.1,238.61,Recurrente,Tarjeta,False,4,1075.56,107.56,968.0,477.22,490.78,50.7,False
ORD-000418,2025-06-10,VER-01,Golfo,Tienda,Oficina,Silla ergonómica,4,2845.9,0.1,1852.23,Recurrente,Transferencia,False,5,11383.6,1138.36,10245.24,7408.92,2836.32,27.68,True
ORD-001384,2025-06-10,GDL-01,Occidente,Online,Oficina,Silla ergonómica,1,2827.59,0.0,1767.12,Recurrente,Transferencia,False,4,2827.59,0.0,2827.59,1767.12,1060.47,37.5,False
ORD-003050,2025-06-10,CHH-01,Norte,Tienda,Electrónica,Monitor 24 pulgadas,2,3352.0,0.0,2381.08,Nuevo,Tarjeta,False,5,6704.0,0.0,6704.0,4762.16,1941.84,28.97,True
ORD-003119,2025-06-10,CHH-01,Norte,Online,Oficina,Silla ergonómica,4,2954.73,0.0,1795.04,Recurrente,Tarjeta,False,3,11818.92,0.0,11818.92,7180.16,4638.76,39.25,True
ORD-000097,2025-06-11,CHH-01,Norte,Tienda,Hogar,Cafetera programable,3,1404.66,0.0,850.51,Recurrente,Efectivo,False,5,4213.98,0.0,4213.98,2551.53,1662.45,39.45,False
ORD-001363,2025-06-11,CDMX-02,Centro,Online,Electrónica,Audífonos Bluetooth,1,695.54,0.2,386.85,Recurrente,Tarjeta,False,5,695.54,139.11,556.43,386.85,169.58,30.48,False
ORD-001530,2025-06-11,MTY-02,Norte,Online,Electrónica,Audífonos Bluetooth,2,697.2,0.0,382.9,Recurrente,Efectivo,False,4,1394.4,0.0,1394.4,765.8,628.6,45.08,False
ORD-001682,2025-06-11,MTY-02,Norte,Online,Hogar,Licuadora,3,951.78,0.05,560.37,Recurrente,Tarjeta,False,1,2855.34,142.77,2712.57,1681.11,1031.46,38.03,False
ORD-002045,2025-06-11,CDMX-02,Centro,Online,Deportes,Mochila deportiva,1,738.97,0.0,342.09,Nuevo,Transferencia,True,5,738.97,0.0,738.97,342.09,396.88,53.71,False
ORD-002328,2025-06-11,MER-01,Sureste,Online,Hogar,Cafetera programable,2,1454.23,0.0,867.21,Nuevo,Tarjeta,False,3,2908.46,0.0,2908.46,1734.42,1174.04,40.37,False
ORD-002572,2025-06-11,MTY-02,Norte,Tienda,Hogar,Licuadora,3,996.35,0.0,558.79,Nuevo,Transferencia,False,3,2989.05,0.0,2989.05,1676.37,1312.68,43.92,False
ORD-002624,2025-06-11,CDMX-02,Centro,Online,Hogar,Cafetera programable,2,1489.25,0.0,862.97,Empresa,Efectivo,False,5,2978.5,0.0,2978.5,1725.94,1252.56,42.05,False
ORD-000183,2025-06-12,MTY-02,Norte,Tienda,Deportes,Mancuernas 10 kg,1,896.89,0.2,532.86,Recurrente,Efectivo,False,3,896.89,179.38,717.51,532.86,184.65,25.73,False
ORD-000284,2025-06-12,CDMX-01,Centro,Tienda,Oficina,Silla ergonómica,1,2933.56,0.0,1825.83,Recurrente,Tarjeta,False,4,2933.56,0.0,2933.56,1825.83,1107.73,37.76,False
ORD-000947,2025-06-12,GDL-02,Occidente,Tienda,Deportes,Mancuernas 10 kg,1,877.08,0.15,524.17,Nuevo,Tarjeta,False,4,877.08,131.56,745.52,524.17,221.35,29.69,False
ORD-001033,2025-06-12,CDMX-01,Centro,Tienda,Oficina,Organizador de escritorio,1,274.6,0.0,103.66,Recurrente,Tarjeta,False,4,274.6,0.0,274.6,103.66,170.94,62.25,False
ORD-001793,2025-06-12,CAN-01,Sureste,Tienda,Hogar,Juego de sábanas,1,642.59,0.0,307.0,Nuevo,Tarjeta,False,5,642.59,0.0,642.59,307.0,335.59,52.22,False
ORD-002552,2025-06-12,MER-01,Sureste,Online,Oficina,Organizador de escritorio,6,295.88,0.1,106.44,Nuevo,Efectivo,False,5,1775.28,177.53,1597.75,638.64,959.11,60.03,False
ORD-002899,2025-06-12,MTY-02,Norte,Tienda,Oficina,Lámpara LED,5,575.59,0.1,238.25,Recurrente,Tarjeta,False,4,2877.95,287.8,2590.15,1191.25,1398.9,54.01,False
ORD-002951,2025-06-12,CAN-01,Sureste,Tienda,Hogar,Juego de sábanas,1,637.08,0.2,309.28,Nuevo,Tarjeta,False,4,637.08,127.42,509.66,309.28,200.38,39.32,False
ORD-002962,2025-06-12,VER-01,Golfo,Tienda,Deportes,Mancuernas 10 kg,3,871.41,0.05,516.1,Recurrente,Tarjeta,False,3,2614.23,130.71,2483.52,1548.3,935.22,37.66,False
ORD-000091,2025-06-13,PUE-01,Centro,Tienda,Electrónica,Teclado mecánico,1,1244.63,0.05,723.9,Nuevo,Tarjeta,False,4,1244.63,62.23,1182.4,723.9,458.5,38.78,False
ORD-000344,2025-06-13,CHH-01,Norte,Tienda,Oficina,Organizador de escritorio,3,274.82,0.1,103.45,Recurrente,Tarjeta,False,4,824.46,82.45,742.01,310.35,431.66,58.17,False
ORD-000667,2025-06-13,PUE-01,Centro,Tienda,Hogar,Juego de sábanas,5,637.9,0.2,311.17,Nuevo,Efectivo,False,4,3189.5,637.9,2551.6,1555.85,995.75,39.02,False
ORD-001326,2025-06-13,GDL-02,Occidente,Tienda,Deportes,Mancuernas 10 kg,1,885.97,0.15,533.15,Nuevo,Tarjeta,False,4,885.97,132.9,753.07,533.15,219.92,29.2,False
ORD-001423,2025-06-13,VER-01,Golfo,Tienda,Oficina,Organizador de escritorio,4,286.26,0.1,107.48,Nuevo,Tarjeta,False,3,1145.04,114.5,1030.54,429.92,600.62,58.28,False
ORD-001823,2025-06-13,MER-01,Sureste,Tienda,Oficina,Organizador de escritorio,4,285.99,0.1,105.77,Recurrente,Efectivo,False,5,1143.96,114.4,1029.56,423.08,606.48,58.91,False
ORD-002035,2025-06-13,VER-01,Golfo,Tienda,Hogar,Licuadora,1,995.05,0.1,572.03,Nuevo,Efectivo,False,5,995.05,99.5,895.55,572.03,323.52,36.13,False
ORD-002348,2025-06-13,CDMX-02,Centro,Tienda,Oficina,Lámpara LED,2,558.99,0.0,240.47,Recurrente,Tarjeta,False,4,1117.98,0.0,1117.98,480.94,637.04,56.98,False
ORD-002485,2025-06-13,GDL-01,Occidente,Tienda,Oficina,Silla ergonómica,3,2965.26,0.1,1805.9,Recurrente,Efectivo,False,5,8895.78,889.58,8006.2,5417.7,2588.5,32.33,True
ORD-003035,2025-06-13,CDMX-02,Centro,Tienda,Electrónica,Teclado mecánico,3,1220.8,0.1,728.87,Empresa,Tarjeta,False,4,3662.4,366.24,3296.16,2186.61,1109.55,33.66,False
ORD-003220,2025-06-13,GDL-01,Occidente,Online,Electrónica,Teclado mecánico,1,1153.07,0.05,707.84,Recurrente,Tarjeta,False,5,1153.07,57.65,1095.42,707.84,387.58,35.38,False
ORD-000094,2025-06-14,VER-01,Golfo,Tienda,Hogar,Cafetera programable,1,1493.01,0.0,850.48,Recurrente,Tarjeta,False,1,1493.01,0.0,1493.01,850.48,642.53,43.04,False
ORD-000762,2025-06-14,CAN-01,Sureste,Tienda,Electrónica,Teclado mecánico,2,1208.82,0.1,693.27,Nuevo,Tarjeta,False,5,2417.64,241.76,2175.88,1386.54,789.34,36.28,False
ORD-000875,2025-06-14,PUE-01,Centro,Tienda,Oficina,Lámpara LED,2,533.13,0.15,238.36,Recurrente,Tarjeta,False,5,1066.26,159.94,906.32,476.72,429.6,47.4,False
ORD-000974,2025-06-14,MTY-01,Norte,Tienda,Oficina,Lámpara LED,2,549.7,0.0,239.63,Nuevo,Tarjeta,False,4,1099.4,0.0,1099.4,479.26,620.14,56.41,False
ORD-001063,2025-06-14,GDL-01,Occidente,Tienda,Electrónica,Teclado mecánico,1,1244.92,0.3,726.07,Nuevo,Efectivo,True,5,1244.92,373.48,871.44,726.07,145.37,16.68,False
ORD-001156,2025-06-14,PUE-01,Centro,Tienda,Electrónica,Audífonos Bluetooth,4,653.95,0.05,378.78,Empresa,Tarjeta,False,4,2615.8,130.79,2485.01,1515.12,969.89,39.03,False
ORD-001173,2025-06-14,CHH-01,Norte,Online,Electrónica,Monitor 24 pulgadas,2,3471.13,0.1,2330.92,Recurrente,Tarjeta,False,4,6942.26,694.23,6248.03,4661.84,1586.19,25.39,True
ORD-001780,2025-06-14,ZAP-01,Occidente,Online,Electrónica,Monitor 24 pulgadas,1,3275.7,0.1,2369.35,Nuevo,Efectivo,False,4,3275.7,327.57,2948.13,2369.35,578.78,19.63,False
ORD-001843,2025-06-14,GDL-02,Occidente,Tienda,Oficina,Lámpara LED,3,547.95,0.0,235.54,Recurrente,Tarjeta,False,4,1643.85,0.0,1643.85,706.62,937.23,57.01,False
ORD-001918,2025-06-14,GDL-02,Occidente,Tienda,Electrónica,Audífonos Bluetooth,2,688.01,0.0,387.19,Nuevo,Tarjeta,False,1,1376.02,0.0,1376.02,774.38,601.64,43.72,False
ORD-002013,2025-06-14,VER-01,Golfo,Tienda,Hogar,Licuadora,4,1003.35,0.15,561.65,Nuevo,Tarjeta,False,4,4013.4,602.01,3411.39,2246.6,1164.79,34.14,False
ORD-002518,2025-06-14,MTY-02,Norte,Tienda,Hogar,Cafetera programable,2,1496.97,0.2,876.07,Nuevo,Efectivo,False,5,2993.94,598.79,2395.15,1752.14,643.01,26.85,False
ORD-002668,2025-06-14,ZAP-01,Occidente,Online,Electrónica,Teclado mecánico,2,1163.45,0.2,735.27,Recurrente,Efectivo,False,4,2326.9,465.38,1861.52,1470.54,390.98,21.0,False
ORD-003549,2025-06-14,VER-01,Golfo,Tienda,Deportes,Mochila deportiva,2,770.5,0.0,344.53,Recurrente,Efectivo,False,4,1541.0,0.0,1541.0,689.06,851.94,55.28,False
ORD-000277,2025-06-15,ZAP-01,Occidente,Tienda,Hogar,Juego de sábanas,4,658.84,0.2,315.25,Nuevo,Tarjeta,False,4,2635.36,527.07,2108.29,1261.0,847.29,40.19,False
ORD-000326,2025-06-15,CDMX-01,Centro,Tienda,Deportes,Tapete de yoga,2,388.1,0.2,159.49,Recurrente,Tarjeta,True,4,776.2,155.24,620.96,318.98,301.98,48.63,False
ORD-001251,2025-06-15,CHH-01,Norte,Tienda,Electrónica,Audífonos Bluetooth,1,702.0,0.0,384.43,Recurrente,Tarjeta,False,3,702.0,0.0,702.0,384.43,317.57,45.24,False
ORD-002118,2025-06-15,CDMX-02,Centro,Tienda,Hogar,Licuadora,5,1019.07,0.15,576.5,Recurrente,Tarjeta,False,1,5095.35,764.3,4331.05,2882.5,1448.55,33.45,False
ORD-002276,2025-06-15,MER-01,Sureste,Online,Oficina,Organizador de escritorio,5,288.31,0.1,106.53,Recurrente,Tarjeta,False,5,1441.55,144.16,1297.39,532.65,764.74,58.94,False
ORD-002658,2025-06-15,CDMX-01,Centro,Online,Electrónica,Monitor 24 pulgadas,2,3290.69,0.05,2360.38,Nuevo,Tarjeta,False,4,6581.38,329.07,6252.31,4720.76,1531.55,24.5,True
ORD-002771,2025-06-15,CDMX-01,Centro,Tienda,Deportes,Mancuernas 10 kg,5,920.8,0.0,513.42,Recurrente,Tarjeta,False,3,4604.0,0.0,4604.0,2567.1,2036.9,44.24,False
ORD-003511,2025-06-15,MTY-01,Norte,Tienda,Oficina,Organizador de escritorio,5,280.74,0.1,107.35,Recurrente,Efectivo,False,4,1403.7,140.37,1263.33,536.75,726.58,57.51,False
ORD-000204,2025-06-16,MTY-02,Norte,Tienda,Deportes,Mancuernas 10 kg,1,928.09,0.0,516.84,Nuevo,Transferencia,False,5,928.09,0.0,928.09,516.84,411.25,44.31,False
ORD-000397,2025-06-16,GDL-01,Occidente,Tienda,Electrónica,Audífonos Bluetooth,2,722.91,0.05,389.63,Recurrente,Efectivo,False,4,1445.82,72.29,1373.53,779.26,594.27,43.27,False
ORD-000814,2025-06-16,GDL-02,Occidente,Tienda,Electrónica,Audífonos Bluetooth,1,712.08,0.1,379.68,Recurrente,Tarjeta,False,2,712.08,71.21,640.87,379.68,261.19,40.76,False
ORD-001304,2025-06-16,CDMX-01,Centro,Tienda,Hogar,Licuadora,4,1012.99,0.0,555.18,Empresa,Transferencia,False,3,4051.96,0.0,4051.96,2220.72,1831.24,45.19,False
ORD-001372,2025-06-16,GDL-01,Occidente,Tienda,Hogar,Licuadora,3,1022.89,0.0,554.26,Nuevo,Transferencia,False,4,3068.67,0.0,3068.67,1662.78,1405.89,45.81,False
ORD-001459,2025-06-16,MER-01,Sureste,Tienda,Deportes,Tapete de yoga,4,404.37,0.05,156.91,Nuevo,Tarjeta,False,5,1617.48,80.87,1536.61,627.64,908.97,59.15,False
ORD-001748,2025-06-16,VER-01,Golfo,Tienda,Oficina,Silla ergonómica,6,2955.26,0.2,1870.94,Recurrente,Tarjeta,False,4,17731.56,3546.31,14185.25,11225.64,2959.61,20.86,True
ORD-001784,2025-06-16,CAN-01,Sureste,Tienda,Electrónica,Teclado mecánico,1,1192.62,0.0,744.33,Recurrente,Tarjeta,False,4,1192.62,0.0,1192.62,744.33,448.29,37.59,False
ORD-002201,2025-06-16,CDMX-02,Centro,Online,Hogar,Licuadora,2,1022.27,0.1,547.7,Nuevo,Tarjeta,False,5,2044.54,204.45,1840.09,1095.4,744.69,40.47,False
ORD-003325,2025-06-16,GDL-02,Occidente,Tienda,Electrónica,Monitor 24 pulgadas,1,3311.31,0.15,2347.59,Nuevo,Transferencia,False,4,3311.31,496.7,2814.61,2347.59,467.02,16.59,False
ORD-000789,2025-06-17,VER-01,Golfo,Tienda,Electrónica,Monitor 24 pulgadas,5,3283.71,0.1,2262.22,Recurrente,Tarjeta,False,4,16418.55,1641.86,14776.69,11311.1,3465.59,23.45,True
ORD-000923,2025-06-17,ZAP-01,Occidente,Online,Deportes,Mancuernas 10 kg,1,886.86,0.05,519.21,Nuevo,Transferencia,False,4,886.86,44.34,842.52,519.21,323.31,38.37,False
ORD-001086,2025-06-17,CAN-01,Sureste,Tienda,Hogar,Juego de sábanas,2,630.92,0.15,308.55,Empresa,Efectivo,False,4,1261.84,189.28,1072.56,617.1,455.46,42.46,False
ORD-001846,2025-06-17,GDL-01,Occidente,Tienda,Oficina,Organizador de escritorio,1,280.24,0.0,104.3,Recurrente,Efectivo,True,5,280.24,0.0,280.24,104.3,175.94,62.78,False
ORD-002507,2025-06-17,CDMX-02,Centro,Tienda,Oficina,Organizador de escritorio,1,280.2,0.05,104.41,Nuevo,Tarjeta,False,4,280.2,14.01,266.19,104.41,161.78,60.78,False
ORD-002654,2025-06-17,GDL-02,Occidente,Tienda,Hogar,Juego de sábanas,2,615.22,0.15,309.0,Empresa,Tarjeta,False,5,1230.44,184.57,1045.87,618.0,427.87,40.91,False
ORD-002837,2025-06-17,CDMX-02,Centro,Online,Deportes,Mancuernas 10 kg,1,909.04,0.1,513.93,Recurrente,Tarjeta,True,2,909.04,90.9,818.14,513.93,304.21,37.18,False
ORD-002930,2025-06-17,CDMX-01,Centro,Online,Electrónica,Teclado mecánico,1,1238.4,0.5,713.55,Recurrente,Tarjeta,False,4,1238.4,619.2,619.2,713.55,-94.35,-15.24,False
ORD-003070,2025-06-17,CAN-01,Sureste,Tienda,Oficina,Lámpara LED,2,543.43,0.0,237.22,Nuevo,Tarjeta,False,3,1086.86,0.0,1086.86,474.44,612.42,56.35,False
ORD-003111,2025-06-17,GDL-02,Occidente,Tienda,Electrónica,Monitor 24 pulgadas,1,3205.95,0.05,2312.55,Nuevo,Transferencia,False,2,3205.95,160.3,3045.65,2312.55,733.1,24.07,False
ORD-000033,2025-06-18,ZAP-01,Occidente,Online,Oficina,Lámpara LED,4,547.51,0.05,246.26,Nuevo,Efectivo,False,4,2190.04,109.5,2080.54,985.04,1095.5,52.65,False
ORD-001128,2025-06-18,CDMX-02,Centro,Tienda,Hogar,Juego de sábanas,2,656.7,0.1,309.23,Nuevo,Tarjeta,False,3,1313.4,131.34,1182.06,618.46,563.6,47.68,False
ORD-001181,2025-06-18,GDL-01,Occidente,Online,Deportes,Tapete de yoga,1,402.06,0.05,157.49,Empresa,Efectivo,False,4,402.06,20.1,381.96,157.49,224.47,58.77,False
ORD-002743,2025-06-18,MTY-02,Norte,Tienda,Electrónica,Teclado mecánico,1,1210.18,0.1,710.78,Nuevo,Efectivo,False,4,1210.18,121.02,1089.16,710.78,378.38,34.74,False
ORD-002953,2025-06-18,MTY-01,Norte,Online,Deportes,Tapete de yoga,3,397.3,0.1,159.46,Nuevo,Efectivo,False,4,1191.9,119.19,1072.71,478.38,594.33,55.4,False
ORD-003067,2025-06-18,MER-01,Sureste,Tienda,Electrónica,Monitor 24 pulgadas,4,3193.46,0.05,2376.43,Recurrente,Tarjeta,False,4,12773.84,638.69,12135.15,9505.72,2629.43,21.67,True
ORD-003328,2025-06-18,CDMX-01,Centro,Tienda,Deportes,Mancuernas 10 kg,4,883.85,0.15,525.31,Recurrente,Efectivo,False,4,3535.4,530.31,3005.09,2101.24,903.85,30.08,False
ORD-003393,2025-06-18,MTY-02,Norte,Online,Oficina,Lámpara LED,3,559.6,0.0,230.54,Recurrente,Tarjeta,False,3,1678.8,0.0,1678.8,691.62,987.18,58.8,False
ORD-003434,2025-06-18,CDMX-02,Centro,Tienda,Oficina,Silla ergonómica,5,2838.57,0.05,1815.58,Nuevo,Tarjeta,False,4,14192.85,709.64,13483.21,9077.9,4405.31,32.67,True
ORD-003450,2025-06-18,CDMX-01,Centro,Online,Oficina,Silla ergonómica,1,2808.7,0.1,1823.95,Nuevo,Efectivo,False,3,2808.7,280.87,2527.83,1823.95,703.88,27.85,False
ORD-003542,2025-06-18,CDMX-02,Centro,Tienda,Deportes,Mancuernas 10 kg,1,904.37,0.15,520.55,Nuevo,Tarjeta,False,2,904.37,135.66,768.71,520.55,248.16,32.28,False
ORD-000403,2025-06-19,CDMX-02,Centro,Online,Hogar,Juego de sábanas,1,653.06,0.1,308.88,Recurrente,Efectivo,False,4,653.06,65.31,587.75,308.88,278.87,47.45,False
ORD-000555,2025-06-19,PUE-01,Centro,Tienda,Electrónica,Monitor 24 pulgadas,2,3286.4,0.0,2338.28,Recurrente,Tarjeta,False,5,6572.8,0.0,6572.8,4676.56,1896.24,28.85,True
ORD-000643,2025-06-19,CHH-01,Norte,Tienda,Deportes,Mochila deportiva,1,759.18,0.05,341.62,Nuevo,Tarjeta,False,4,759.18,37.96,721.22,341.62,379.6,52.63,False
ORD-001143,2025-06-19,GDL-02,Occidente,Tienda,Oficina,Silla ergonómica,1,2905.71,0.05,1773.97,Empresa,Efectivo,False,5,2905.71,145.29,2760.42,1773.97,986.45,35.74,False
ORD-001148,2025-06-19,VER-01,Golfo,Online,Deportes,Mancuernas 10 kg,4,876.35,0.2,511.87,Empresa,Tarjeta,False,4,3505.4,701.08,2804.32,2047.48,756.84,26.99,False
ORD-001286,2025-06-19,CDMX-02,Centro,Tienda,Hogar,Licuadora,2,1013.0,0.0,558.33,Nuevo,Tarjeta,False,3,2026.0,0.0,2026.0,1116.66,909.34,44.88,False
ORD-001594,2025-06-19,CHH-01,Norte,Tienda,Oficina,Silla ergonómica,1,2916.07,0.15,1882.01,Nuevo,Tarjeta,False,3,2916.07,437.41,2478.66,1882.01,596.65,24.07,False
ORD-001812,2025-06-19,MTY-01,Norte,Online,Electrónica,Teclado mecánico,2,1151.95,0.1,709.45,Empresa,Tarjeta,False,4,2303.9,230.39,2073.51,1418.9,654.61,31.57,False
ORD-002056,2025-06-19,GDL-01,Occidente,Tienda,Electrónica,Monitor 24 pulgadas,6,3329.3,0.05,2304.92,Recurrente,Tarjeta,False,4,19975.8,998.79,18977.01,13829.52,5147.49,27.12,True
ORD-002472,2025-06-19,CDMX-02,Centro,Tienda,Hogar,Juego de sábanas,1,669.06,0.2,309.84,Recurrente,Tarjeta,False,4,669.06,133.81,535.25,309.84,225.41,42.11,False
ORD-002651,2025-06-19,ZAP-01,Occidente,Tienda,Oficina,Lámpara LED,4,548.77,0.15,245.67,Recurrente,Transferencia,False,4,2195.08,329.26,1865.82,982.68,883.14,47.33,False
ORD-003200,2025-06-19,MTY-01,Norte,Tienda,Hogar,Licuadora,4,1046.16,0.0,558.19,Recurrente,Efectivo,False,4,4184.64,0.0,4184.64,2232.76,1951.88,46.64,False
ORD-003515,2025-06-19,MTY-02,Norte,Tienda,Electrónica,Audífonos Bluetooth,1,684.52,0.15,379.76,Nuevo,Tarjeta,False,4,684.52,102.68,581.84,379.76,202.08,34.73,False
ORD-000144,2025-06-20,MTY-01,Norte,Online,Hogar,Juego de sábanas,1,651.05,0.05,309.08,Nuevo,Tarjeta,True,4,651.05,32.55,618.5,309.08,309.42,50.03,False
ORD-000350,2025-06-20,MTY-01,Norte,Tienda,Deportes,Mancuernas 10 kg,3,878.86,0.1,525.93,Recurrente,Tarjeta,False,3,2636.58,263.66,2372.92,1577.79,795.13,33.51,False
ORD-000756,2025-06-20,MER-01,Sureste,Tienda,Oficina,Organizador de escritorio,2,289.06,0.0,103.41,Nuevo,Tarjeta,False,4,578.12,0.0,578.12,206.82,371.3,64.23,False
ORD-000897,2025-06-20,GDL-02,Occidente,Tienda,Electrónica,Teclado mecánico,4,1218.2,0.05,712.76,Recurrente,Tarjeta,False,4,4872.8,243.64,4629.16,2851.04,1778.12,38.41,False
ORD-001054,2025-06-20,GDL-01,Occidente,Tienda,Deportes,Mancuernas 10 kg,3,934.78,0.0,513.82,Recurrente,Tarjeta,False,5,2804.34,0.0,2804.34,1541.46,1262.88,45.03,False
ORD-001859,2025-06-20,CDMX-02,Centro,Online,Oficina,Organizador de escritorio,1,296.38,0.2,103.53,Empresa,Tarjeta,False,4,296.38,59.28,237.1,103.53,133.57,56.33,False
ORD-002016,2025-06-20,GDL-01,Occidente,Tienda,Hogar,Cafetera programable,3,1514.14,0.05,865.86,Recurrente,Tarjeta,False,2,4542.42,227.12,4315.3,2597.58,1717.72,39.81,False
ORD-002238,2025-06-20,MTY-01,Norte,Online,Oficina,Organizador de escritorio,4,278.07,0.0,105.87,Nuevo,Tarjeta,False,4,1112.28,0.0,1112.28,423.48,688.8,61.93,False
ORD-002303,2025-06-20,MTY-02,Norte,Tienda,Electrónica,Audífonos Bluetooth,1,686.1,0.05,373.38,Recurrente,Tarjeta,False,5,686.1,34.3,651.8,373.38,278.42,42.72,False
ORD-002753,2025-06-20,MTY-01,Norte,Tienda,Electrónica,Monitor 24 pulgadas,2,3323.49,0.0,2283.22,Recurrente,Tarjeta,False,5,6646.98,0.0,6646.98,4566.44,2080.54,31.3,True
ORD-003106,2025-06-20,CDMX-02,Centro,Online,Oficina,Organizador de escritorio,2,294.8,0.1,102.68,Empresa,Tarjeta,False,5,589.6,58.96,530.64,205.36,325.28,61.3,False
ORD-003305,2025-06-20,MTY-01,Norte,Tienda,Deportes,Mancuernas 10 kg,3,860.87,0.0,515.97,Nuevo,Tarjeta,False,5,2582.61,0.0,2582.61,1547.91,1034.7,40.06,False
ORD-003467,2025-06-20,CDMX-02,Centro,Online,Oficina,Silla ergonómica,1,2893.3,0.1,1845.97,Recurrente,Tarjeta,False,3,2893.3,289.33,2603.97,1845.97,758.0,29.11,False
ORD-000661,2025-06-21,CDMX-01,Centro,Tienda,Electrónica,Teclado mecánico,2,1225.52,0.0,711.9,Recurrente,Tarjeta,False,3,2451.04,0.0,2451.04,1423.8,1027.24,41.91,False
ORD-001133,2025-06-21,CDMX-02,Centro,Tienda,Oficina,Silla ergonómica,1,2976.87,0.0,1822.76,Nuevo,Efectivo,False,4,2976.87,0.0,2976.87,1822.76,1154.11,38.77,False
ORD-001397,2025-06-21,PUE-01,Centro,Tienda,Hogar,Juego de sábanas,1,663.11,0.0,310.9,Recurrente,Tarjeta,False,5,663.11,0.0,663.11,310.9,352.21,53.11,False
ORD-002782,2025-06-21,GDL-02,Occidente,Online,Electrónica,Monitor 24 pulgadas,3,3302.48,0.1,2382.12,Nuevo,Tarjeta,False,5,9907.44,990.74,8916.7,7146.36,1770.34,19.85,True
ORD-003164,2025-06-21,CDMX-02,Centro,Tienda,Deportes,Tapete de yoga,5,395.44,0.0,159.92,Nuevo,Tarjeta,False,3,1977.2,0.0,1977.2,799.6,1177.6,59.56,False
ORD-003230,2025-06-21,GDL-02,Occidente,Tienda,Hogar,Cafetera programable,6,1539.91,0.05,881.44,Recurrente,Efectivo,False,4,9239.46,461.97,8777.49,5288.64,3488.85,39.75,True
ORD-003242,2025-06-21,VER-01,Golfo,Tienda,Hogar,Juego de sábanas,1,656.99,0.3,315.22,Empresa,Tarjeta,False,5,656.99,197.1,459.89,315.22,144.67,31.46,False
ORD-003442,2025-06-21,MTY-02,Norte,Tienda,Oficina,Lámpara LED,2,542.56,0.0,233.46,Nuevo,Tarjeta,False,3,1085.12,0.0,1085.12,466.92,618.2,56.97,False
ORD-003582,2025-06-21,ZAP-01,Occidente,Online,Electrónica,Teclado mecánico,2,1201.5,0.0,707.38,Nuevo,Tarjeta,False,5,2403.0,0.0,2403.0,1414.76,988.24,41.13,False
ORD-000226,2025-06-22,PUE-01,Centro,Tienda,Deportes,Tapete de yoga,3,393.28,0.0,157.36,Nuevo,Tarjeta,False,4,1179.84,0.0,1179.84,472.08,707.76,59.99,False
ORD-000456,2025-06-22,PUE-01,Centro,Tienda,Electrónica,Audífonos Bluetooth,3,698.92,0.1,382.22,Empresa,Tarjeta,True,4,2096.76,209.68,1887.08,1146.66,740.42,39.24,False
ORD-000886,2025-06-22,PUE-01,Centro,Online,Deportes,Mochila deportiva,2,770.84,0.05,332.09,Nuevo,Transferencia,False,4,1541.68,77.08,1464.6,664.18,800.42,54.65,False
ORD-001471,2025-06-22,GDL-02,Occidente,Tienda,Deportes,Mochila deportiva,2,747.07,0.0,344.85,Recurrente,Tarjeta,False,3,1494.14,0.0,1494.14,689.7,804.44,53.84,False
ORD-001683,2025-06-22,GDL-02,Occidente,Online,Hogar,Cafetera programable,2,1464.77,0.0,878.62,Nuevo,Tarjeta,False,3,2929.54,0.0,2929.54,1757.24,1172.3,40.02,False
ORD-001910,2025-06-22,MTY-02,Norte,Online,Electrónica,Monitor 24 pulgadas,1,3242.85,0.0,2353.89,Recurrente,Transferencia,False,5,3242.85,0.0,3242.85,2353.89,888.96,27.41,False
ORD-002253,2025-06-22,PUE-01,Centro,Online,Hogar,Licuadora,3,1005.88,0.0,564.38,Recurrente,Tarjeta,False,3,3017.64,0.0,3017.64,1693.14,1324.5,43.89,False
ORD-002422,2025-06-22,VER-01,Golfo,Tienda,Hogar,Juego de sábanas,1,674.8,0.2,318.15,Nuevo,Tarjeta,False,4,674.8,134.96,539.84,318.15,221.69,41.07,False
ORD-002836,2025-06-22,MTY-02,Norte,Tienda,Oficina,Organizador de escritorio,2,272.62,0.0,102.57,Nuevo,Tarjeta,False,5,545.24,0.0,545.24,205.14,340.1,62.38,False
ORD-000869,2025-06-23,CDMX-02,Centro,Online,Hogar,Licuadora,1,1050.43,0.05,554.32,Nuevo,Tarjeta,False,4,1050.43,52.52,997.91,554.32,443.59,44.45,False
ORD-000996,2025-06-23,VER-01,Golfo,Online,Oficina,Silla ergonómica,1,3029.15,0.0,1766.51,Empresa,Tarjeta,False,1,3029.15,0.0,3029.15,1766.51,1262.64,41.68,False
ORD-001001,2025-06-23,MER-01,Sureste,Online,Deportes,Mochila deportiva,3,729.71,0.0,338.28,Recurrente,Efectivo,False,3,2189.13,0.0,2189.13,1014.84,1174.29,53.64,False
ORD-001866,2025-06-23,VER-01,Golfo,Tienda,Deportes,Mancuernas 10 kg,1,902.96,0.1,520.43,Recurrente,Efectivo,False,4,902.96,90.3,812.66,520.43,292.23,35.96,False
ORD-002495,2025-06-23,MTY-01,Norte,Online,Oficina,Organizador de escritorio,4,290.33,0.05,104.24,Nuevo,Tarjeta,False,5,1161.32,58.07,1103.25,416.96,686.29,62.21,False
ORD-002567,2025-06-23,GDL-01,Occidente,Tienda,Deportes,Tapete de yoga,3,403.61,0.1,156.67,Nuevo,Efectivo,False,3,1210.83,121.08,1089.75,470.01,619.74,56.87,False
ORD-002592,2025-06-23,MER-01,Sureste,Tienda,Hogar,Licuadora,2,988.79,0.05,560.95,Nuevo,Tarjeta,False,2,1977.58,98.88,1878.7,1121.9,756.8,40.28,False
ORD-002699,2025-06-23,CHH-01,Norte,Tienda,Oficina,Lámpara LED,4,539.51,0.05,232.31,Nuevo,Tarjeta,False,5,2158.04,107.9,2050.14,929.24,1120.9,54.67,False
ORD-003032,2025-06-23,MTY-01,Norte,Online,Electrónica,Monitor 24 pulgadas,1,3308.07,0.3,2361.75,Recurrente,Efectivo,False,2,3308.07,992.42,2315.65,2361.75,-46.1,-1.99,False
ORD-003163,2025-06-23,CDMX-01,Centro,Tienda,Hogar,Licuadora,1,1020.57,0.0,565.91,Recurrente,Tarjeta,False,4,1020.57,0.0,1020.57,565.91,454.66,44.55,False
ORD-000019,2025-06-24,MTY-02,Norte,Online,Hogar,Licuadora,2,977.35,0.0,542.97,Nuevo,Tarjeta,False,4,1954.7,0.0,1954.7,1085.94,868.76,44.44,False
ORD-000593,2025-06-24,CHH-01,Norte,Online,Oficina,Organizador de escritorio,4,289.58,0.15,105.21,Recurrente,Tarjeta,False,5,1158.32,173.75,984.57,420.84,563.73,57.26,False
ORD-000686,2025-06-24,GDL-01,Occidente,Tienda,Electrónica,Monitor 24 pulgadas,1,3245.81,0.15,2373.53,Nuevo,Efectivo,True,3,3245.81,486.87,2758.94,2373.53,385.41,13.97,False
ORD-000702,2025-06-24,ZAP-01,Occidente,Online,Deportes,Mancuernas 10 kg,1,883.3,0.1,513.24,Nuevo,Tarjeta,False,5,883.3,88.33,794.97,513.24,281.73,35.44,False
ORD-001334,2025-06-24,CDMX-02,Centro,Tienda,Deportes,Tapete de yoga,1,390.18,0.1,162.94,Nuevo,Efectivo,False,3,390.18,39.02,351.16,162.94,188.22,53.6,False
ORD-001392,2025-06-24,PUE-01,Centro,Online,Electrónica,Teclado mecánico,6,1178.33,0.0,724.52,Nuevo,Transferencia,False,5,7069.98,0.0,7069.98,4347.12,2722.86,38.51,True
ORD-001795,2025-06-24,ZAP-01,Occidente,Online,Deportes,Tapete de yoga,2,401.13,0.0,163.46,Recurrente,Tarjeta,False,2,802.26,0.0,802.26,326.92,475.34,59.25,False
ORD-002405,2025-06-24,MER-01,Sureste,Online,Deportes,Tapete de yoga,2,388.98,0.0,160.25,Recurrente,Efectivo,False,5,777.96,0.0,777.96,320.5,457.46,58.8,False
ORD-002704,2025-06-24,CDMX-02,Centro,Tienda,Oficina,Organizador de escritorio,1,283.81,0.0,105.09,Nuevo,Tarjeta,False,3,283.81,0.0,283.81,105.09,178.72,62.97,False
ORD-000192,2025-06-25,GDL-01,Occidente,Online,Hogar,Juego de sábanas,2,629.47,0.2,313.04,Recurrente,Efectivo,False,4,1258.94,251.79,1007.15,626.08,381.07,37.84,False
ORD-000198,2025-06-25,GDL-01,Occidente,Tienda,Hogar,Cafetera programable,2,1513.87,0.1,865.58,Nuevo,Efectivo,False,4,3027.74,302.77,2724.97,1731.16,993.81,36.47,False
ORD-000784,2025-06-25,CAN-01,Sureste,Online,Oficina,Silla ergonómica,5,2975.4,0.0,1869.82,Recurrente,Efectivo,False,5,14877.0,0.0,14877.0,9349.1,5527.9,37.16,True
ORD-000842,2025-06-25,VER-01,Golfo,Online,Deportes,Mochila deportiva,4,720.47,0.1,335.84,Nuevo,Efectivo,False,4,2881.88,288.19,2593.69,1343.36,1250.33,48.21,False
ORD-001279,2025-06-25,VER-01,Golfo,Tienda,Deportes,Mochila deportiva,2,739.77,0.0,343.37,Nuevo,Tarjeta,False,4,1479.54,0.0,1479.54,686.74,792.8,53.58,False
ORD-001545,2025-06-25,GDL-02,Occidente,Tienda,Oficina,Lámpara LED,1,559.13,0.05,237.25,Nuevo,Tarjeta,False,4,559.13,27.96,531.17,237.25,293.92,55.33,False
ORD-001564,2025-06-25,VER-01,Golfo,Online,Hogar,Juego de sábanas,5,664.53,0.15,312.2,Nuevo,Tarjeta,False,4,3322.65,498.4,2824.25,1561.0,1263.25,44.73,False
ORD-001575,2025-06-25,VER-01,Golfo,Tienda,Electrónica,Teclado mecánico,2,1259.25,0.2,722.77,Recurrente,Tarjeta,False,5,2518.5,503.7,2014.8,1445.54,569.26,28.25,False
ORD-001724,2025-06-25,CDMX-01,Centro,Tienda,Oficina,Silla ergonómica,3,2906.3,0.15,1831.32,Nuevo,Tarjeta,False,5,8718.9,1307.83,7411.07,5493.96,1917.11,25.87,True
ORD-001916,2025-06-25,GDL-02,Occidente,Online,Deportes,Mancuernas 10 kg,2,901.29,0.15,523.5,Empresa,Tarjeta,False,5,1802.58,270.39,1532.19,1047.0,485.19,31.67,False
ORD-002553,2025-06-25,CHH-01,Norte,Tienda,Electrónica,Monitor 24 pulgadas,1,3184.47,0.05,2366.91,Recurrente,Transferencia,False,4,3184.47,159.22,3025.25,2366.91,658.34,21.76,False
ORD-003396,2025-06-25,CDMX-02,Centro,Tienda,Electrónica,Monitor 24 pulgadas,1,3388.03,0.2,2372.2,Nuevo,Efectivo,False,4,3388.03,677.61,2710.42,2372.2,338.22,12.48,False
ORD-000194,2025-06-26,CHH-01,Norte,Tienda,Oficina,Organizador de escritorio,2,289.35,0.0,104.33,Nuevo,Tarjeta,False,4,578.7,0.0,578.7,208.66,370.04,63.94,False
ORD-000735,2025-06-26,MTY-01,Norte,Tienda,Deportes,Tapete de yoga,2,404.01,0.2,160.66,Nuevo,Transferencia,False,4,808.02,161.6,646.42,321.32,325.1,50.29,False
ORD-000781,2025-06-26,GDL-02,Occidente,Online,Hogar,Juego de sábanas,6,645.57,0.1,313.68,Recurrente,Efectivo,False,4,3873.42,387.34,3486.08,1882.08,1604.0,46.01,False
ORD-000804,2025-06-26,CAN-01,Sureste,Tienda,Deportes,Mochila deportiva,1,733.28,0.05,334.8,Recurrente,Efectivo,False,4,733.28,36.66,696.62,334.8,361.82,51.94,False
ORD-001506,2025-06-26,MTY-02,Norte,Tienda,Hogar,Licuadora,2,995.59,0.1,557.48,Nuevo,Tarjeta,False,4,1991.18,199.12,1792.06,1114.96,677.1,37.78,False
ORD-001552,2025-06-26,CAN-01,Sureste,Online,Electrónica,Audífonos Bluetooth,4,706.15,0.05,388.64,Nuevo,Efectivo,False,4,2824.6,141.23,2683.37,1554.56,1128.81,42.07,False
ORD-001643,2025-06-26,MTY-02,Norte,Tienda,Oficina,Organizador de escritorio,1,287.49,0.1,105.52,Recurrente,Efectivo,False,1,287.49,28.75,258.74,105.52,153.22,59.22,False
ORD-001867,2025-06-26,GDL-02,Occidente,Online,Deportes,Mochila deportiva,1,768.79,0.05,332.45,Recurrente,Efectivo,False,4,768.79,38.44,730.35,332.45,397.9,54.48,False
ORD-001963,2025-06-26,VER-01,Golfo,Tienda,Electrónica,Monitor 24 pulgadas,1,3259.02,0.1,2322.37,Empresa,Tarjeta,False,3,3259.02,325.9,2933.12,2322.37,610.75,20.82,False
ORD-002760,2025-06-26,VER-01,Golfo,Tienda,Oficina,Lámpara LED,3,538.41,0.05,242.78,Empresa,Transferencia,False,4,1615.23,80.76,1534.47,728.34,806.13,52.53,False
ORD-003081,2025-06-26,MTY-01,Norte,Tienda,Deportes,Mancuernas 10 kg,2,864.18,0.05,515.35,Recurrente,Transferencia,False,3,1728.36,86.42,1641.94,1030.7,611.24,37.23,False
ORD-003561,2025-06-26,GDL-02,Occidente,Tienda,Oficina,Organizador de escritorio,1,287.77,0.2,106.19,Nuevo,Efectivo,False,4,287.77,57.55,230.22,106.19,124.03,53.87,False
ORD-003576,2025-06-26,CDMX-01,Centro,Tienda,Deportes,Mancuernas 10 kg,2,904.48,0.05,520.33,Nuevo,Tarjeta,False,4,1808.96,90.45,1718.51,1040.66,677.85,39.44,False
ORD-000381,2025-06-27,CDMX-02,Centro,Tienda,Oficina,Organizador de escritorio,1,286.13,0.1,102.7,Nuevo,Efectivo,False,4,286.13,28.61,257.52,102.7,154.82,60.12,False
ORD-000505,2025-06-27,ZAP-01,Occidente,Online,Oficina,Organizador de escritorio,1,274.35,0.05,103.75,Nuevo,Efectivo,False,5,274.35,13.72,260.63,103.75,156.88,60.19,False
ORD-000578,2025-06-27,VER-01,Golfo,Tienda,Deportes,Tapete de yoga,2,404.35,0.0,161.44,Nuevo,Efectivo,False,3,808.7,0.0,808.7,322.88,485.82,60.07,False
ORD-000759,2025-06-27,GDL-02,Occidente,Tienda,Oficina,Organizador de escritorio,2,293.18,0.0,105.14,Empresa,Tarjeta,True,3,586.36,0.0,586.36,210.28,376.08,64.14,False
ORD-001356,2025-06-27,PUE-01,Centro,Online,Hogar,Cafetera programable,2,1506.93,0.1,855.44,Recurrente,Tarjeta,False,4,3013.86,301.39,2712.47,1710.88,1001.59,36.93,False
ORD-002166,2025-06-27,MER-01,Sureste,Online,Electrónica,Monitor 24 pulgadas,1,3377.1,0.2,2327.19,Recurrente,Tarjeta,True,4,3377.1,675.42,2701.68,2327.19,374.49,13.86,False
ORD-002168,2025-06-27,MER-01,Sureste,Tienda,Hogar,Licuadora,3,974.89,0.1,556.64,Recurrente,Efectivo,False,4,2924.67,292.47,2632.2,1669.92,962.28,36.56,False
ORD-002242,2025-06-28,PUE-01,Centro,Tienda,Hogar,Licuadora,5,972.4,0.0,554.91,Nuevo,Tarjeta,False,3,4862.0,0.0,4862.0,2774.55,2087.45,42.93,False
ORD-002847,2025-06-28,VER-01,Golfo,Tienda,Deportes,Tapete de yoga,3,412.8,0.2,159.71,Recurrente,Efectivo,False,5,1238.4,247.68,990.72,479.13,511.59,51.64,False
ORD-002876,2025-06-28,MTY-02,Norte,Online,Hogar,Juego de sábanas,2,637.06,0.2,315.33,Empresa,Tarjeta,False,4,1274.12,254.82,1019.3,630.66,388.64,38.13,False
ORD-003060,2025-06-28,ZAP-01,Occidente,Tienda,Deportes,Mochila deportiva,3,754.0,0.2,340.89,Nuevo,Tarjeta,False,4,2262.0,452.4,1809.6,1022.67,786.93,43.49,False
ORD-003326,2025-06-28,GDL-02,Occidente,Online,Oficina,Lámpara LED,2,549.12,0.1,240.99,Recurrente,Tarjeta,False,3,1098.24,109.82,988.42,481.98,506.44,51.24,False
ORD-000057,2025-06-29,VER-01,Golfo,Tienda,Deportes,Tapete de yoga,2,396.16,0.15,165.43,Nuevo,Efectivo,True,5,792.32,118.85,673.47,330.86,342.61,50.87,False
ORD-000264,2025-06-29,MTY-02,Norte,Tienda,Oficina,Lámpara LED,1,562.38,0.0,237.52,Nuevo,Efectivo,False,5,562.38,0.0,562.38,237.52,324.86,57.77,False
ORD-001019,2025-06-29,GDL-01,Occidente,Tienda,Hogar,Cafetera programable,4,1565.1,0.3,858.07,Nuevo,Tarjeta,True,5,6260.4,1878.12,4382.28,3432.28,950.0,21.68,False
ORD-001573,2025-06-29,MTY-02,Norte,Online,Deportes,Tapete de yoga,1,399.45,0.1,159.6,Recurrente,Tarjeta,False,4,399.45,39.94,359.51,159.6,199.91,55.61,False
ORD-001741,2025-06-29,VER-01,Golfo,Tienda,Deportes,Mochila deportiva,1,758.45,0.0,349.6,Recurrente,Tarjeta,False,4,758.45,0.0,758.45,349.6,408.85,53.91,False
ORD-002285,2025-06-29,CDMX-02,Centro,Online,Deportes,Tapete de yoga,1,408.9,0.05,158.19,Nuevo,Tarjeta,False,4,408.9,20.44,388.46,158.19,230.27,59.28,False
ORD-003215,2025-06-29,CDMX-01,Centro,Tienda,Electrónica,Audífonos Bluetooth,1,695.03,0.3,377.93,Recurrente,Tarjeta,False,1,695.03,208.51,486.52,377.93,108.59,22.32,False
ORD-003411,2025-06-29,ZAP-01,Occidente,Online,Deportes,Tapete de yoga,1,416.3,0.0,161.93,Empresa,Efectivo,False,5,416.3,0.0,416.3,161.93,254.37,61.1,False
ORD-003595,2025-06-29,PUE-01,Centro,Tienda,Hogar,Juego de sábanas,1,633.61,0.2,308.75,Nuevo,Tarjeta,False,1,633.61,126.72,506.89,308.75,198.14,39.09,False
ORD-000043,2025-06-30,CHH-01,Norte,Online,Deportes,Mochila deportiva,3,755.27,0.2,342.67,Recurrente,Efectivo,False,3,2265.81,453.16,1812.65,1028.01,784.64,43.29,False
ORD-000291,2025-06-30,MER-01,Sureste,Tienda,Electrónica,Monitor 24 pulgadas,3,3317.57,0.15,2346.39,Nuevo,Efectivo,False,2,9952.71,1492.91,8459.8,7039.17,1420.63,16.79,True
ORD-001380,2025-06-30,MER-01,Sureste,Tienda,Deportes,Mochila deportiva,2,721.61,0.15,343.82,Recurrente,Tarjeta,False,1,1443.22,216.48,1226.74,687.64,539.1,43.95,False
ORD-001882,2025-06-30,PUE-01,Centro,Tienda,Hogar,Juego de sábanas,4,657.87,0.0,309.71,Nuevo,Tarjeta,False,4,2631.48,0.0,2631.48,1238.84,1392.64,52.92,False
ORD-001911,2025-06-30,CHH-01,Norte,Tienda,Oficina,Organizador de escritorio,1,293.16,0.1,104.97,Recurrente,Tarjeta,False,5,293.16,29.32,263.84,104.97,158.87,60.21,False
ORD-002488,2025-06-30,MER-01,Sureste,Online,Deportes,Mancuernas 10 kg,2,903.88,0.05,519.6,Recurrente,Tarjeta,False,4,1807.76,90.39,1717.37,1039.2,678.17,39.49,False
ORD-002925,2025-06-30,VER-01,Golfo,Tienda,Deportes,Mancuernas 10 kg,1,887.56,0.05,522.23,Nuevo,Transferencia,False,4,887.56,44.38,843.18,522.23,320.95,38.06,False
ORD-003023,2025-06-30,VER-01,Golfo,Tienda,Electrónica,Teclado mecánico,4,1252.01,0.0,715.23,Empresa,Tarjeta,False,1,5008.04,0.0,5008.04,2860.92,2147.12,42.87,False
ORD-003130,2025-06-30,GDL-01,Occidente,Tienda,Electrónica,Audífonos Bluetooth,1,737.99,0.0,389.91,Recurrente,Tarjeta,True,3,737.99,0.0,737.99,389.91,348.08,47.17,False
ORD-003306,2025-06-30,CAN-01,Sureste,Tienda,Electrónica,Teclado mecánico,5,1209.26,0.15,716.24,Recurrente,Tarjeta,False,5,6046.3,906.94,5139.36,3581.2,1558.16,30.32,False
ORD-000065,2025-07-01,CHH-01,Norte,Online,Hogar,Juego de sábanas,1,651.73,0.15,316.45,Recurrente,Tarjeta,False,4,651.73,97.76,553.97,316.45,237.52,42.88,False
ORD-000486,2025-07-01,MTY-01,Norte,Tienda,Deportes,Mochila deportiva,1,759.41,0.1,332.12,Recurrente,Tarjeta,False,5,759.41,75.94,683.47,332.12,351.35,51.41,False
ORD-000882,2025-07-01,PUE-01,Centro,Online,Electrónica,Monitor 24 pulgadas,4,3320.07,0.0,2358.16,Recurrente,Tarjeta,False,4,13280.28,0.0,13280.28,9432.64,3847.64,28.97,True
ORD-001702,2025-07-01,GDL-01,Occidente,Tienda,Hogar,Licuadora,2,1011.12,0.0,578.6,Nuevo,Efectivo,False,5,2022.24,0.0,2022.24,1157.2,865.04,42.78,False
ORD-001734,2025-07-01,MTY-02,Norte,Tienda,Deportes,Tapete de yoga,2,404.72,0.1,157.9,Empresa,Transferencia,False,5,809.44,80.94,728.5,315.8,412.7,56.65,False
ORD-001902,2025-07-01,GDL-02,Occidente,Online,Electrónica,Audífonos Bluetooth,1,695.42,0.3,382.84,Empresa,Efectivo,False,5,695.42,208.63,486.79,382.84,103.95,21.35,False
ORD-002052,2025-07-01,CHH-01,Norte,Tienda,Hogar,Licuadora,2,970.28,0.0,552.44,Recurrente,Efectivo,False,5,1940.56,0.0,1940.56,1104.88,835.68,43.06,False
ORD-002054,2025-07-01,MTY-01,Norte,Online,Electrónica,Teclado mecánico,1,1238.88,0.0,733.34,Empresa,Tarjeta,False,5,1238.88,0.0,1238.88,733.34,505.54,40.81,False
ORD-002064,2025-07-01,MTY-01,Norte,Tienda,Electrónica,Audífonos Bluetooth,1,704.89,0.05,388.03,Recurrente,Tarjeta,False,3,704.89,35.24,669.65,388.03,281.62,42.05,False
ORD-002514,2025-07-01,MER-01,Sureste,Online,Oficina,Silla ergonómica,2,2978.66,0.0,1841.47,Recurrente,Tarjeta,False,5,5957.32,0.0,5957.32,3682.94,2274.38,38.18,False
ORD-002580,2025-07-01,VER-01,Golfo,Tienda,Deportes,Tapete de yoga,4,399.87,0.15,163.31,Recurrente,Efectivo,False,4,1599.48,239.92,1359.56,653.24,706.32,51.95,False
ORD-003187,2025-07-01,CDMX-01,Centro,Tienda,Electrónica,Audífonos Bluetooth,1,692.76,0.05,384.65,Nuevo,Tarjeta,False,5,692.76,34.64,658.12,384.65,273.47,41.55,False
ORD-003388,2025-07-01,MTY-01,Norte,Online,Hogar,Cafetera programable,2,1498.25,0.05,870.39,Recurrente,Tarjeta,False,3,2996.5,149.83,2846.67,1740.78,1105.89,38.85,False
ORD-003475,2025-07-01,MTY-01,Norte,Online,Oficina,Silla ergonómica,5,2813.85,0.05,1817.13,Recurrente,Tarjeta,False,2,14069.25,703.46,13365.79,9085.65,4280.14,32.02,True
ORD-000399,2025-07-02,MTY-01,Norte,Online,Deportes,Mancuernas 10 kg,1,923.19,0.0,527.19,Recurrente,Tarjeta,True,4,923.19,0.0,923.19,527.19,396.0,42.89,False
ORD-000703,2025-07-02,MTY-01,Norte,Online,Electrónica,Teclado mecánico,3,1128.4,0.0,727.77,Recurrente,Tarjeta,False,4,3385.2,0.0,3385.2,2183.31,1201.89,35.5,False
ORD-000859,2025-07-02,GDL-01,Occidente,Tienda,Hogar,Juego de sábanas,1,654.69,0.0,311.27,Nuevo,Tarjeta,False,5,654.69,0.0,654.69,311.27,343.42,52.46,False
ORD-001707,2025-07-02,GDL-02,Occidente,Online,Hogar,Cafetera programable,2,1465.19,0.2,878.17,Empresa,Tarjeta,False,3,2930.38,586.08,2344.3,1756.34,587.96,25.08,False
ORD-001943,2025-07-02,GDL-01,Occidente,Online,Electrónica,Audífonos Bluetooth,1,690.72,0.05,376.61,Recurrente,Tarjeta,False,3,690.72,34.54,656.18,376.61,279.57,42.61,False
ORD-001970,2025-07-02,MTY-01,Norte,Tienda,Deportes,Mochila deportiva,2,731.46,0.2,338.44,Nuevo,Efectivo,False,5,1462.92,292.58,1170.34,676.88,493.46,42.16,False
ORD-002735,2025-07-02,MER-01,Sureste,Tienda,Deportes,Tapete de yoga,1,388.04,0.0,157.79,Recurrente,Tarjeta,False,2,388.04,0.0,388.04,157.79,230.25,59.34,False
ORD-002746,2025-07-02,CDMX-02,Centro,Tienda,Electrónica,Monitor 24 pulgadas,2,3401.72,0.15,2312.2,Nuevo,Transferencia,False,3,6803.44,1020.52,5782.92,4624.4,1158.52,20.03,False
ORD-000594,2025-07-03,GDL-02,Occidente,Online,Oficina,Lámpara LED,3,554.0,0.0,240.08,Empresa,Efectivo,False,5,1662.0,0.0,1662.0,720.24,941.76,56.66,False
ORD-000597,2025-07-03,MER-01,Sureste,Online,Deportes,Tapete de yoga,6,418.69,0.0,158.03,Nuevo,Tarjeta,False,3,2512.14,0.0,2512.14,948.18,1563.96,62.26,False
ORD-000982,2025-07-03,CDMX-01,Centro,Tienda,Deportes,Mancuernas 10 kg,1,893.24,0.05,526.17,Nuevo,Tarjeta,False,5,893.24,44.66,848.58,526.17,322.41,37.99,False
ORD-001385,2025-07-03,ZAP-01,Occidente,Tienda,Deportes,Tapete de yoga,2,399.17,0.15,162.38,Empresa,Efectivo,False,4,798.34,119.75,678.59,324.76,353.83,52.14,False
ORD-002275,2025-07-03,CDMX-02,Centro,Online,Hogar,Cafetera programable,1,1452.63,0.05,883.48,Nuevo,Efectivo,False,4,1452.63,72.63,1380.0,883.48,496.52,35.98,False
ORD-002869,2025-07-03,ZAP-01,Occidente,Tienda,Electrónica,Teclado mecánico,2,1197.66,0.1,721.13,Recurrente,Efectivo,False,5,2395.32,239.53,2155.79,1442.26,713.53,33.1,False
ORD-002968,2025-07-03,MER-01,Sureste,Tienda,Deportes,Mancuernas 10 kg,1,887.78,0.1,513.04,Nuevo,Tarjeta,False,4,887.78,88.78,799.0,513.04,285.96,35.79,False
ORD-003496,2025-07-03,CHH-01,Norte,Tienda,Hogar,Juego de sábanas,3,650.59,0.15,311.34,Recurrente,Tarjeta,False,3,1951.77,292.77,1659.0,934.02,724.98,43.7,False
ORD-000270,2025-07-04,MTY-02,Norte,Tienda,Hogar,Cafetera programable,4,1546.84,0.0,837.51,Recurrente,Efectivo,False,3,6187.36,0.0,6187.36,3350.04,2837.32,45.86,True
ORD-000353,2025-07-04,CDMX-01,Centro,Tienda,Hogar,Licuadora,2,1005.52,0.3,564.37,Nuevo,Tarjeta,False,5,2011.04,603.31,1407.73,1128.74,278.99,19.82,False
ORD-000388,2025-07-04,VER-01,Golfo,Tienda,Hogar,Licuadora,2,979.05,0.0,557.62,Recurrente,Efectivo,True,3,1958.1,0.0,1958.1,1115.24,842.86,43.04,False
ORD-000991,2025-07-04,ZAP-01,Occidente,Tienda,Deportes,Mancuernas 10 kg,1,889.49,0.05,520.05,Nuevo,Transferencia,False,5,889.49,44.47,845.02,520.05,324.97,38.46,False
ORD-001558,2025-07-04,CHH-01,Norte,Online,Oficina,Organizador de escritorio,1,291.37,0.15,104.9,Nuevo,Efectivo,False,1,291.37,43.71,247.66,104.9,142.76,57.64,False
ORD-002381,2025-07-04,CDMX-01,Centro,Tienda,Deportes,Tapete de yoga,1,400.46,0.15,160.95,Nuevo,Efectivo,False,4,400.46,60.07,340.39,160.95,179.44,52.72,False
ORD-002449,2025-07-04,CDMX-01,Centro,Online,Electrónica,Teclado mecánico,2,1178.73,0.0,710.61,Nuevo,Tarjeta,False,3,2357.46,0.0,2357.46,1421.22,936.24,39.71,False
ORD-002509,2025-07-04,CDMX-01,Centro,Tienda,Oficina,Organizador de escritorio,1,280.93,0.0,102.42,Nuevo,Efectivo,False,4,280.93,0.0,280.93,102.42,178.51,63.54,False
ORD-002521,2025-07-04,CDMX-01,Centro,Online,Electrónica,Audífonos Bluetooth,1,669.67,0.05,394.34,Nuevo,Transferencia,False,4,669.67,33.48,636.19,394.34,241.85,38.02,False
ORD-002708,2025-07-04,GDL-01,Occidente,Tienda,Oficina,Silla ergonómica,2,2998.05,0.0,1815.13,Recurrente,Tarjeta,False,5,5996.1,0.0,5996.1,3630.26,2365.84,39.46,False
ORD-002730,2025-07-04,MER-01,Sureste,Tienda,Deportes,Mancuernas 10 kg,2,909.45,0.1,522.37,Recurrente,Efectivo,False,5,1818.9,181.89,1637.01,1044.74,592.27,36.18,False
ORD-002812,2025-07-04,GDL-02,Occidente,Tienda,Electrónica,Teclado mecánico,1,1240.09,0.15,717.0,Nuevo,Transferencia,False,4,1240.09,186.01,1054.08,717.0,337.08,31.98,False
ORD-003073,2025-07-04,VER-01,Golfo,Online,Hogar,Juego de sábanas,3,666.87,0.05,313.53,Recurrente,Efectivo,False,4,2000.61,100.03,1900.58,940.59,959.99,50.51,False
ORD-000037,2025-07-05,MER-01,Sureste,Online,Oficina,Organizador de escritorio,2,290.86,0.2,104.87,Nuevo,Tarjeta,True,2,581.72,116.34,465.38,209.74,255.64,54.93,False
ORD-000316,2025-07-05,VER-01,Golfo,Tienda,Deportes,Tapete de yoga,1,407.31,0.1,157.35,Recurrente,Transferencia,False,5,407.31,40.73,366.58,157.35,209.23,57.08,False
ORD-000754,2025-07-05,ZAP-01,Occidente,Tienda,Deportes,Tapete de yoga,1,390.04,0.1,157.43,Recurrente,Tarjeta,False,5,390.04,39.0,351.04,157.43,193.61,55.15,False
ORD-001350,2025-07-05,CHH-01,Norte,Online,Electrónica,Monitor 24 pulgadas,5,3323.89,0.0,2357.03,Recurrente,Efectivo,False,3,16619.45,0.0,16619.45,11785.15,4834.3,29.09,True
ORD-001645,2025-07-05,ZAP-01,Occidente,Tienda,Deportes,Tapete de yoga,2,385.76,0.0,162.71,Recurrente,Transferencia,False,4,771.52,0.0,771.52,325.42,446.1,57.82,False
ORD-002144,2025-07-05,ZAP-01,Occidente,Tienda,Deportes,Tapete de yoga,3,407.37,0.05,160.91,Recurrente,Tarjeta,False,5,1222.11,61.11,1161.0,482.73,678.27,58.42,False
ORD-002241,2025-07-05,ZAP-01,Occidente,Tienda,Oficina,Organizador de escritorio,1,284.32,0.1,104.69,Empresa,Tarjeta,False,3,284.32,28.43,255.89,104.69,151.2,59.09,False
ORD-002371,2025-07-05,PUE-01,Centro,Online,Deportes,Mancuernas 10 kg,2,880.55,0.0,512.98,Recurrente,Efectivo,True,4,1761.1,0.0,1761.1,1025.96,735.14,41.74,False
ORD-002714,2025-07-05,GDL-01,Occidente,Tienda,Oficina,Silla ergonómica,1,2961.82,0.2,1852.57,Recurrente,Tarjeta,False,3,2961.82,592.36,2369.46,1852.57,516.89,21.81,False
ORD-002766,2025-07-05,MTY-02,Norte,Tienda,Electrónica,Teclado mecánico,2,1160.97,0.1,721.81,Nuevo,Efectivo,False,3,2321.94,232.19,2089.75,1443.62,646.13,30.92,False
ORD-002772,2025-07-05,PUE-01,Centro,Online,Electrónica,Teclado mecánico,1,1234.74,0.1,729.98,Nuevo,Tarjeta,False,2,1234.74,123.47,1111.27,729.98,381.29,34.31,False
ORD-000174,2025-07-06,MER-01,Sureste,Tienda,Electrónica,Monitor 24 pulgadas,1,3094.7,0.05,2332.49,Empresa,Transferencia,False,5,3094.7,154.74,2939.96,2332.49,607.47,20.66,False
ORD-000196,2025-07-06,MER-01,Sureste,Tienda,Oficina,Lámpara LED,1,538.24,0.2,246.59,Nuevo,Transferencia,False,5,538.24,107.65,430.59,246.59,184.0,42.73,False
ORD-000205,2025-07-06,MER-01,Sureste,Online,Hogar,Licuadora,3,1007.28,0.1,556.0,Recurrente,Tarjeta,False,4,3021.84,302.18,2719.66,1668.0,1051.66,38.67,False
ORD-000303,2025-07-06,VER-01,Golfo,Tienda,Electrónica,Audífonos Bluetooth,1,730.7,0.05,381.2,Nuevo,Tarjeta,False,3,730.7,36.54,694.16,381.2,312.96,45.08,False
ORD-000659,2025-07-06,CAN-01,Sureste,Tienda,Deportes,Tapete de yoga,5,394.95,0.05,157.2,Nuevo,Efectivo,False,4,1974.75,98.74,1876.01,786.0,1090.01,58.1,False
ORD-000741,2025-07-06,GDL-01,Occidente,Online,Hogar,Cafetera programable,1,1596.66,0.0,900.58,Nuevo,Efectivo,False,4,1596.66,0.0,1596.66,900.58,696.08,43.6,False
ORD-001071,2025-07-06,MTY-02,Norte,Tienda,Oficina,Silla ergonómica,1,2974.7,0.15,1817.54,Empresa,Transferencia,False,3,2974.7,446.2,2528.5,1817.54,710.96,28.12,False
ORD-001165,2025-07-06,ZAP-01,Occidente,Online,Electrónica,Monitor 24 pulgadas,1,3383.5,0.1,2361.68,Nuevo,Tarjeta,False,3,3383.5,338.35,3045.15,2361.68,683.47,22.44,False
ORD-001174,2025-07-06,MTY-01,Norte,Online,Electrónica,Teclado mecánico,2,1200.68,0.1,720.1,Recurrente,Transferencia,False,4,2401.36,240.14,2161.22,1440.2,721.02,33.36,False
ORD-001449,2025-07-06,VER-01,Golfo,Tienda,Hogar,Juego de sábanas,2,681.62,0.2,311.1,Recurrente,Transferencia,False,5,1363.24,272.65,1090.59,622.2,468.39,42.95,False
ORD-001556,2025-07-06,CDMX-01,Centro,Online,Oficina,Silla ergonómica,3,2810.1,0.05,1813.18,Recurrente,Efectivo,True,4,8430.3,421.52,8008.78,5439.54,2569.24,32.08,True
ORD-001666,2025-07-06,VER-01,Golfo,Tienda,Hogar,Juego de sábanas,1,670.01,0.0,309.41,Recurrente,Efectivo,True,4,670.01,0.0,670.01,309.41,360.6,53.82,False
ORD-001839,2025-07-06,CDMX-02,Centro,Tienda,Electrónica,Audífonos Bluetooth,2,711.78,0.1,381.36,Recurrente,Efectivo,False,5,1423.56,142.36,1281.2,762.72,518.48,40.47,False
ORD-002021,2025-07-06,CDMX-01,Centro,Online,Deportes,Mancuernas 10 kg,3,898.02,0.05,515.76,Nuevo,Efectivo,False,5,2694.06,134.7,2559.36,1547.28,1012.08,39.54,False
ORD-002167,2025-07-06,MTY-02,Norte,Tienda,Hogar,Juego de sábanas,6,646.64,0.0,306.11,Recurrente,Tarjeta,False,3,3879.84,0.0,3879.84,1836.66,2043.18,52.66,False
ORD-003365,2025-07-06,GDL-02,Occidente,Online,Deportes,Tapete de yoga,1,394.45,0.15,160.72,Recurrente,Transferencia,False,2,394.45,59.17,335.28,160.72,174.56,52.06,False
ORD-000140,2025-07-07,CDMX-01,Centro,Tienda,Deportes,Tapete de yoga,1,383.23,0.2,157.46,Recurrente,Tarjeta,False,5,383.23,76.65,306.58,157.46,149.12,48.64,False
ORD-000727,2025-07-07,MTY-01,Norte,Tienda,Deportes,Tapete de yoga,6,385.58,0.1,159.72,Recurrente,Tarjeta,False,3,2313.48,231.35,2082.13,958.32,1123.81,53.97,False
ORD-001275,2025-07-07,ZAP-01,Occidente,Online,Electrónica,Teclado mecánico,1,1148.01,0.1,714.98,Nuevo,Efectivo,False,1,1148.01,114.8,1033.21,714.98,318.23,30.8,False
ORD-002121,2025-07-07,CDMX-02,Centro,Tienda,Hogar,Licuadora,2,1010.04,0.1,562.93,Nuevo,Tarjeta,False,4,2020.08,202.01,1818.07,1125.86,692.21,38.07,False
ORD-002377,2025-07-07,GDL-01,Occidente,Tienda,Deportes,Mancuernas 10 kg,1,905.53,0.0,522.35,Recurrente,Transferencia,False,4,905.53,0.0,905.53,522.35,383.18,42.32,False
ORD-002579,2025-07-07,ZAP-01,Occidente,Tienda,Electrónica,Audífonos Bluetooth,1,705.28,0.15,383.41,Recurrente,Transferencia,False,4,705.28,105.79,599.49,383.41,216.08,36.04,False
ORD-002640,2025-07-07,PUE-01,Centro,Tienda,Oficina,Organizador de escritorio,1,287.85,0.0,105.91,Recurrente,Tarjeta,False,3,287.85,0.0,287.85,105.91,181.94,63.21,False
ORD-002818,2025-07-07,ZAP-01,Occidente,Online,Oficina,Silla ergonómica,2,3001.21,0.1,1825.41,Nuevo,Efectivo,False,4,6002.42,600.24,5402.18,3650.82,1751.36,32.42,False
ORD-003249,2025-07-07,CAN-01,Sureste,Online,Electrónica,Audífonos Bluetooth,1,708.26,0.1,382.22,Nuevo,Tarjeta,False,1,708.26,70.83,637.43,382.22,255.21,40.04,False
ORD-003343,2025-07-07,CDMX-01,Centro,Online,Oficina,Lámpara LED,3,567.92,0.05,242.66,Recurrente,Tarjeta,False,3,1703.76,85.19,1618.57,727.98,890.59,55.02,False
ORD-003364,2025-07-07,CAN-01,Sureste,Tienda,Oficina,Organizador de escritorio,2,288.51,0.0,103.93,Recurrente,Tarjeta,False,4,577.02,0.0,577.02,207.86,369.16,63.98,False
ORD-000274,2025-07-08,CHH-01,Norte,Tienda,Deportes,Tapete de yoga,3,386.13,0.15,160.2,Recurrente,Tarjeta,False,1,1158.39,173.76,984.63,480.6,504.03,51.19,False
ORD-000372,2025-07-08,VER-01,Golfo,Tienda,Deportes,Mancuernas 10 kg,5,903.56,0.15,531.29,Recurrente,Tarjeta,False,4,4517.8,677.67,3840.13,2656.45,1183.68,30.82,False
ORD-000383,2025-07-08,MTY-02,Norte,Tienda,Oficina,Lámpara LED,3,567.43,0.1,236.76,Recurrente,Tarjeta,False,3,1702.29,170.23,1532.06,710.28,821.78,53.64,False
ORD-000504,2025-07-08,MTY-02,Norte,Tienda,Electrónica,Teclado mecánico,3,1144.31,0.2,718.86,Recurrente,Tarjeta,False,5,3432.93,686.59,2746.34,2156.58,589.76,21.47,False
ORD-000813,2025-07-08,CDMX-01,Centro,Tienda,Deportes,Mancuernas 10 kg,1,929.59,0.2,523.94,Recurrente,Tarjeta,False,5,929.59,185.92,743.67,523.94,219.73,29.55,False
ORD-000936,2025-07-08,VER-01,Golfo,Online,Electrónica,Monitor 24 pulgadas,1,3312.36,0.0,2337.06,Nuevo,Tarjeta,False,4,3312.36,0.0,3312.36,2337.06,975.3,29.44,False
ORD-001293,2025-07-08,CDMX-01,Centro,Tienda,Electrónica,Monitor 24 pulgadas,2,3305.66,0.0,2326.45,Nuevo,Tarjeta,False,4,6611.32,0.0,6611.32,4652.9,1958.42,29.62,True
ORD-001377,2025-07-08,CHH-01,Norte,Tienda,Electrónica,Monitor 24 pulgadas,2,3413.37,0.15,2353.17,Recurrente,Tarjeta,False,5,6826.74,1024.01,5802.73,4706.34,1096.39,18.89,False
ORD-001900,2025-07-08,CHH-01,Norte,Online,Electrónica,Monitor 24 pulgadas,3,3282.04,0.0,2332.7,Recurrente,Efectivo,False,3,9846.12,0.0,9846.12,6998.1,2848.02,28.93,True
ORD-002171,2025-07-08,MTY-01,Norte,Online,Oficina,Silla ergonómica,2,2762.49,0.0,1849.7,Empresa,Efectivo,False,5,5524.98,0.0,5524.98,3699.4,1825.58,33.04,False
ORD-002528,2025-07-08,CHH-01,Norte,Tienda,Deportes,Mochila deportiva,1,766.44,0.05,342.65,Empresa,Tarjeta,False,5,766.44,38.32,728.12,342.65,385.47,52.94,False
ORD-002701,2025-07-08,ZAP-01,Occidente,Tienda,Hogar,Licuadora,2,992.51,0.3,558.94,Recurrente,Tarjeta,False,4,1985.02,595.51,1389.51,1117.88,271.63,19.55,False
ORD-002824,2025-07-08,CHH-01,Norte,Tienda,Hogar,Juego de sábanas,4,669.27,0.05,313.23,Recurrente,Efectivo,False,1,2677.08,133.85,2543.23,1252.92,1290.31,50.74,False
ORD-002974,2025-07-08,ZAP-01,Occidente,Tienda,Oficina,Organizador de escritorio,1,282.12,0.05,107.53,Recurrente,Transferencia,False,3,282.12,14.11,268.01,107.53,160.48,59.88,False
ORD-000500,2025-07-09,CDMX-01,Centro,Tienda,Hogar,Licuadora,3,1005.12,0.05,558.27,Nuevo,Transferencia,False,4,3015.36,150.77,2864.59,1674.81,1189.78,41.53,False
ORD-000629,2025-07-09,ZAP-01,Occidente,Tienda,Deportes,Tapete de yoga,6,403.96,0.0,160.15,Recurrente,Transferencia,False,5,2423.76,0.0,2423.76,960.9,1462.86,60.35,False
ORD-000670,2025-07-09,CDMX-02,Centro,Tienda,Electrónica,Audífonos Bluetooth,4,687.93,0.1,393.78,Nuevo,Tarjeta,False,5,2751.72,275.17,2476.55,1575.12,901.43,36.4,False
ORD-000939,2025-07-09,MER-01,Sureste,Online,Hogar,Licuadora,2,1038.28,0.05,564.56,Nuevo,Efectivo,False,4,2076.56,103.83,1972.73,1129.12,843.61,42.76,False
ORD-000986,2025-07-09,CHH-01,Norte,Tienda,Hogar,Juego de sábanas,2,656.57,0.0,313.25,Recurrente,Tarjeta,False,3,1313.14,0.0,1313.14,626.5,686.64,52.29,False
ORD-001281,2025-07-09,CAN-01,Sureste,Online,Hogar,Licuadora,3,976.08,0.15,567.75,Recurrente,Tarjeta,False,4,2928.24,439.24,2489.0,1703.25,785.75,31.57,False
ORD-001723,2025-07-09,CDMX-01,Centro,Tienda,Hogar,Cafetera programable,2,1505.76,0.05,862.11,Recurrente,Tarjeta,True,5,3011.52,150.58,2860.94,1724.22,1136.72,39.73,False
ORD-002330,2025-07-09,CHH-01,Norte,Tienda,Hogar,Juego de sábanas,1,649.74,0.0,314.91,Recurrente,Efectivo,False,5,649.74,0.0,649.74,314.91,334.83,51.53,False
ORD-002637,2025-07-09,ZAP-01,Occidente,Online,Deportes,Mancuernas 10 kg,2,901.28,0.0,504.41,Nuevo,Tarjeta,True,4,1802.56,0.0,1802.56,1008.82,793.74,44.03,False
ORD-003062,2025-07-09,CHH-01,Norte,Tienda,Electrónica,Audífonos Bluetooth,1,711.89,0.05,380.97,Nuevo,Tarjeta,False,1,711.89,35.59,676.3,380.97,295.33,43.67,False
ORD-003125,2025-07-09,MTY-01,Norte,Tienda,Oficina,Lámpara LED,1,539.72,0.0,246.16,Recurrente,Tarjeta,False,4,539.72,0.0,539.72,246.16,293.56,54.39,False
ORD-000031,2025-07-10,ZAP-01,Occidente,Online,Electrónica,Audífonos Bluetooth,4,708.31,0.1,386.56,Empresa,Tarjeta,False,1,2833.24,283.32,2549.92,1546.24,1003.68,39.36,False
ORD-000334,2025-07-10,MTY-01,Norte,Tienda,Oficina,Silla ergonómica,2,2855.01,0.3,1762.44,Recurrente,Efectivo,False,5,5710.02,1713.01,3997.01,3524.88,472.13,11.81,False
ORD-000618,2025-07-10,CDMX-01,Centro,Online,Hogar,Juego de sábanas,1,651.41,0.0,309.62,Nuevo,Transferencia,False,4,651.41,0.0,651.41,309.62,341.79,52.47,False
ORD-000680,2025-07-10,PUE-01,Centro,Tienda,Hogar,Cafetera programable,3,1527.19,0.15,862.55,Recurrente,Tarjeta,False,5,4581.57,687.24,3894.33,2587.65,1306.68,33.55,False
ORD-000892,2025-07-10,VER-01,Golfo,Tienda,Hogar,Juego de sábanas,1,660.43,0.15,302.22,Empresa,Tarjeta,False,5,660.43,99.06,561.37,302.22,259.15,46.16,False
ORD-000898,2025-07-10,MTY-02,Norte,Tienda,Oficina,Silla ergonómica,3,2762.66,0.3,1807.95,Recurrente,Tarjeta,False,3,8287.98,2486.39,5801.59,5423.85,377.74,6.51,False
ORD-000928,2025-07-10,PUE-01,Centro,Online,Electrónica,Teclado mecánico,3,1198.03,0.0,728.02,Recurrente,Tarjeta,False,5,3594.09,0.0,3594.09,2184.06,1410.03,39.23,False
ORD-001269,2025-07-10,MTY-02,Norte,Tienda,Oficina,Lámpara LED,2,559.24,0.15,236.87,Recurrente,Efectivo,True,4,1118.48,167.77,950.71,473.74,476.97,50.17,False
ORD-001674,2025-07-10,MER-01,Sureste,Tienda,Electrónica,Monitor 24 pulgadas,5,3200.84,0.05,2363.73,Empresa,Efectivo,False,5,16004.2,800.21,15203.99,11818.65,3385.34,22.27,True
ORD-001762,2025-07-10,ZAP-01,Occidente,Tienda,Oficina,Organizador de escritorio,6,280.28,0.0,104.1,Nuevo,Efectivo,False,3,1681.68,0.0,1681.68,624.6,1057.08,62.86,False
ORD-001984,2025-07-10,GDL-02,Occidente,Tienda,Electrónica,Monitor 24 pulgadas,2,3330.04,0.0,2348.31,Recurrente,Tarjeta,False,5,6660.08,0.0,6660.08,4696.62,1963.46,29.48,True
ORD-002633,2025-07-10,CDMX-02,Centro,Online,Deportes,Tapete de yoga,1,408.18,0.15,158.3,Recurrente,Tarjeta,False,5,408.18,61.23,346.95,158.3,188.65,54.37,False
ORD-002731,2025-07-10,CDMX-02,Centro,Tienda,Oficina,Lámpara LED,1,547.39,0.0,233.76,Nuevo,Efectivo,False,4,547.39,0.0,547.39,233.76,313.63,57.3,False
ORD-002958,2025-07-10,CDMX-01,Centro,Online,Hogar,Cafetera programable,1,1524.94,0.15,877.56,Nuevo,Tarjeta,False,5,1524.94,228.74,1296.2,877.56,418.64,32.3,False
ORD-003141,2025-07-10,PUE-01,Centro,Tienda,Deportes,Mancuernas 10 kg,3,890.57,0.15,522.54,Recurrente,Transferencia,False,3,2671.71,400.76,2270.95,1567.62,703.33,30.97,False
ORD-003333,2025-07-10,MTY-01,Norte,Online,Electrónica,Teclado mecánico,1,1175.55,0.0,730.41,Nuevo,Efectivo,True,3,1175.55,0.0,1175.55,730.41,445.14,37.87,False
ORD-000021,2025-07-11,CHH-01,Norte,Tienda,Oficina,Lámpara LED,6,542.22,0.2,235.6,Recurrente,Transferencia,False,2,3253.32,650.66,2602.66,1413.6,1189.06,45.69,False
ORD-000108,2025-07-11,ZAP-01,Occidente,Online,Hogar,Licuadora,2,1003.71,0.15,548.46,Recurrente,Tarjeta,False,4,2007.42,301.11,1706.31,1096.92,609.39,35.71,False
ORD-000405,2025-07-11,GDL-02,Occidente,Online,Hogar,Juego de sábanas,2,629.42,0.05,306.69,Empresa,Tarjeta,True,4,1258.84,62.94,1195.9,613.38,582.52,48.71,False
ORD-000424,2025-07-11,CDMX-02,Centro,Online,Oficina,Silla ergonómica,1,2939.81,0.0,1821.85,Recurrente,Tarjeta,False,3,2939.81,0.0,2939.81,1821.85,1117.96,38.03,False
ORD-000902,2025-07-11,CDMX-01,Centro,Tienda,Hogar,Cafetera programable,1,1522.87,0.1,880.18,Nuevo,Tarjeta,False,5,1522.87,152.29,1370.58,880.18,490.4,35.78,False
ORD-001179,2025-07-11,PUE-01,Centro,Tienda,Electrónica,Monitor 24 pulgadas,1,3221.49,0.2,2289.04,Nuevo,Tarjeta,False,3,3221.49,644.3,2577.19,2289.04,288.15,11.18,False
ORD-001199,2025-07-11,CDMX-01,Centro,Tienda,Electrónica,Audífonos Bluetooth,3,682.36,0.05,390.27,Recurrente,Efectivo,False,5,2047.08,102.35,1944.73,1170.81,773.92,39.8,False
ORD-001205,2025-07-11,GDL-01,Occidente,Tienda,Electrónica,Teclado mecánico,1,1183.03,0.1,715.19,Nuevo,Tarjeta,False,4,1183.03,118.3,1064.73,715.19,349.54,32.83,False
ORD-001490,2025-07-11,MER-01,Sureste,Online,Hogar,Juego de sábanas,3,626.82,0.0,318.83,Nuevo,Transferencia,True,1,1880.46,0.0,1880.46,956.49,923.97,49.14,False
ORD-001798,2025-07-11,CDMX-01,Centro,Online,Electrónica,Teclado mecánico,2,1206.15,0.05,728.84,Nuevo,Tarjeta,False,3,2412.3,120.62,2291.68,1457.68,834.0,36.39,False
ORD-002151,2025-07-11,ZAP-01,Occidente,Tienda,Electrónica,Monitor 24 pulgadas,1,3298.26,0.0,2363.21,Recurrente,Tarjeta,False,5,3298.26,0.0,3298.26,2363.21,935.05,28.35,False
ORD-002475,2025-07-11,CHH-01,Norte,Tienda,Hogar,Licuadora,4,977.93,0.2,560.55,Nuevo,Tarjeta,False,3,3911.72,782.34,3129.38,2242.2,887.18,28.35,False
ORD-003570,2025-07-11,MTY-02,Norte,Online,Oficina,Organizador de escritorio,2,295.93,0.0,109.0,Recurrente,Efectivo,False,3,591.86,0.0,591.86,218.0,373.86,63.17,False
ORD-000147,2025-07-12,CHH-01,Norte,Online,Deportes,Tapete de yoga,1,410.33,0.1,159.08,Recurrente,Tarjeta,False,4,410.33,41.03,369.3,159.08,210.22,56.92,False
ORD-000206,2025-07-12,VER-01,Golfo,Online,Deportes,Mancuernas 10 kg,1,872.74,0.0,515.45,Nuevo,Tarjeta,False,4,872.74,0.0,872.74,515.45,357.29,40.94,False
ORD-001053,2025-07-12,ZAP-01,Occidente,Tienda,Deportes,Mochila deportiva,1,733.61,0.3,346.61,Recurrente,Efectivo,False,2,733.61,220.08,513.53,346.61,166.92,32.5,False
ORD-001093,2025-07-12,GDL-01,Occidente,Tienda,Hogar,Juego de sábanas,5,688.88,0.15,304.88,Nuevo,Efectivo,False,5,3444.4,516.66,2927.74,1524.4,1403.34,47.93,False
ORD-001312,2025-07-12,GDL-01,Occidente,Tienda,Electrónica,Monitor 24 pulgadas,3,3247.13,0.1,2310.09,Recurrente,Tarjeta,False,5,9741.39,974.14,8767.25,6930.27,1836.98,20.95,True
ORD-001484,2025-07-12,VER-01,Golfo,Tienda,Electrónica,Monitor 24 pulgadas,5,3237.23,0.0,2326.36,Nuevo,Efectivo,False,4,16186.15,0.0,16186.15,11631.8,4554.35,28.14,True
ORD-001727,2025-07-12,CDMX-01,Centro,Tienda,Oficina,Silla ergonómica,1,2997.32,0.0,1858.78,Recurrente,Tarjeta,False,4,2997.32,0.0,2997.32,1858.78,1138.54,37.99,False
ORD-001878,2025-07-12,GDL-02,Occidente,Online,Oficina,Silla ergonómica,2,2916.81,0.0,1866.3,Recurrente,Transferencia,False,5,5833.62,0.0,5833.62,3732.6,2101.02,36.02,False
ORD-002083,2025-07-12,CAN-01,Sureste,Tienda,Oficina,Organizador de escritorio,5,292.86,0.0,101.74,Recurrente,Tarjeta,False,5,1464.3,0.0,1464.3,508.7,955.6,65.26,False
ORD-002324,2025-07-12,VER-01,Golfo,Online,Hogar,Cafetera programable,5,1495.98,0.15,868.82,Recurrente,Tarjeta,True,4,7479.9,1121.98,6357.92,4344.1,2013.82,31.67,True
ORD-002388,2025-07-12,MTY-01,Norte,Online,Electrónica,Monitor 24 pulgadas,4,3376.63,0.0,2368.89,Nuevo,Tarjeta,False,3,13506.52,0.0,13506.52,9475.56,4030.96,29.84,True
ORD-002584,2025-07-12,CHH-01,Norte,Tienda,Hogar,Cafetera programable,1,1559.73,0.0,874.25,Nuevo,Tarjeta,False,4,1559.73,0.0,1559.73,874.25,685.48,43.95,False
ORD-000240,2025-07-13,PUE-01,Centro,Tienda,Hogar,Juego de sábanas,1,659.95,0.15,314.19,Nuevo,Efectivo,False,5,659.95,98.99,560.96,314.19,246.77,43.99,False
ORD-000452,2025-07-13,MTY-02,Norte,Tienda,Oficina,Lámpara LED,1,561.38,0.0,240.94,Nuevo,Tarjeta,False,4,561.38,0.0,561.38,240.94,320.44,57.08,False
ORD-000481,2025-07-13,VER-01,Golfo,Tienda,Deportes,Tapete de yoga,1,399.3,0.05,160.11,Nuevo,Tarjeta,False,4,399.3,19.97,379.33,160.11,219.22,57.79,False
ORD-000763,2025-07-13,ZAP-01,Occidente,Tienda,Hogar,Licuadora,4,1012.16,0.0,574.99,Nuevo,Tarjeta,False,4,4048.64,0.0,4048.64,2299.96,1748.68,43.19,False
ORD-000937,2025-07-13,CDMX-02,Centro,Online,Deportes,Tapete de yoga,1,414.72,0.15,158.97,Empresa,Efectivo,False,4,414.72,62.21,352.51,158.97,193.54,54.9,False
ORD-001041,2025-07-13,GDL-01,Occidente,Tienda,Oficina,Lámpara LED,3,551.26,0.0,242.77,Empresa,Efectivo,False,5,1653.78,0.0,1653.78,728.31,925.47,55.96,False
ORD-001167,2025-07-13,CDMX-01,Centro,Tienda,Hogar,Licuadora,3,1007.35,0.05,565.91,Recurrente,Tarjeta,False,4,3022.05,151.1,2870.95,1697.73,1173.22,40.87,False
ORD-001168,2025-07-13,CDMX-01,Centro,Tienda,Hogar,Licuadora,5,992.22,0.15,575.2,Recurrente,Tarjeta,False,4,4961.1,744.17,4216.93,2876.0,1340.93,31.8,False
ORD-001187,2025-07-13,MTY-02,Norte,Tienda,Electrónica,Teclado mecánico,1,1222.9,0.05,719.23,Recurrente,Tarjeta,False,5,1222.9,61.15,1161.75,719.23,442.52,38.09,False
ORD-001801,2025-07-13,CHH-01,Norte,Tienda,Electrónica,Monitor 24 pulgadas,2,3302.65,0.0,2313.82,Recurrente,Tarjeta,False,4,6605.3,0.0,6605.3,4627.64,1977.66,29.94,True
ORD-002179,2025-07-13,CDMX-01,Centro,Tienda,Oficina,Lámpara LED,2,548.6,0.0,238.9,Empresa,Tarjeta,False,4,1097.2,0.0,1097.2,477.8,619.4,56.45,False
ORD-002235,2025-07-13,VER-01,Golfo,Online,Deportes,Tapete de yoga,1,408.85,0.0,157.55,Recurrente,Tarjeta,False,3,408.85,0.0,408.85,157.55,251.3,61.47,False
ORD-002631,2025-07-13,GDL-02,Occidente,Tienda,Deportes,Tapete de yoga,1,381.33,0.05,159.28,Recurrente,Efectivo,False,4,381.33,19.07,362.26,159.28,202.98,56.03,False
ORD-002656,2025-07-13,MTY-01,Norte,Online,Hogar,Juego de sábanas,1,664.88,0.05,303.46,Recurrente,Efectivo,False,4,664.88,33.24,631.64,303.46,328.18,51.96,False
ORD-003042,2025-07-13,MTY-01,Norte,Tienda,Hogar,Juego de sábanas,1,643.43,0.1,306.8,Nuevo,Efectivo,False,4,643.43,64.34,579.09,306.8,272.29,47.02,False
ORD-003159,2025-07-13,CHH-01,Norte,Online,Oficina,Lámpara LED,3,547.38,0.0,234.72,Recurrente,Efectivo,False,5,1642.14,0.0,1642.14,704.16,937.98,57.12,False
ORD-003540,2025-07-13,CAN-01,Sureste,Tienda,Deportes,Tapete de yoga,3,387.37,0.05,160.06,Nuevo,Tarjeta,True,5,1162.11,58.11,1104.0,480.18,623.82,56.51,False
ORD-001056,2025-07-14,MER-01,Sureste,Tienda,Electrónica,Teclado mecánico,3,1166.55,0.05,733.37,Recurrente,Efectivo,False,3,3499.65,174.98,3324.67,2200.11,1124.56,33.82,False
ORD-001090,2025-07-14,PUE-01,Centro,Online,Deportes,Mochila deportiva,5,775.04,0.2,337.4,Nuevo,Tarjeta,False,4,3875.2,775.04,3100.16,1687.0,1413.16,45.58,False
ORD-002024,2025-07-14,CAN-01,Sureste,Online,Oficina,Silla ergonómica,3,3003.06,0.1,1818.39,Recurrente,Transferencia,False,4,9009.18,900.92,8108.26,5455.17,2653.09,32.72,True
ORD-002952,2025-07-14,CDMX-01,Centro,Tienda,Hogar,Juego de sábanas,1,624.8,0.0,312.11,Recurrente,Efectivo,False,4,624.8,0.0,624.8,312.11,312.69,50.05,False
ORD-003265,2025-07-14,CAN-01,Sureste,Online,Deportes,Mancuernas 10 kg,1,897.39,0.15,518.93,Recurrente,Tarjeta,False,3,897.39,134.61,762.78,518.93,243.85,31.97,False
ORD-003461,2025-07-14,GDL-01,Occidente,Tienda,Hogar,Juego de sábanas,1,651.2,0.1,305.48,Recurrente,Tarjeta,True,2,651.2,65.12,586.08,305.48,280.6,47.88,False
ORD-000236,2025-07-15,ZAP-01,Occidente,Tienda,Oficina,Organizador de escritorio,5,279.95,0.0,104.74,Nuevo,Efectivo,False,5,1399.75,0.0,1399.75,523.7,876.05,62.59,False
ORD-000310,2025-07-15,ZAP-01,Occidente,Online,Hogar,Licuadora,4,1013.45,0.1,554.35,Recurrente,Tarjeta,False,3,4053.8,405.38,3648.42,2217.4,1431.02,39.22,False
ORD-000490,2025-07-15,ZAP-01,Occidente,Tienda,Electrónica,Audífonos Bluetooth,1,698.14,0.1,392.17,Nuevo,Efectivo,False,1,698.14,69.81,628.33,392.17,236.16,37.59,False
ORD-000497,2025-07-15,CDMX-02,Centro,Online,Hogar,Licuadora,1,995.81,0.05,562.4,Nuevo,Efectivo,True,2,995.81,49.79,946.02,562.4,383.62,40.55,False
ORD-000796,2025-07-15,GDL-01,Occidente,Tienda,Oficina,Lámpara LED,1,555.92,0.0,236.58,Recurrente,Tarjeta,False,5,555.92,0.0,555.92,236.58,319.34,57.44,False
ORD-001382,2025-07-15,CDMX-01,Centro,Online,Hogar,Licuadora,5,1000.41,0.2,567.33,Empresa,Tarjeta,False,2,5002.05,1000.41,4001.64,2836.65,1164.99,29.11,False
ORD-001792,2025-07-15,VER-01,Golfo,Online,Deportes,Tapete de yoga,3,388.91,0.0,159.9,Nuevo,Tarjeta,False,4,1166.73,0.0,1166.73,479.7,687.03,58.89,False
ORD-002044,2025-07-15,CHH-01,Norte,Online,Oficina,Lámpara LED,6,520.42,0.0,240.12,Nuevo,Efectivo,False,2,3122.52,0.0,3122.52,1440.72,1681.8,53.86,False
ORD-003066,2025-07-15,GDL-01,Occidente,Online,Electrónica,Monitor 24 pulgadas,1,3417.36,0.0,2350.59,Nuevo,Tarjeta,False,4,3417.36,0.0,3417.36,2350.59,1066.77,31.22,False
ORD-003172,2025-07-15,CDMX-02,Centro,Tienda,Deportes,Mochila deportiva,2,713.4,0.05,341.89,Recurrente,Tarjeta,False,4,1426.8,71.34,1355.46,683.78,671.68,49.55,False
ORD-003443,2025-07-15,GDL-02,Occidente,Tienda,Deportes,Mancuernas 10 kg,2,896.76,0.0,526.32,Recurrente,Tarjeta,False,4,1793.52,0.0,1793.52,1052.64,740.88,41.31,False
ORD-000107,2025-07-16,CDMX-02,Centro,Tienda,Deportes,Tapete de yoga,1,410.81,0.0,160.7,Recurrente,Tarjeta,True,5,410.81,0.0,410.81,160.7,250.11,60.88,False
ORD-000782,2025-07-16,CDMX-02,Centro,Tienda,Oficina,Organizador de escritorio,3,285.88,0.0,102.14,Recurrente,Tarjeta,False,4,857.64,0.0,857.64,306.42,551.22,64.27,False
ORD-000788,2025-07-16,CDMX-01,Centro,Tienda,Oficina,Silla ergonómica,2,2940.04,0.3,1825.68,Recurrente,Tarjeta,False,3,5880.08,1764.02,4116.06,3651.36,464.7,11.29,False
ORD-001117,2025-07-16,MTY-02,Norte,Tienda,Deportes,Tapete de yoga,1,384.81,0.1,158.77,Empresa,Tarjeta,False,4,384.81,38.48,346.33,158.77,187.56,54.16,False
ORD-001289,2025-07-16,CDMX-01,Centro,Tienda,Oficina,Silla ergonómica,2,2890.9,0.0,1860.51,Recurrente,Tarjeta,False,3,5781.8,0.0,5781.8,3721.02,2060.78,35.64,False
ORD-001788,2025-07-16,GDL-01,Occidente,Tienda,Oficina,Silla ergonómica,1,2844.58,0.05,1821.41,Recurrente,Tarjeta,False,3,2844.58,142.23,2702.35,1821.41,880.94,32.6,False
ORD-002216,2025-07-16,GDL-01,Occidente,Online,Deportes,Mancuernas 10 kg,3,878.61,0.15,523.53,Empresa,Tarjeta,False,2,2635.83,395.37,2240.46,1570.59,669.87,29.9,False
ORD-002542,2025-07-16,MTY-01,Norte,Tienda,Deportes,Mancuernas 10 kg,3,862.82,0.0,519.72,Nuevo,Tarjeta,False,4,2588.46,0.0,2588.46,1559.16,1029.3,39.76,False
ORD-003016,2025-07-16,CAN-01,Sureste,Online,Deportes,Mochila deportiva,1,784.51,0.0,335.91,Empresa,Efectivo,False,5,784.51,0.0,784.51,335.91,448.6,57.18,False
ORD-003293,2025-07-16,PUE-01,Centro,Tienda,Deportes,Tapete de yoga,1,409.0,0.05,158.39,Recurrente,Efectivo,False,5,409.0,20.45,388.55,158.39,230.16,59.24,False
ORD-003470,2025-07-16,GDL-02,Occidente,Tienda,Electrónica,Teclado mecánico,1,1178.96,0.2,722.42,Recurrente,Tarjeta,True,3,1178.96,235.79,943.17,722.42,220.75,23.41,False
ORD-001325,2025-07-17,ZAP-01,Occidente,Tienda,Oficina,Silla ergonómica,2,2910.21,0.0,1808.35,Nuevo,Tarjeta,False,4,5820.42,0.0,5820.42,3616.7,2203.72,37.86,False
ORD-001430,2025-07-17,CHH-01,Norte,Tienda,Deportes,Mancuernas 10 kg,1,889.34,0.05,512.81,Nuevo,Tarjeta,False,5,889.34,44.47,844.87,512.81,332.06,39.3,False
ORD-001442,2025-07-17,MTY-02,Norte,Tienda,Oficina,Organizador de escritorio,3,276.12,0.0,107.71,Recurrente,Efectivo,False,3,828.36,0.0,828.36,323.13,505.23,60.99,False
ORD-001856,2025-07-17,CDMX-02,Centro,Tienda,Electrónica,Teclado mecánico,1,1220.41,0.0,718.0,Nuevo,Tarjeta,False,4,1220.41,0.0,1220.41,718.0,502.41,41.17,False
ORD-002018,2025-07-17,VER-01,Golfo,Tienda,Oficina,Lámpara LED,4,557.4,0.3,237.15,Nuevo,Tarjeta,False,5,2229.6,668.88,1560.72,948.6,612.12,39.22,False
ORD-002349,2025-07-17,CAN-01,Sureste,Tienda,Hogar,Cafetera programable,1,1531.46,0.0,882.23,Recurrente,Tarjeta,False,3,1531.46,0.0,1531.46,882.23,649.23,42.39,False
ORD-002471,2025-07-17,MTY-02,Norte,Online,Deportes,Mochila deportiva,4,720.46,0.2,343.06,Nuevo,Tarjeta,False,4,2881.84,576.37,2305.47,1372.24,933.23,40.48,False
ORD-003522,2025-07-17,CDMX-01,Centro,Tienda,Electrónica,Monitor 24 pulgadas,2,3249.71,0.0,2340.51,Recurrente,Efectivo,False,2,6499.42,0.0,6499.42,4681.02,1818.4,27.98,True
ORD-000045,2025-07-18,VER-01,Golfo,Tienda,Hogar,Cafetera programable,1,1486.78,0.1,852.77,Recurrente,Tarjeta,False,5,1486.78,148.68,1338.1,852.77,485.33,36.27,False
ORD-000564,2025-07-18,MTY-01,Norte,Tienda,Electrónica,Audífonos Bluetooth,3,701.86,0.1,375.58,Recurrente,Transferencia,True,5,2105.58,210.56,1895.02,1126.74,768.28,40.54,False
ORD-000608,2025-07-18,CHH-01,Norte,Tienda,Oficina,Silla ergonómica,1,2913.79,0.15,1826.2,Nuevo,Transferencia,False,5,2913.79,437.07,2476.72,1826.2,650.52,26.27,False
ORD-000663,2025-07-18,PUE-01,Centro,Online,Hogar,Cafetera programable,1,1533.89,0.0,879.97,Recurrente,Efectivo,False,3,1533.89,0.0,1533.89,879.97,653.92,42.63,False
ORD-000688,2025-07-18,CDMX-02,Centro,Tienda,Hogar,Juego de sábanas,1,660.81,0.1,311.29,Empresa,Tarjeta,False,1,660.81,66.08,594.73,311.29,283.44,47.66,False
ORD-000693,2025-07-18,CAN-01,Sureste,Tienda,Deportes,Mochila deportiva,4,743.78,0.05,341.84,Empresa,Transferencia,False,5,2975.12,148.76,2826.36,1367.36,1459.0,51.62,False
ORD-000737,2025-07-18,PUE-01,Centro,Tienda,Oficina,Silla ergonómica,2,2958.65,0.05,1840.4,Recurrente,Efectivo,False,2,5917.3,295.86,5621.44,3680.8,1940.64,34.52,False
ORD-001177,2025-07-18,ZAP-01,Occidente,Tienda,Electrónica,Monitor 24 pulgadas,1,3318.13,0.0,2278.6,Empresa,Tarjeta,True,3,3318.13,0.0,3318.13,2278.6,1039.53,31.33,False
ORD-001376,2025-07-18,MTY-02,Norte,Online,Electrónica,Teclado mecánico,3,1221.73,0.15,719.18,Empresa,Efectivo,False,4,3665.19,549.78,3115.41,2157.54,957.87,30.75,False
ORD-001782,2025-07-18,CHH-01,Norte,Tienda,Deportes,Mochila deportiva,1,747.58,0.1,336.44,Empresa,Efectivo,True,4,747.58,74.76,672.82,336.44,336.38,50.0,False
ORD-002090,2025-07-18,VER-01,Golfo,Tienda,Oficina,Lámpara LED,4,549.84,0.0,239.94,Recurrente,Tarjeta,False,2,2199.36,0.0,2199.36,959.76,1239.6,56.36,False
ORD-002290,2025-07-18,GDL-01,Occidente,Tienda,Electrónica,Monitor 24 pulgadas,2,3308.04,0.15,2347.25,Nuevo,Tarjeta,False,2,6616.08,992.41,5623.67,4694.5,929.17,16.52,False
ORD-000261,2025-07-19,CAN-01,Sureste,Tienda,Hogar,Cafetera programable,1,1506.62,0.15,860.24,Nuevo,Efectivo,True,4,1506.62,225.99,1280.63,860.24,420.39,32.83,False
ORD-000920,2025-07-19,PUE-01,Centro,Online,Electrónica,Monitor 24 pulgadas,2,3319.99,0.2,2326.31,Empresa,Tarjeta,False,4,6639.98,1328.0,5311.98,4652.62,659.36,12.41,False
ORD-000961,2025-07-19,MER-01,Sureste,Tienda,Electrónica,Monitor 24 pulgadas,1,3355.74,0.1,2418.74,Empresa,Tarjeta,False,3,3355.74,335.57,3020.17,2418.74,601.43,19.91,False
ORD-000969,2025-07-19,MER-01,Sureste,Online,Hogar,Cafetera programable,1,1505.48,0.1,861.63,Recurrente,Tarjeta,False,4,1505.48,150.55,1354.93,861.63,493.3,36.41,False
ORD-001067,2025-07-19,CDMX-02,Centro,Online,Hogar,Cafetera programable,2,1504.15,0.05,881.84,Recurrente,Tarjeta,False,5,3008.3,150.42,2857.88,1763.68,1094.2,38.29,False
ORD-001108,2025-07-19,CDMX-01,Centro,Tienda,Oficina,Organizador de escritorio,1,288.36,0.0,106.04,Recurrente,Efectivo,False,4,288.36,0.0,288.36,106.04,182.32,63.23,False
ORD-001858,2025-07-19,MTY-02,Norte,Tienda,Oficina,Silla ergonómica,1,2826.52,0.0,1808.57,Recurrente,Transferencia,False,4,2826.52,0.0,2826.52,1808.57,1017.95,36.01,False
ORD-003453,2025-07-19,CAN-01,Sureste,Online,Hogar,Cafetera programable,2,1485.31,0.1,869.08,Nuevo,Efectivo,False,4,2970.62,297.06,2673.56,1738.16,935.4,34.99,False
ORD-000156,2025-07-20,CDMX-02,Centro,Online,Hogar,Cafetera programable,1,1496.47,0.0,880.22,Empresa,Transferencia,False,3,1496.47,0.0,1496.47,880.22,616.25,41.18,False
ORD-000247,2025-07-20,CHH-01,Norte,Tienda,Oficina,Silla ergonómica,1,2903.79,0.05,1835.17,Nuevo,Efectivo,False,3,2903.79,145.19,2758.6,1835.17,923.43,33.47,False
ORD-000625,2025-07-20,PUE-01,Centro,Tienda,Oficina,Silla ergonómica,1,2788.48,0.05,1849.13,Nuevo,Tarjeta,False,3,2788.48,139.42,2649.06,1849.13,799.93,30.2,False
ORD-000912,2025-07-20,CHH-01,Norte,Online,Hogar,Licuadora,1,991.41,0.2,570.89,Nuevo,Tarjeta,False,2,991.41,198.28,793.13,570.89,222.24,28.02,False
ORD-001765,2025-07-20,MTY-01,Norte,Tienda,Hogar,Juego de sábanas,3,650.65,0.1,310.93,Recurrente,Tarjeta,False,4,1951.95,195.2,1756.75,932.79,823.96,46.9,False
ORD-002132,2025-07-20,GDL-01,Occidente,Tienda,Electrónica,Teclado mecánico,4,1189.85,0.0,723.99,Nuevo,Tarjeta,True,4,4759.4,0.0,4759.4,2895.96,1863.44,39.15,False
ORD-002249,2025-07-20,VER-01,Golfo,Tienda,Oficina,Organizador de escritorio,1,287.41,0.05,105.88,Recurrente,Transferencia,False,3,287.41,14.37,273.04,105.88,167.16,61.22,False
ORD-002787,2025-07-20,MTY-02,Norte,Online,Deportes,Mochila deportiva,1,708.35,0.2,338.97,Nuevo,Tarjeta,False,5,708.35,141.67,566.68,338.97,227.71,40.18,False
ORD-002985,2025-07-20,VER-01,Golfo,Tienda,Oficina,Lámpara LED,1,548.01,0.05,237.11,Recurrente,Tarjeta,False,3,548.01,27.4,520.61,237.11,283.5,54.46,False
ORD-003175,2025-07-20,CDMX-02,Centro,Tienda,Oficina,Organizador de escritorio,2,292.96,0.0,102.65,Recurrente,Tarjeta,False,5,585.92,0.0,585.92,205.3,380.62,64.96,False
ORD-000860,2025-07-21,CHH-01,Norte,Online,Deportes,Mochila deportiva,2,737.73,0.2,341.5,Recurrente,Efectivo,False,4,1475.46,295.09,1180.37,683.0,497.37,42.14,False
ORD-000992,2025-07-21,PUE-01,Centro,Tienda,Hogar,Licuadora,1,982.82,0.2,541.64,Recurrente,Efectivo,False,5,982.82,196.56,786.26,541.64,244.62,31.11,False
ORD-001110,2025-07-21,MTY-02,Norte,Online,Hogar,Cafetera programable,2,1560.37,0.0,869.58,Empresa,Efectivo,False,4,3120.74,0.0,3120.74,1739.16,1381.58,44.27,False
ORD-001352,2025-07-21,PUE-01,Centro,Tienda,Hogar,Cafetera programable,1,1491.13,0.0,877.27,Empresa,Tarjeta,False,3,1491.13,0.0,1491.13,877.27,613.86,41.17,False
ORD-001482,2025-07-21,GDL-02,Occidente,Tienda,Hogar,Cafetera programable,5,1574.58,0.0,861.13,Nuevo,Transferencia,False,5,7872.9,0.0,7872.9,4305.65,3567.25,45.31,True
ORD-002117,2025-07-21,MTY-02,Norte,Online,Deportes,Tapete de yoga,4,405.27,0.0,158.83,Empresa,Tarjeta,False,3,1621.08,0.0,1621.08,635.32,985.76,60.81,False
ORD-002487,2025-07-21,MER-01,Sureste,Tienda,Electrónica,Audífonos Bluetooth,1,716.48,0.1,387.1,Empresa,Tarjeta,False,5,716.48,71.65,644.83,387.1,257.73,39.97,False
ORD-002682,2025-07-21,VER-01,Golfo,Tienda,Oficina,Organizador de escritorio,3,294.7,0.1,104.23,Nuevo,Efectivo,True,5,884.1,88.41,795.69,312.69,483.0,60.7,False
ORD-000010,2025-07-22,MER-01,Sureste,Tienda,Deportes,Tapete de yoga,2,395.89,0.2,159.41,Nuevo,Efectivo,False,3,791.78,158.36,633.42,318.82,314.6,49.67,False
ORD-000104,2025-07-22,MTY-02,Norte,Tienda,Oficina,Organizador de escritorio,1,302.81,0.1,104.23,Recurrente,Efectivo,False,3,302.81,30.28,272.53,104.23,168.3,61.75,False
ORD-000146,2025-07-22,GDL-02,Occidente,Online,Oficina,Organizador de escritorio,1,278.9,0.1,104.07,Recurrente,Transferencia,False,4,278.9,27.89,251.01,104.07,146.94,58.54,False
ORD-001346,2025-07-22,CDMX-01,Centro,Tienda,Hogar,Cafetera programable,1,1401.54,0.0,857.72,Nuevo,Tarjeta,False,5,1401.54,0.0,1401.54,857.72,543.82,38.8,False
ORD-001767,2025-07-22,CDMX-02,Centro,Tienda,Electrónica,Teclado mecánico,2,1169.09,0.1,712.49,Recurrente,Tarjeta,False,5,2338.18,233.82,2104.36,1424.98,679.38,32.28,False
ORD-001825,2025-07-22,ZAP-01,Occidente,Online,Deportes,Mochila deportiva,1,724.8,0.0,343.19,Recurrente,Efectivo,False,4,724.8,0.0,724.8,343.19,381.61,52.65,False
ORD-001936,2025-07-22,CDMX-02,Centro,Online,Deportes,Tapete de yoga,4,394.15,0.0,160.11,Recurrente,Tarjeta,False,2,1576.6,0.0,1576.6,640.44,936.16,59.38,False
ORD-002314,2025-07-22,MTY-02,Norte,Tienda,Oficina,Lámpara LED,1,587.76,0.1,238.14,Recurrente,Efectivo,False,3,587.76,58.78,528.98,238.14,290.84,54.98,False
ORD-002635,2025-07-22,CAN-01,Sureste,Tienda,Electrónica,Teclado mecánico,1,1209.17,0.1,727.74,Recurrente,Tarjeta,False,4,1209.17,120.92,1088.25,727.74,360.51,33.13,False
ORD-002747,2025-07-22,CDMX-01,Centro,Tienda,Deportes,Mochila deportiva,2,729.41,0.1,339.24,Recurrente,Efectivo,False,2,1458.82,145.88,1312.94,678.48,634.46,48.32,False
ORD-003382,2025-07-22,CAN-01,Sureste,Online,Deportes,Tapete de yoga,1,395.37,0.2,159.2,Recurrente,Tarjeta,False,4,395.37,79.07,316.3,159.2,157.1,49.67,False
ORD-000862,2025-07-23,GDL-01,Occidente,Tienda,Oficina,Lámpara LED,1,545.5,0.15,238.98,Recurrente,Tarjeta,False,4,545.5,81.82,463.68,238.98,224.7,48.46,False
ORD-001336,2025-07-23,GDL-01,Occidente,Tienda,Oficina,Lámpara LED,2,547.71,0.2,243.11,Empresa,Tarjeta,False,3,1095.42,219.08,876.34,486.22,390.12,44.52,False
ORD-001412,2025-07-23,ZAP-01,Occidente,Tienda,Hogar,Juego de sábanas,2,663.63,0.0,306.63,Empresa,Tarjeta,False,4,1327.26,0.0,1327.26,613.26,714.0,53.8,False
ORD-001479,2025-07-23,PUE-01,Centro,Online,Deportes,Mancuernas 10 kg,2,896.93,0.05,512.03,Recurrente,Tarjeta,False,4,1793.86,89.69,1704.17,1024.06,680.11,39.91,False
ORD-001557,2025-07-23,PUE-01,Centro,Tienda,Oficina,Silla ergonómica,3,3022.97,0.0,1818.5,Recurrente,Tarjeta,False,5,9068.91,0.0,9068.91,5455.5,3613.41,39.84,True
ORD-001716,2025-07-23,GDL-01,Occidente,Online,Oficina,Organizador de escritorio,1,288.69,0.3,109.31,Recurrente,Tarjeta,False,5,288.69,86.61,202.08,109.31,92.77,45.91,False
ORD-002577,2025-07-23,GDL-02,Occidente,Tienda,Electrónica,Teclado mecánico,2,1217.54,0.15,717.79,Recurrente,Tarjeta,False,4,2435.08,365.26,2069.82,1435.58,634.24,30.64,False
ORD-003211,2025-07-23,PUE-01,Centro,Online,Electrónica,Audífonos Bluetooth,1,699.27,0.15,384.28,Recurrente,Efectivo,True,4,699.27,104.89,594.38,384.28,210.1,35.35,False
ORD-000219,2025-07-24,CDMX-02,Centro,Tienda,Deportes,Mancuernas 10 kg,2,926.78,0.1,533.03,Nuevo,Tarjeta,False,1,1853.56,185.36,1668.2,1066.06,602.14,36.1,False
ORD-000319,2025-07-24,GDL-02,Occidente,Online,Electrónica,Audífonos Bluetooth,3,712.21,0.2,375.99,Recurrente,Tarjeta,False,4,2136.63,427.33,1709.3,1127.97,581.33,34.01,False
ORD-000732,2025-07-24,VER-01,Golfo,Tienda,Oficina,Lámpara LED,2,531.37,0.0,236.77,Nuevo,Tarjeta,False,5,1062.74,0.0,1062.74,473.54,589.2,55.44,False
ORD-001030,2025-07-24,CDMX-02,Centro,Online,Electrónica,Teclado mecánico,1,1209.46,0.05,704.45,Recurrente,Tarjeta,False,5,1209.46,60.47,1148.99,704.45,444.54,38.69,False
ORD-001212,2025-07-24,PUE-01,Centro,Online,Deportes,Tapete de yoga,3,390.46,0.1,156.45,Nuevo,Tarjeta,False,5,1171.38,117.14,1054.24,469.35,584.89,55.48,False
ORD-002394,2025-07-24,MTY-01,Norte,Tienda,Electrónica,Teclado mecánico,2,1210.88,0.15,719.35,Recurrente,Transferencia,False,4,2421.76,363.26,2058.5,1438.7,619.8,30.11,False
ORD-002445,2025-07-24,MER-01,Sureste,Tienda,Hogar,Cafetera programable,1,1515.64,0.1,855.17,Nuevo,Efectivo,False,4,1515.64,151.56,1364.08,855.17,508.91,37.31,False
ORD-002689,2025-07-24,CDMX-02,Centro,Online,Hogar,Juego de sábanas,4,639.21,0.1,309.89,Nuevo,Tarjeta,False,5,2556.84,255.68,2301.16,1239.56,1061.6,46.13,False
ORD-003423,2025-07-24,ZAP-01,Occidente,Online,Electrónica,Audífonos Bluetooth,1,719.03,0.05,377.59,Recurrente,Efectivo,False,1,719.03,35.95,683.08,377.59,305.49,44.72,False
ORD-001287,2025-07-25,MER-01,Sureste,Online,Hogar,Juego de sábanas,1,660.98,0.05,316.24,Nuevo,Efectivo,False,5,660.98,33.05,627.93,316.24,311.69,49.64,False
ORD-001333,2025-07-25,GDL-02,Occidente,Tienda,Hogar,Juego de sábanas,2,648.42,0.0,302.55,Nuevo,Tarjeta,False,5,1296.84,0.0,1296.84,605.1,691.74,53.34,False
ORD-001592,2025-07-25,CAN-01,Sureste,Tienda,Oficina,Lámpara LED,2,544.34,0.15,240.0,Nuevo,Transferencia,False,4,1088.68,163.3,925.38,480.0,445.38,48.13,False
ORD-001964,2025-07-25,VER-01,Golfo,Online,Oficina,Organizador de escritorio,2,282.88,0.0,106.62,Recurrente,Tarjeta,False,5,565.76,0.0,565.76,213.24,352.52,62.31,False
ORD-002646,2025-07-25,ZAP-01,Occidente,Tienda,Hogar,Juego de sábanas,2,638.7,0.1,318.74,Recurrente,Efectivo,False,1,1277.4,127.74,1149.66,637.48,512.18,44.55,False
ORD-002683,2025-07-25,CAN-01,Sureste,Online,Electrónica,Audífonos Bluetooth,3,686.45,0.0,393.52,Empresa,Tarjeta,False,4,2059.35,0.0,2059.35,1180.56,878.79,42.67,False
ORD-002801,2025-07-25,VER-01,Golfo,Tienda,Deportes,Mancuernas 10 kg,3,869.32,0.0,510.5,Nuevo,Tarjeta,False,4,2607.96,0.0,2607.96,1531.5,1076.46,41.28,False
ORD-002911,2025-07-25,GDL-02,Occidente,Tienda,Oficina,Silla ergonómica,2,2905.52,0.1,1826.83,Nuevo,Tarjeta,False,5,5811.04,581.1,5229.94,3653.66,1576.28,30.14,False
ORD-002939,2025-07-25,PUE-01,Centro,Online,Oficina,Lámpara LED,3,534.26,0.0,233.62,Nuevo,Tarjeta,False,5,1602.78,0.0,1602.78,700.86,901.92,56.27,False
ORD-003091,2025-07-25,CDMX-02,Centro,Tienda,Hogar,Licuadora,3,989.68,0.05,559.07,Nuevo,Tarjeta,False,4,2969.04,148.45,2820.59,1677.21,1143.38,40.54,False
ORD-003541,2025-07-25,VER-01,Golfo,Online,Oficina,Silla ergonómica,2,2927.43,0.1,1776.78,Empresa,Tarjeta,False,4,5854.86,585.49,5269.37,3553.56,1715.81,32.56,False
ORD-000250,2025-07-26,MER-01,Sureste,Online,Electrónica,Teclado mecánico,3,1175.42,0.15,716.44,Nuevo,Tarjeta,False,4,3526.26,528.94,2997.32,2149.32,848.0,28.29,False
ORD-000336,2025-07-26,CAN-01,Sureste,Tienda,Hogar,Cafetera programable,2,1476.56,0.3,880.96,Nuevo,Efectivo,False,2,2953.12,885.94,2067.18,1761.92,305.26,14.77,False
ORD-000468,2025-07-26,PUE-01,Centro,Tienda,Oficina,Silla ergonómica,6,2797.4,0.2,1798.17,Nuevo,Tarjeta,False,5,16784.4,3356.88,13427.52,10789.02,2638.5,19.65,True
ORD-000552,2025-07-26,GDL-01,Occidente,Tienda,Electrónica,Monitor 24 pulgadas,1,3295.79,0.1,2364.19,Recurrente,Tarjeta,False,4,3295.79,329.58,2966.21,2364.19,602.02,20.3,False
ORD-000847,2025-07-26,PUE-01,Centro,Tienda,Oficina,Silla ergonómica,6,2840.0,0.1,1837.14,Nuevo,Efectivo,False,4,17040.0,1704.0,15336.0,11022.84,4313.16,28.12,True
ORD-001084,2025-07-26,MTY-01,Norte,Tienda,Deportes,Mochila deportiva,1,746.35,0.3,330.96,Nuevo,Tarjeta,False,3,746.35,223.9,522.45,330.96,191.49,36.65,False
ORD-001149,2025-07-26,CDMX-02,Centro,Online,Hogar,Cafetera programable,3,1494.16,0.1,859.93,Recurrente,Tarjeta,False,4,4482.48,448.25,4034.23,2579.79,1454.44,36.05,False
ORD-001162,2025-07-26,PUE-01,Centro,Tienda,Electrónica,Audífonos Bluetooth,1,677.97,0.0,388.51,Recurrente,Tarjeta,False,5,677.97,0.0,677.97,388.51,289.46,42.7,False
ORD-001360,2025-07-26,MTY-01,Norte,Tienda,Deportes,Tapete de yoga,3,409.36,0.0,159.64,Recurrente,Efectivo,False,4,1228.08,0.0,1228.08,478.92,749.16,61.0,False
ORD-001570,2025-07-26,GDL-02,Occidente,Online,Deportes,Mancuernas 10 kg,1,837.06,0.1,521.11,Empresa,Transferencia,False,4,837.06,83.71,753.35,521.11,232.24,30.83,False
ORD-001757,2025-07-26,PUE-01,Centro,Tienda,Hogar,Licuadora,2,1051.16,0.0,555.84,Recurrente,Tarjeta,False,4,2102.32,0.0,2102.32,1111.68,990.64,47.12,False
ORD-001790,2025-07-26,ZAP-01,Occidente,Tienda,Oficina,Lámpara LED,5,546.87,0.1,238.65,Nuevo,Tarjeta,False,4,2734.35,273.44,2460.91,1193.25,1267.66,51.51,False
ORD-002163,2025-07-26,CHH-01,Norte,Online,Oficina,Organizador de escritorio,1,284.25,0.0,106.62,Recurrente,Tarjeta,False,5,284.25,0.0,284.25,106.62,177.63,62.49,False
ORD-002525,2025-07-26,CDMX-02,Centro,Online,Hogar,Juego de sábanas,1,651.25,0.15,311.57,Recurrente,Tarjeta,False,5,651.25,97.69,553.56,311.57,241.99,43.72,False
ORD-002832,2025-07-26,CAN-01,Sureste,Tienda,Deportes,Mochila deportiva,3,738.81,0.15,338.67,Recurrente,Tarjeta,False,4,2216.43,332.46,1883.97,1016.01,867.96,46.07,False
ORD-003105,2025-07-26,CAN-01,Sureste,Tienda,Electrónica,Teclado mecánico,1,1172.43,0.0,722.73,Nuevo,Tarjeta,False,4,1172.43,0.0,1172.43,722.73,449.7,38.36,False
ORD-003451,2025-07-26,MTY-01,Norte,Tienda,Deportes,Mochila deportiva,1,739.67,0.05,336.93,Empresa,Transferencia,False,4,739.67,36.98,702.69,336.93,365.76,52.05,False
ORD-000027,2025-07-27,MER-01,Sureste,Tienda,Hogar,Licuadora,1,1037.68,0.15,567.42,Empresa,Efectivo,False,3,1037.68,155.65,882.03,567.42,314.61,35.67,False
ORD-000360,2025-07-27,MTY-02,Norte,Tienda,Oficina,Silla ergonómica,2,2873.41,0.2,1801.48,Nuevo,Tarjeta,False,2,5746.82,1149.36,4597.46,3602.96,994.5,21.63,False
ORD-000613,2025-07-27,PUE-01,Centro,Online,Electrónica,Teclado mecánico,5,1207.24,0.05,715.61,Nuevo,Tarjeta,False,2,6036.2,301.81,5734.39,3578.05,2156.34,37.6,False
ORD-000742,2025-07-27,VER-01,Golfo,Tienda,Deportes,Mochila deportiva,1,757.66,0.15,343.28,Nuevo,Efectivo,False,2,757.66,113.65,644.01,343.28,300.73,46.7,False
ORD-001194,2025-07-27,CDMX-01,Centro,Tienda,Deportes,Mochila deportiva,1,790.99,0.1,333.68,Empresa,Tarjeta,False,5,790.99,79.1,711.89,333.68,378.21,53.13,False
ORD-001383,2025-07-27,MER-01,Sureste,Online,Electrónica,Monitor 24 pulgadas,1,3317.26,0.0,2416.82,Recurrente,Efectivo,False,4,3317.26,0.0,3317.26,2416.82,900.44,27.14,False
ORD-001937,2025-07-27,GDL-02,Occidente,Online,Deportes,Mochila deportiva,3,748.82,0.05,338.01,Nuevo,Tarjeta,False,5,2246.46,112.32,2134.14,1014.03,1120.11,52.49,False
ORD-002019,2025-07-27,CDMX-02,Centro,Online,Oficina,Organizador de escritorio,3,296.74,0.05,105.26,Nuevo,Tarjeta,False,4,890.22,44.51,845.71,315.78,529.93,62.66,False
ORD-002793,2025-07-27,ZAP-01,Occidente,Online,Hogar,Cafetera programable,3,1502.66,0.15,868.57,Recurrente,Tarjeta,False,3,4507.98,676.2,3831.78,2605.71,1226.07,32.0,False
ORD-000429,2025-07-28,CAN-01,Sureste,Tienda,Hogar,Licuadora,2,1005.19,0.1,567.23,Recurrente,Transferencia,False,2,2010.38,201.04,1809.34,1134.46,674.88,37.3,False
ORD-000740,2025-07-28,GDL-01,Occidente,Tienda,Electrónica,Monitor 24 pulgadas,3,3326.77,0.15,2344.65,Recurrente,Efectivo,False,4,9980.31,1497.05,8483.26,7033.95,1449.31,17.08,True
ORD-001131,2025-07-28,GDL-01,Occidente,Online,Hogar,Cafetera programable,2,1457.84,0.05,869.92,Nuevo,Tarjeta,False,3,2915.68,145.78,2769.9,1739.84,1030.06,37.19,False
ORD-001196,2025-07-28,GDL-01,Occidente,Tienda,Oficina,Lámpara LED,1,535.57,0.0,239.34,Recurrente,Efectivo,False,5,535.57,0.0,535.57,239.34,296.23,55.31,False
ORD-001687,2025-07-28,VER-01,Golfo,Tienda,Hogar,Juego de sábanas,1,633.7,0.1,301.53,Recurrente,Tarjeta,True,3,633.7,63.37,570.33,301.53,268.8,47.13,False
ORD-002619,2025-07-28,GDL-02,Occidente,Online,Hogar,Juego de sábanas,1,683.68,0.2,311.98,Nuevo,Efectivo,False,3,683.68,136.74,546.94,311.98,234.96,42.96,False
ORD-002820,2025-07-28,VER-01,Golfo,Tienda,Oficina,Silla ergonómica,3,2973.11,0.0,1802.43,Nuevo,Efectivo,False,4,8919.33,0.0,8919.33,5407.29,3512.04,39.38,True
ORD-003422,2025-07-28,MTY-01,Norte,Online,Deportes,Mochila deportiva,2,732.06,0.0,343.6,Nuevo,Tarjeta,False,5,1464.12,0.0,1464.12,687.2,776.92,53.06,False
ORD-003575,2025-07-28,CAN-01,Sureste,Tienda,Electrónica,Audífonos Bluetooth,3,701.1,0.0,380.29,Empresa,Efectivo,False,5,2103.3,0.0,2103.3,1140.87,962.43,45.76,False
ORD-000485,2025-07-29,GDL-02,Occidente,Tienda,Electrónica,Audífonos Bluetooth,6,692.41,0.1,380.5,Nuevo,Tarjeta,False,3,4154.46,415.45,3739.01,2283.0,1456.01,38.94,False
ORD-000777,2025-07-29,VER-01,Golfo,Tienda,Deportes,Mancuernas 10 kg,6,922.97,0.05,519.98,Nuevo,Tarjeta,False,5,5537.82,276.89,5260.93,3119.88,2141.05,40.7,False
ORD-001106,2025-07-29,VER-01,Golfo,Online,Hogar,Cafetera programable,2,1526.7,0.1,872.89,Recurrente,Tarjeta,False,5,3053.4,305.34,2748.06,1745.78,1002.28,36.47,False
ORD-001773,2025-07-29,VER-01,Golfo,Tienda,Deportes,Tapete de yoga,2,374.4,0.0,160.24,Nuevo,Efectivo,False,3,748.8,0.0,748.8,320.48,428.32,57.2,False
ORD-001959,2025-07-29,CDMX-01,Centro,Tienda,Oficina,Lámpara LED,2,550.75,0.2,244.4,Recurrente,Transferencia,False,5,1101.5,220.3,881.2,488.8,392.4,44.53,False
ORD-002136,2025-07-29,CDMX-02,Centro,Online,Oficina,Lámpara LED,1,543.11,0.0,237.85,Nuevo,Tarjeta,False,5,543.11,0.0,543.11,237.85,305.26,56.21,False
ORD-002315,2025-07-29,MTY-02,Norte,Online,Hogar,Juego de sábanas,4,650.43,0.0,305.65,Empresa,Transferencia,False,4,2601.72,0.0,2601.72,1222.6,1379.12,53.01,False
ORD-002802,2025-07-29,VER-01,Golfo,Tienda,Deportes,Tapete de yoga,2,387.83,0.1,163.1,Recurrente,Tarjeta,False,2,775.66,77.57,698.09,326.2,371.89,53.27,False
ORD-003097,2025-07-29,VER-01,Golfo,Tienda,Deportes,Mochila deportiva,2,743.07,0.3,338.63,Nuevo,Tarjeta,False,3,1486.14,445.84,1040.3,677.26,363.04,34.9,False
ORD-003402,2025-07-29,VER-01,Golfo,Online,Hogar,Licuadora,2,980.27,0.2,561.18,Nuevo,Transferencia,False,3,1960.54,392.11,1568.43,1122.36,446.07,28.44,False
ORD-003432,2025-07-29,CHH-01,Norte,Online,Hogar,Licuadora,1,1016.14,0.05,556.51,Empresa,Tarjeta,False,5,1016.14,50.81,965.33,556.51,408.82,42.35,False
ORD-000087,2025-07-30,CDMX-02,Centro,Tienda,Hogar,Juego de sábanas,2,654.02,0.0,310.53,Recurrente,Transferencia,False,4,1308.04,0.0,1308.04,621.06,686.98,52.52,False
ORD-000259,2025-07-30,MER-01,Sureste,Tienda,Electrónica,Teclado mecánico,1,1169.63,0.05,712.54,Recurrente,Tarjeta,True,4,1169.63,58.48,1111.15,712.54,398.61,35.87,False
ORD-000440,2025-07-30,MTY-02,Norte,Online,Deportes,Mochila deportiva,1,733.99,0.0,338.53,Empresa,Efectivo,False,5,733.99,0.0,733.99,338.53,395.46,53.88,False
ORD-000538,2025-07-30,PUE-01,Centro,Tienda,Electrónica,Monitor 24 pulgadas,3,3287.49,0.2,2347.18,Recurrente,Efectivo,False,5,9862.47,1972.49,7889.98,7041.54,848.44,10.75,True
ORD-001686,2025-07-30,GDL-02,Occidente,Tienda,Electrónica,Monitor 24 pulgadas,1,3202.57,0.1,2370.73,Recurrente,Efectivo,False,5,3202.57,320.26,2882.31,2370.73,511.58,17.75,False
ORD-001695,2025-07-30,GDL-01,Occidente,Tienda,Oficina,Organizador de escritorio,2,286.44,0.1,103.53,Nuevo,Efectivo,True,5,572.88,57.29,515.59,207.06,308.53,59.84,False
ORD-001761,2025-07-30,MTY-01,Norte,Online,Oficina,Lámpara LED,1,554.38,0.05,238.33,Nuevo,Tarjeta,False,5,554.38,27.72,526.66,238.33,288.33,54.75,False
ORD-002385,2025-07-30,VER-01,Golfo,Online,Hogar,Juego de sábanas,2,661.73,0.2,310.48,Recurrente,Tarjeta,False,4,1323.46,264.69,1058.77,620.96,437.81,41.35,False
ORD-002427,2025-07-30,CDMX-02,Centro,Tienda,Oficina,Lámpara LED,3,552.23,0.05,233.5,Nuevo,Tarjeta,False,1,1656.69,82.83,1573.86,700.5,873.36,55.49,False
ORD-002913,2025-07-30,ZAP-01,Occidente,Tienda,Oficina,Lámpara LED,1,534.76,0.15,238.77,Empresa,Tarjeta,False,3,534.76,80.21,454.55,238.77,215.78,47.47,False
ORD-003349,2025-07-30,MER-01,Sureste,Online,Deportes,Mancuernas 10 kg,1,897.05,0.15,532.4,Recurrente,Tarjeta,False,5,897.05,134.56,762.49,532.4,230.09,30.18,False
ORD-003375,2025-07-30,CDMX-01,Centro,Online,Electrónica,Monitor 24 pulgadas,3,3365.27,0.05,2358.12,Nuevo,Tarjeta,False,3,10095.81,504.79,9591.02,7074.36,2516.66,26.24,True
ORD-003406,2025-07-30,PUE-01,Centro,Online,Electrónica,Monitor 24 pulgadas,3,3305.91,0.05,2382.01,Recurrente,Efectivo,False,5,9917.73,495.89,9421.84,7146.03,2275.81,24.15,True
ORD-001192,2025-07-31,MTY-01,Norte,Online,Electrónica,Audífonos Bluetooth,1,702.39,0.05,385.81,Nuevo,Transferencia,False,3,702.39,35.12,667.27,385.81,281.46,42.18,False
ORD-001214,2025-07-31,MTY-02,Norte,Tienda,Deportes,Mochila deportiva,2,747.99,0.15,344.82,Recurrente,Tarjeta,False,3,1495.98,224.4,1271.58,689.64,581.94,45.77,False
ORD-001254,2025-07-31,CDMX-02,Centro,Online,Hogar,Licuadora,1,1019.31,0.05,563.39,Recurrente,Tarjeta,False,5,1019.31,50.97,968.34,563.39,404.95,41.82,False
ORD-001337,2025-07-31,MER-01,Sureste,Tienda,Hogar,Licuadora,1,1011.48,0.0,559.58,Nuevo,Tarjeta,False,4,1011.48,0.0,1011.48,559.58,451.9,44.68,False
ORD-001631,2025-07-31,PUE-01,Centro,Tienda,Hogar,Juego de sábanas,1,636.78,0.1,312.37,Nuevo,Efectivo,False,4,636.78,63.68,573.1,312.37,260.73,45.49,False
ORD-001979,2025-07-31,CAN-01,Sureste,Online,Electrónica,Audífonos Bluetooth,2,669.7,0.3,376.08,Recurrente,Tarjeta,True,5,1339.4,401.82,937.58,752.16,185.42,19.78,False
ORD-000064,2025-08-01,CHH-01,Norte,Tienda,Oficina,Organizador de escritorio,4,294.89,0.0,106.67,Recurrente,Tarjeta,False,3,1179.56,0.0,1179.56,426.68,752.88,63.83,False
ORD-000211,2025-08-01,PUE-01,Centro,Tienda,Hogar,Juego de sábanas,1,637.54,0.15,311.7,Recurrente,Efectivo,False,4,637.54,95.63,541.91,311.7,230.21,42.48,False
ORD-001123,2025-08-01,CHH-01,Norte,Tienda,Oficina,Lámpara LED,1,546.75,0.3,236.13,Recurrente,Efectivo,True,5,546.75,164.02,382.73,236.13,146.6,38.3,False
ORD-001684,2025-08-01,GDL-02,Occidente,Tienda,Electrónica,Teclado mecánico,2,1195.82,0.15,721.08,Recurrente,Tarjeta,False,2,2391.64,358.75,2032.89,1442.16,590.73,29.06,False
ORD-001876,2025-08-01,ZAP-01,Occidente,Tienda,Electrónica,Monitor 24 pulgadas,3,3275.94,0.2,2353.36,Recurrente,Tarjeta,False,3,9827.82,1965.56,7862.26,7060.08,802.18,10.2,True
ORD-002628,2025-08-01,CAN-01,Sureste,Online,Electrónica,Teclado mecánico,1,1167.96,0.0,715.5,Empresa,Tarjeta,False,4,1167.96,0.0,1167.96,715.5,452.46,38.74,False
ORD-002761,2025-08-01,MTY-01,Norte,Tienda,Electrónica,Monitor 24 pulgadas,4,3295.88,0.0,2366.13,Recurrente,Efectivo,False,4,13183.52,0.0,13183.52,9464.52,3719.0,28.21,True
ORD-003083,2025-08-01,MER-01,Sureste,Tienda,Deportes,Tapete de yoga,4,415.0,0.05,160.75,Recurrente,Efectivo,False,4,1660.0,83.0,1577.0,643.0,934.0,59.23,False
ORD-003135,2025-08-01,CHH-01,Norte,Tienda,Deportes,Mochila deportiva,5,745.09,0.0,351.16,Recurrente,Tarjeta,False,5,3725.45,0.0,3725.45,1755.8,1969.65,52.87,False
ORD-003578,2025-08-01,CHH-01,Norte,Tienda,Electrónica,Audífonos Bluetooth,2,683.3,0.1,393.87,Recurrente,Tarjeta,False,5,1366.6,136.66,1229.94,787.74,442.2,35.95,False
ORD-000035,2025-08-02,CAN-01,Sureste,Tienda,Oficina,Silla ergonómica,1,2912.88,0.15,1804.29,Nuevo,Tarjeta,False,2,2912.88,436.93,2475.95,1804.29,671.66,27.13,False
ORD-000062,2025-08-02,PUE-01,Centro,Tienda,Oficina,Lámpara LED,3,536.11,0.2,240.17,Nuevo,Tarjeta,False,5,1608.33,321.67,1286.66,720.51,566.15,44.0,False
ORD-000075,2025-08-02,CDMX-02,Centro,Tienda,Oficina,Lámpara LED,2,569.98,0.3,241.11,Nuevo,Efectivo,False,5,1139.96,341.99,797.97,482.22,315.75,39.57,False
ORD-000463,2025-08-02,MTY-02,Norte,Tienda,Deportes,Mancuernas 10 kg,2,963.54,0.1,528.34,Recurrente,Efectivo,False,3,1927.08,192.71,1734.37,1056.68,677.69,39.07,False
ORD-001636,2025-08-02,PUE-01,Centro,Tienda,Deportes,Tapete de yoga,2,394.74,0.1,161.21,Recurrente,Tarjeta,False,2,789.48,78.95,710.53,322.42,388.11,54.62,False
ORD-002027,2025-08-02,MTY-01,Norte,Tienda,Hogar,Juego de sábanas,2,664.82,0.0,308.88,Empresa,Tarjeta,False,3,1329.64,0.0,1329.64,617.76,711.88,53.54,False
ORD-002181,2025-08-02,CHH-01,Norte,Tienda,Oficina,Silla ergonómica,1,2973.84,0.15,1837.95,Nuevo,Tarjeta,False,4,2973.84,446.08,2527.76,1837.95,689.81,27.29,False
ORD-002610,2025-08-02,MTY-02,Norte,Tienda,Hogar,Licuadora,1,993.53,0.0,572.44,Nuevo,Efectivo,False,3,993.53,0.0,993.53,572.44,421.09,42.38,False
ORD-002725,2025-08-02,MER-01,Sureste,Tienda,Deportes,Mancuernas 10 kg,2,892.22,0.0,528.11,Recurrente,Efectivo,False,5,1784.44,0.0,1784.44,1056.22,728.22,40.81,False
ORD-002981,2025-08-02,CDMX-02,Centro,Tienda,Deportes,Mancuernas 10 kg,1,947.81,0.0,521.44,Empresa,Tarjeta,False,4,947.81,0.0,947.81,521.44,426.37,44.98,False
ORD-003389,2025-08-02,GDL-02,Occidente,Tienda,Deportes,Mochila deportiva,3,710.56,0.05,342.18,Recurrente,Transferencia,True,5,2131.68,106.58,2025.1,1026.54,998.56,49.31,False
ORD-000392,2025-08-03,GDL-02,Occidente,Tienda,Deportes,Mancuernas 10 kg,4,901.17,0.15,535.01,Recurrente,Efectivo,False,5,3604.68,540.7,3063.98,2140.04,923.94,30.15,False
ORD-000396,2025-08-03,MTY-02,Norte,Tienda,Hogar,Cafetera programable,3,1485.61,0.1,871.53,Nuevo,Tarjeta,False,5,4456.83,445.68,4011.15,2614.59,1396.56,34.82,False
ORD-000808,2025-08-03,MER-01,Sureste,Online,Hogar,Cafetera programable,3,1494.75,0.2,864.04,Nuevo,Tarjeta,False,4,4484.25,896.85,3587.4,2592.12,995.28,27.74,False
ORD-001345,2025-08-03,VER-01,Golfo,Tienda,Deportes,Mancuernas 10 kg,2,869.06,0.1,528.17,Nuevo,Efectivo,False,4,1738.12,173.81,1564.31,1056.34,507.97,32.47,False
ORD-002441,2025-08-03,MTY-02,Norte,Tienda,Hogar,Licuadora,2,992.93,0.0,548.64,Nuevo,Tarjeta,False,3,1985.86,0.0,1985.86,1097.28,888.58,44.75,False
ORD-003137,2025-08-03,MTY-01,Norte,Tienda,Electrónica,Audífonos Bluetooth,1,694.39,0.05,379.51,Empresa,Transferencia,False,5,694.39,34.72,659.67,379.51,280.16,42.47,False
ORD-000197,2025-08-04,MER-01,Sureste,Tienda,Electrónica,Audífonos Bluetooth,1,711.83,0.0,392.53,Nuevo,Transferencia,False,4,711.83,0.0,711.83,392.53,319.3,44.86,False
ORD-000687,2025-08-04,CDMX-02,Centro,Tienda,Electrónica,Audífonos Bluetooth,1,677.06,0.05,382.6,Recurrente,Transferencia,False,4,677.06,33.85,643.21,382.6,260.61,40.52,False
ORD-001120,2025-08-04,CAN-01,Sureste,Online,Deportes,Tapete de yoga,1,406.38,0.1,160.75,Recurrente,Efectivo,False,3,406.38,40.64,365.74,160.75,204.99,56.05,False
ORD-001456,2025-08-04,GDL-01,Occidente,Tienda,Electrónica,Monitor 24 pulgadas,3,3377.07,0.1,2379.3,Recurrente,Efectivo,False,3,10131.21,1013.12,9118.09,7137.9,1980.19,21.72,True
ORD-001630,2025-08-04,GDL-01,Occidente,Tienda,Electrónica,Teclado mecánico,1,1202.67,0.05,729.59,Nuevo,Efectivo,False,2,1202.67,60.13,1142.54,729.59,412.95,36.14,False
ORD-001644,2025-08-04,GDL-01,Occidente,Tienda,Deportes,Mancuernas 10 kg,1,914.98,0.1,518.2,Empresa,Tarjeta,False,5,914.98,91.5,823.48,518.2,305.28,37.07,False
ORD-001883,2025-08-04,VER-01,Golfo,Tienda,Oficina,Silla ergonómica,2,2799.23,0.1,1838.18,Empresa,Tarjeta,False,5,5598.46,559.85,5038.61,3676.36,1362.25,27.04,False
ORD-002126,2025-08-04,MER-01,Sureste,Tienda,Electrónica,Audífonos Bluetooth,1,692.26,0.15,386.0,Recurrente,Tarjeta,False,5,692.26,103.84,588.42,386.0,202.42,34.4,False
ORD-002501,2025-08-04,CDMX-02,Centro,Online,Deportes,Tapete de yoga,4,417.75,0.15,160.81,Empresa,Efectivo,True,4,1671.0,250.65,1420.35,643.24,777.11,54.71,False
ORD-002755,2025-08-04,GDL-02,Occidente,Tienda,Electrónica,Audífonos Bluetooth,1,694.24,0.05,390.42,Nuevo,Tarjeta,False,4,694.24,34.71,659.53,390.42,269.11,40.8,False
ORD-002860,2025-08-04,ZAP-01,Occidente,Tienda,Hogar,Cafetera programable,2,1466.53,0.05,861.08,Recurrente,Efectivo,False,3,2933.06,146.65,2786.41,1722.16,1064.25,38.19,False
ORD-003038,2025-08-04,CHH-01,Norte,Tienda,Hogar,Cafetera programable,1,1500.16,0.0,850.24,Recurrente,Efectivo,False,4,1500.16,0.0,1500.16,850.24,649.92,43.32,False
ORD-003139,2025-08-04,GDL-02,Occidente,Tienda,Deportes,Tapete de yoga,2,400.87,0.0,163.39,Nuevo,Tarjeta,False,5,801.74,0.0,801.74,326.78,474.96,59.24,False
ORD-003235,2025-08-04,PUE-01,Centro,Tienda,Hogar,Licuadora,1,1020.64,0.05,554.59,Nuevo,Efectivo,False,5,1020.64,51.03,969.61,554.59,415.02,42.8,False
ORD-003373,2025-08-04,CDMX-01,Centro,Online,Hogar,Juego de sábanas,1,653.45,0.0,313.85,Nuevo,Efectivo,False,3,653.45,0.0,653.45,313.85,339.6,51.97,False
ORD-000563,2025-08-05,GDL-01,Occidente,Tienda,Oficina,Lámpara LED,1,559.64,0.3,248.27,Nuevo,Tarjeta,False,4,559.64,167.89,391.75,248.27,143.48,36.63,False
ORD-000645,2025-08-05,GDL-02,Occidente,Tienda,Hogar,Juego de sábanas,2,647.45,0.1,311.13,Empresa,Tarjeta,False,5,1294.9,129.49,1165.41,622.26,543.15,46.61,False
ORD-001850,2025-08-05,GDL-02,Occidente,Online,Deportes,Tapete de yoga,1,403.47,0.05,158.45,Nuevo,Tarjeta,False,4,403.47,20.17,383.3,158.45,224.85,58.66,False
ORD-002230,2025-08-05,CAN-01,Sureste,Tienda,Deportes,Mancuernas 10 kg,1,908.75,0.2,525.35,Recurrente,Tarjeta,False,5,908.75,181.75,727.0,525.35,201.65,27.74,False
ORD-002433,2025-08-05,VER-01,Golfo,Tienda,Oficina,Organizador de escritorio,4,295.3,0.2,104.74,Recurrente,Transferencia,False,4,1181.2,236.24,944.96,418.96,526.0,55.66,False
ORD-002493,2025-08-05,ZAP-01,Occidente,Tienda,Hogar,Juego de sábanas,3,647.79,0.2,316.11,Recurrente,Tarjeta,False,2,1943.37,388.67,1554.7,948.33,606.37,39.0,False
ORD-002890,2025-08-05,GDL-01,Occidente,Tienda,Electrónica,Monitor 24 pulgadas,6,3368.22,0.05,2359.72,Nuevo,Tarjeta,False,4,20209.32,1010.47,19198.85,14158.32,5040.53,26.25,True
ORD-003017,2025-08-05,CAN-01,Sureste,Online,Hogar,Cafetera programable,1,1522.07,0.05,861.66,Nuevo,Tarjeta,False,4,1522.07,76.1,1445.97,861.66,584.31,40.41,False
ORD-003492,2025-08-05,VER-01,Golfo,Online,Hogar,Licuadora,2,1024.23,0.0,566.76,Nuevo,Tarjeta,False,5,2048.46,0.0,2048.46,1133.52,914.94,44.66,False
ORD-000461,2025-08-06,CDMX-02,Centro,Online,Oficina,Silla ergonómica,3,2869.35,0.0,1741.8,Recurrente,Efectivo,False,3,8608.05,0.0,8608.05,5225.4,3382.65,39.3,True
ORD-000607,2025-08-06,MER-01,Sureste,Tienda,Electrónica,Teclado mecánico,2,1185.44,0.0,709.91,Nuevo,Transferencia,False,4,2370.88,0.0,2370.88,1419.82,951.06,40.11,False
ORD-001510,2025-08-06,MTY-02,Norte,Tienda,Electrónica,Teclado mecánico,2,1210.3,0.1,720.11,Nuevo,Tarjeta,False,3,2420.6,242.06,2178.54,1440.22,738.32,33.89,False
ORD-001869,2025-08-06,MTY-02,Norte,Online,Deportes,Tapete de yoga,6,413.55,0.2,159.22,Recurrente,Transferencia,False,2,2481.3,496.26,1985.04,955.32,1029.72,51.87,False
ORD-002830,2025-08-06,MER-01,Sureste,Tienda,Oficina,Organizador de escritorio,3,296.28,0.1,105.31,Recurrente,Tarjeta,False,4,888.84,88.88,799.96,315.93,484.03,60.51,False
ORD-003462,2025-08-06,VER-01,Golfo,Tienda,Electrónica,Teclado mecánico,1,1150.4,0.0,737.78,Nuevo,Tarjeta,False,4,1150.4,0.0,1150.4,737.78,412.62,35.87,False
ORD-000233,2025-08-07,GDL-01,Occidente,Tienda,Electrónica,Teclado mecánico,3,1179.63,0.1,716.32,Recurrente,Tarjeta,False,4,3538.89,353.89,3185.0,2148.96,1036.04,32.53,False
ORD-000993,2025-08-07,CHH-01,Norte,Online,Hogar,Cafetera programable,4,1498.75,0.05,871.89,Recurrente,Efectivo,False,4,5995.0,299.75,5695.25,3487.56,2207.69,38.76,False
ORD-001083,2025-08-07,GDL-02,Occidente,Online,Oficina,Silla ergonómica,2,2974.64,0.0,1805.7,Empresa,Tarjeta,False,4,5949.28,0.0,5949.28,3611.4,2337.88,39.3,False
ORD-002153,2025-08-07,VER-01,Golfo,Tienda,Oficina,Organizador de escritorio,3,281.49,0.0,103.46,Recurrente,Tarjeta,False,3,844.47,0.0,844.47,310.38,534.09,63.25,False
ORD-002240,2025-08-07,ZAP-01,Occidente,Tienda,Electrónica,Teclado mecánico,3,1192.55,0.05,707.02,Empresa,Transferencia,False,4,3577.65,178.88,3398.77,2121.06,1277.71,37.59,False
ORD-003379,2025-08-07,MER-01,Sureste,Tienda,Deportes,Tapete de yoga,1,411.33,0.0,160.15,Nuevo,Efectivo,False,3,411.33,0.0,411.33,160.15,251.18,61.07,False
ORD-003486,2025-08-07,PUE-01,Centro,Online,Electrónica,Audífonos Bluetooth,4,712.61,0.1,379.85,Empresa,Efectivo,False,4,2850.44,285.04,2565.4,1519.4,1046.0,40.77,False
ORD-000025,2025-08-08,MTY-01,Norte,Tienda,Hogar,Cafetera programable,1,1439.32,0.1,873.24,Recurrente,Tarjeta,False,3,1439.32,143.93,1295.39,873.24,422.15,32.59,False
ORD-000185,2025-08-08,MTY-02,Norte,Tienda,Deportes,Mancuernas 10 kg,4,901.31,0.15,511.67,Recurrente,Tarjeta,False,4,3605.24,540.79,3064.45,2046.68,1017.77,33.21,False
ORD-000294,2025-08-08,MTY-02,Norte,Tienda,Oficina,Organizador de escritorio,2,277.19,0.1,104.58,Recurrente,Tarjeta,False,3,554.38,55.44,498.94,209.16,289.78,58.08,False
ORD-000479,2025-08-08,GDL-01,Occidente,Online,Deportes,Mancuernas 10 kg,2,903.12,0.1,523.93,Recurrente,Tarjeta,False,4,1806.24,180.62,1625.62,1047.86,577.76,35.54,False
ORD-001003,2025-08-08,CDMX-02,Centro,Online,Hogar,Juego de sábanas,3,636.83,0.1,314.89,Nuevo,Transferencia,False,5,1910.49,191.05,1719.44,944.67,774.77,45.06,False
ORD-001094,2025-08-08,CHH-01,Norte,Tienda,Electrónica,Teclado mecánico,2,1181.75,0.05,722.69,Empresa,Tarjeta,False,1,2363.5,118.18,2245.32,1445.38,799.94,35.63,False
ORD-001260,2025-08-08,GDL-01,Occidente,Tienda,Hogar,Cafetera programable,2,1492.47,0.1,871.82,Recurrente,Efectivo,False,5,2984.94,298.49,2686.45,1743.64,942.81,35.1,False
ORD-001885,2025-08-08,CDMX-02,Centro,Tienda,Deportes,Mochila deportiva,3,730.19,0.15,350.25,Nuevo,Efectivo,False,2,2190.57,328.59,1861.98,1050.75,811.23,43.57,False
ORD-001886,2025-08-08,GDL-01,Occidente,Online,Deportes,Tapete de yoga,4,383.94,0.05,157.24,Nuevo,Tarjeta,False,5,1535.76,76.79,1458.97,628.96,830.01,56.89,False
ORD-001893,2025-08-08,ZAP-01,Occidente,Tienda,Electrónica,Monitor 24 pulgadas,2,3343.56,0.05,2371.71,Recurrente,Tarjeta,False,5,6687.12,334.36,6352.76,4743.42,1609.34,25.33,True
ORD-003160,2025-08-08,GDL-01,Occidente,Tienda,Electrónica,Monitor 24 pulgadas,2,3327.88,0.05,2329.56,Nuevo,Tarjeta,True,3,6655.76,332.79,6322.97,4659.12,1663.85,26.31,True
ORD-003195,2025-08-08,GDL-01,Occidente,Online,Electrónica,Teclado mecánico,2,1235.62,0.1,723.57,Recurrente,Tarjeta,False,4,2471.24,247.12,2224.12,1447.14,776.98,34.93,False
ORD-003353,2025-08-08,MTY-01,Norte,Tienda,Electrónica,Audífonos Bluetooth,3,707.89,0.0,402.56,Nuevo,Tarjeta,False,5,2123.67,0.0,2123.67,1207.68,915.99,43.13,False
ORD-003525,2025-08-08,MTY-02,Norte,Tienda,Hogar,Cafetera programable,1,1433.9,0.0,880.92,Nuevo,Tarjeta,False,5,1433.9,0.0,1433.9,880.92,552.98,38.56,False
ORD-001521,2025-08-09,MER-01,Sureste,Online,Oficina,Lámpara LED,3,550.59,0.1,237.62,Nuevo,Tarjeta,False,3,1651.77,165.18,1486.59,712.86,773.73,52.05,False
ORD-002192,2025-08-09,GDL-02,Occidente,Online,Deportes,Mochila deportiva,2,744.49,0.0,335.63,Nuevo,Tarjeta,False,4,1488.98,0.0,1488.98,671.26,817.72,54.92,False
ORD-002245,2025-08-09,VER-01,Golfo,Tienda,Hogar,Cafetera programable,1,1444.77,0.0,887.72,Recurrente,Efectivo,True,5,1444.77,0.0,1444.77,887.72,557.05,38.56,False
ORD-002382,2025-08-09,MTY-02,Norte,Tienda,Hogar,Licuadora,1,1003.06,0.1,555.22,Nuevo,Efectivo,False,3,1003.06,100.31,902.75,555.22,347.53,38.5,False
ORD-002608,2025-08-09,MTY-02,Norte,Tienda,Deportes,Tapete de yoga,3,402.03,0.1,160.53,Recurrente,Tarjeta,False,5,1206.09,120.61,1085.48,481.59,603.89,55.63,False
ORD-002742,2025-08-09,GDL-01,Occidente,Tienda,Hogar,Cafetera programable,2,1517.95,0.05,854.1,Nuevo,Tarjeta,False,2,3035.9,151.8,2884.1,1708.2,1175.9,40.77,False
ORD-002775,2025-08-09,MTY-01,Norte,Tienda,Hogar,Cafetera programable,3,1514.47,0.0,876.12,Recurrente,Tarjeta,True,4,4543.41,0.0,4543.41,2628.36,1915.05,42.15,False
ORD-002878,2025-08-09,CDMX-02,Centro,Tienda,Hogar,Licuadora,2,980.63,0.0,570.2,Nuevo,Efectivo,False,3,1961.26,0.0,1961.26,1140.4,820.86,41.85,False
ORD-003021,2025-08-09,CHH-01,Norte,Tienda,Hogar,Cafetera programable,1,1454.61,0.1,863.7,Recurrente,Tarjeta,False,4,1454.61,145.46,1309.15,863.7,445.45,34.03,False
ORD-003173,2025-08-09,PUE-01,Centro,Tienda,Electrónica,Audífonos Bluetooth,2,706.04,0.15,390.71,Recurrente,Tarjeta,False,5,1412.08,211.81,1200.27,781.42,418.85,34.9,False
ORD-000103,2025-08-10,PUE-01,Centro,Tienda,Hogar,Licuadora,1,1022.04,0.15,566.7,Nuevo,Tarjeta,True,1,1022.04,153.31,868.73,566.7,302.03,34.77,False
ORD-000126,2025-08-10,MTY-02,Norte,Online,Hogar,Juego de sábanas,1,666.82,0.1,309.94,Nuevo,Tarjeta,False,4,666.82,66.68,600.14,309.94,290.2,48.36,False
ORD-000235,2025-08-10,MTY-02,Norte,Tienda,Electrónica,Monitor 24 pulgadas,1,3365.93,0.15,2337.21,Recurrente,Efectivo,False,4,3365.93,504.89,2861.04,2337.21,523.83,18.31,False
ORD-000695,2025-08-10,MER-01,Sureste,Tienda,Oficina,Silla ergonómica,2,2858.52,0.2,1848.28,Empresa,Tarjeta,False,1,5717.04,1143.41,4573.63,3696.56,877.07,19.18,False
ORD-001116,2025-08-10,ZAP-01,Occidente,Online,Deportes,Mochila deportiva,1,789.97,0.3,335.74,Recurrente,Tarjeta,False,4,789.97,236.99,552.98,335.74,217.24,39.29,False
ORD-001262,2025-08-10,MTY-02,Norte,Tienda,Electrónica,Audífonos Bluetooth,2,701.64,0.15,379.45,Empresa,Efectivo,False,5,1403.28,210.49,1192.79,758.9,433.89,36.38,False
ORD-001706,2025-08-10,CHH-01,Norte,Online,Deportes,Mochila deportiva,3,750.74,0.0,331.66,Recurrente,Efectivo,False,4,2252.22,0.0,2252.22,994.98,1257.24,55.82,False
ORD-002510,2025-08-10,MTY-02,Norte,Tienda,Deportes,Mancuernas 10 kg,2,877.04,0.05,519.19,Recurrente,Transferencia,False,3,1754.08,87.7,1666.38,1038.38,628.0,37.69,False
ORD-000506,2025-08-11,CHH-01,Norte,Tienda,Electrónica,Monitor 24 pulgadas,2,3466.02,0.0,2333.9,Empresa,Tarjeta,False,4,6932.04,0.0,6932.04,4667.8,2264.24,32.66,True
ORD-001022,2025-08-11,PUE-01,Centro,Tienda,Hogar,Juego de sábanas,1,631.64,0.05,304.87,Nuevo,Efectivo,False,5,631.64,31.58,600.06,304.87,295.19,49.19,False
ORD-001040,2025-08-11,ZAP-01,Occidente,Tienda,Electrónica,Audífonos Bluetooth,1,720.17,0.05,391.75,Recurrente,Tarjeta,False,4,720.17,36.01,684.16,391.75,292.41,42.74,False
ORD-001306,2025-08-11,VER-01,Golfo,Tienda,Electrónica,Audífonos Bluetooth,1,680.35,0.0,390.04,Nuevo,Tarjeta,False,5,680.35,0.0,680.35,390.04,290.31,42.67,False
ORD-001502,2025-08-11,MTY-01,Norte,Online,Oficina,Organizador de escritorio,1,291.29,0.1,107.19,Nuevo,Tarjeta,False,2,291.29,29.13,262.16,107.19,154.97,59.11,False
ORD-001679,2025-08-11,MTY-02,Norte,Tienda,Electrónica,Monitor 24 pulgadas,1,3310.03,0.1,2371.81,Recurrente,Tarjeta,False,4,3310.03,331.0,2979.03,2371.81,607.22,20.38,False
ORD-001814,2025-08-11,PUE-01,Centro,Online,Deportes,Tapete de yoga,2,398.39,0.3,159.94,Recurrente,Efectivo,False,4,796.78,239.03,557.75,319.88,237.87,42.65,False
ORD-001880,2025-08-11,ZAP-01,Occidente,Tienda,Deportes,Mochila deportiva,2,746.39,0.1,335.23,Recurrente,Efectivo,False,3,1492.78,149.28,1343.5,670.46,673.04,50.1,False
ORD-001905,2025-08-11,GDL-01,Occidente,Tienda,Oficina,Organizador de escritorio,3,284.92,0.05,104.65,Nuevo,Tarjeta,False,3,854.76,42.74,812.02,313.95,498.07,61.34,False
ORD-002043,2025-08-11,MTY-01,Norte,Tienda,Deportes,Mochila deportiva,2,729.44,0.05,333.12,Recurrente,Tarjeta,False,5,1458.88,72.94,1385.94,666.24,719.7,51.93,False
ORD-002112,2025-08-11,CAN-01,Sureste,Tienda,Deportes,Tapete de yoga,5,396.0,0.15,159.71,Nuevo,Tarjeta,False,4,1980.0,297.0,1683.0,798.55,884.45,52.55,False
ORD-002265,2025-08-11,GDL-01,Occidente,Tienda,Deportes,Tapete de yoga,2,376.35,0.2,158.58,Recurrente,Tarjeta,False,3,752.7,150.54,602.16,317.16,285.0,47.33,False
ORD-002291,2025-08-11,MTY-02,Norte,Online,Oficina,Silla ergonómica,3,2936.99,0.15,1840.92,Recurrente,Efectivo,False,4,8810.97,1321.65,7489.32,5522.76,1966.56,26.26,True
ORD-003307,2025-08-11,CAN-01,Sureste,Tienda,Deportes,Tapete de yoga,2,394.11,0.0,160.43,Recurrente,Tarjeta,True,3,788.22,0.0,788.22,320.86,467.36,59.29,False
ORD-000119,2025-08-12,MER-01,Sureste,Tienda,Hogar,Juego de sábanas,3,661.41,0.1,308.17,Nuevo,Efectivo,False,5,1984.23,198.42,1785.81,924.51,861.3,48.23,False
ORD-001313,2025-08-12,GDL-02,Occidente,Tienda,Deportes,Mancuernas 10 kg,1,917.67,0.1,503.48,Nuevo,Tarjeta,False,4,917.67,91.77,825.9,503.48,322.42,39.04,False
ORD-001331,2025-08-12,PUE-01,Centro,Tienda,Oficina,Organizador de escritorio,2,297.02,0.1,105.47,Nuevo,Tarjeta,True,5,594.04,59.4,534.64,210.94,323.7,60.55,False
ORD-001559,2025-08-12,ZAP-01,Occidente,Tienda,Electrónica,Audífonos Bluetooth,3,671.7,0.1,379.07,Empresa,Tarjeta,False,5,2015.1,201.51,1813.59,1137.21,676.38,37.3,False
ORD-001931,2025-08-12,MTY-01,Norte,Online,Oficina,Silla ergonómica,3,2763.84,0.1,1821.46,Recurrente,Tarjeta,False,5,8291.52,829.15,7462.37,5464.38,1997.99,26.77,True
ORD-002006,2025-08-12,CDMX-01,Centro,Tienda,Oficina,Organizador de escritorio,1,274.15,0.3,107.5,Recurrente,Tarjeta,False,4,274.15,82.24,191.91,107.5,84.41,43.98,False
ORD-002335,2025-08-12,MER-01,Sureste,Online,Oficina,Silla ergonómica,1,2904.63,0.2,1838.59,Recurrente,Efectivo,False,3,2904.63,580.93,2323.7,1838.59,485.11,20.88,False
ORD-002497,2025-08-12,MER-01,Sureste,Tienda,Electrónica,Monitor 24 pulgadas,3,3337.09,0.2,2332.94,Empresa,Efectivo,False,4,10011.27,2002.25,8009.02,6998.82,1010.2,12.61,True
ORD-003011,2025-08-12,GDL-01,Occidente,Tienda,Oficina,Organizador de escritorio,5,284.05,0.05,107.48,Recurrente,Efectivo,False,2,1420.25,71.01,1349.24,537.4,811.84,60.17,False
ORD-000143,2025-08-13,MTY-01,Norte,Tienda,Hogar,Juego de sábanas,1,641.38,0.0,314.67,Empresa,Tarjeta,False,5,641.38,0.0,641.38,314.67,326.71,50.94,False
ORD-001906,2025-08-13,CDMX-02,Centro,Tienda,Electrónica,Teclado mecánico,3,1163.31,0.05,720.72,Nuevo,Tarjeta,False,2,3489.93,174.5,3315.43,2162.16,1153.27,34.78,False
ORD-002107,2025-08-13,MTY-02,Norte,Online,Electrónica,Audífonos Bluetooth,3,669.75,0.15,397.98,Nuevo,Transferencia,False,4,2009.25,301.39,1707.86,1193.94,513.92,30.09,False
ORD-002994,2025-08-13,CDMX-02,Centro,Tienda,Deportes,Tapete de yoga,1,401.83,0.05,162.47,Nuevo,Efectivo,False,5,401.83,20.09,381.74,162.47,219.27,57.44,False
ORD-000090,2025-08-14,ZAP-01,Occidente,Tienda,Electrónica,Audífonos Bluetooth,3,703.17,0.05,379.81,Recurrente,Tarjeta,False,2,2109.51,105.48,2004.03,1139.43,864.6,43.14,False
ORD-001941,2025-08-14,CDMX-01,Centro,Tienda,Hogar,Juego de sábanas,1,649.54,0.1,311.82,Recurrente,Efectivo,False,3,649.54,64.95,584.59,311.82,272.77,46.66,False
ORD-002945,2025-08-14,VER-01,Golfo,Online,Oficina,Lámpara LED,2,531.19,0.0,234.47,Nuevo,Tarjeta,False,3,1062.38,0.0,1062.38,468.94,593.44,55.86,False
ORD-000720,2025-08-15,CDMX-02,Centro,Tienda,Electrónica,Monitor 24 pulgadas,6,3306.23,0.0,2302.46,Nuevo,Transferencia,False,5,19837.38,0.0,19837.38,13814.76,6022.62,30.36,True
ORD-001097,2025-08-15,MTY-02,Norte,Online,Hogar,Cafetera programable,2,1376.01,0.15,884.99,Recurrente,Tarjeta,False,4,2752.02,412.8,2339.22,1769.98,569.24,24.33,False
ORD-001704,2025-08-15,CAN-01,Sureste,Online,Oficina,Organizador de escritorio,1,276.77,0.1,103.09,Empresa,Tarjeta,False,4,276.77,27.68,249.09,103.09,146.0,58.61,False
ORD-001986,2025-08-15,CHH-01,Norte,Tienda,Hogar,Licuadora,1,1001.14,0.15,553.51,Empresa,Tarjeta,False,5,1001.14,150.17,850.97,553.51,297.46,34.96,False
ORD-002139,2025-08-15,PUE-01,Centro,Tienda,Oficina,Organizador de escritorio,1,289.89,0.0,104.12,Nuevo,Tarjeta,False,4,289.89,0.0,289.89,104.12,185.77,64.08,False
ORD-002221,2025-08-15,MTY-02,Norte,Online,Deportes,Mancuernas 10 kg,2,904.04,0.15,514.27,Nuevo,Transferencia,False,4,1808.08,271.21,1536.87,1028.54,508.33,33.08,False
ORD-002352,2025-08-15,CDMX-01,Centro,Tienda,Oficina,Silla ergonómica,2,2805.08,0.1,1834.0,Recurrente,Efectivo,False,4,5610.16,561.02,5049.14,3668.0,1381.14,27.35,False
ORD-002531,2025-08-15,VER-01,Golfo,Online,Electrónica,Teclado mecánico,2,1254.82,0.05,713.38,Recurrente,Tarjeta,False,5,2509.64,125.48,2384.16,1426.76,957.4,40.16,False
ORD-002877,2025-08-15,CHH-01,Norte,Online,Electrónica,Teclado mecánico,1,1244.69,0.15,710.77,Recurrente,Tarjeta,False,2,1244.69,186.7,1057.99,710.77,347.22,32.82,False
ORD-003138,2025-08-15,VER-01,Golfo,Online,Hogar,Juego de sábanas,1,646.09,0.0,316.01,Nuevo,Tarjeta,False,5,646.09,0.0,646.09,316.01,330.08,51.09,False
ORD-003529,2025-08-15,MTY-02,Norte,Tienda,Oficina,Organizador de escritorio,1,291.8,0.1,104.09,Nuevo,Tarjeta,False,3,291.8,29.18,262.62,104.09,158.53,60.36,False
ORD-000188,2025-08-16,GDL-01,Occidente,Tienda,Oficina,Lámpara LED,1,553.9,0.2,236.79,Recurrente,Efectivo,False,5,553.9,110.78,443.12,236.79,206.33,46.56,False
ORD-000343,2025-08-16,MTY-01,Norte,Tienda,Electrónica,Audífonos Bluetooth,6,701.19,0.0,389.35,Recurrente,Tarjeta,False,4,4207.14,0.0,4207.14,2336.1,1871.04,44.47,False
ORD-000706,2025-08-16,MTY-01,Norte,Tienda,Oficina,Organizador de escritorio,1,287.95,0.2,104.15,Recurrente,Tarjeta,False,2,287.95,57.59,230.36,104.15,126.21,54.79,False
ORD-001198,2025-08-16,GDL-02,Occidente,Tienda,Oficina,Lámpara LED,1,540.54,0.0,241.38,Recurrente,Tarjeta,False,4,540.54,0.0,540.54,241.38,299.16,55.34,False
ORD-001297,2025-08-16,MER-01,Sureste,Tienda,Hogar,Juego de sábanas,1,663.18,0.05,313.56,Empresa,Efectivo,False,4,663.18,33.16,630.02,313.56,316.46,50.23,False
ORD-001781,2025-08-16,MTY-02,Norte,Tienda,Hogar,Licuadora,3,1002.86,0.05,566.94,Recurrente,Efectivo,False,2,3008.58,150.43,2858.15,1700.82,1157.33,40.49,False
ORD-001938,2025-08-16,CDMX-01,Centro,Tienda,Oficina,Organizador de escritorio,2,283.85,0.05,106.09,Nuevo,Efectivo,False,4,567.7,28.39,539.31,212.18,327.13,60.66,False
ORD-001975,2025-08-16,MTY-02,Norte,Online,Electrónica,Monitor 24 pulgadas,2,3262.83,0.0,2333.09,Recurrente,Efectivo,True,4,6525.66,0.0,6525.66,4666.18,1859.48,28.49,True
ORD-002792,2025-08-16,PUE-01,Centro,Tienda,Oficina,Lámpara LED,6,555.21,0.0,238.92,Recurrente,Tarjeta,False,3,3331.26,0.0,3331.26,1433.52,1897.74,56.97,False
ORD-000492,2025-08-17,GDL-01,Occidente,Tienda,Deportes,Tapete de yoga,2,412.62,0.0,157.38,Recurrente,Efectivo,False,5,825.24,0.0,825.24,314.76,510.48,61.86,False
ORD-000589,2025-08-17,VER-01,Golfo,Tienda,Oficina,Organizador de escritorio,1,299.79,0.05,105.42,Empresa,Efectivo,True,5,299.79,14.99,284.8,105.42,179.38,62.98,False
ORD-000770,2025-08-17,MER-01,Sureste,Online,Oficina,Silla ergonómica,4,2867.61,0.1,1840.44,Recurrente,Tarjeta,False,4,11470.44,1147.04,10323.4,7361.76,2961.64,28.69,True
ORD-000844,2025-08-17,MTY-02,Norte,Tienda,Electrónica,Teclado mecánico,1,1233.0,0.1,728.53,Empresa,Efectivo,False,2,1233.0,123.3,1109.7,728.53,381.17,34.35,False
ORD-001489,2025-08-17,MTY-02,Norte,Tienda,Deportes,Mochila deportiva,4,734.43,0.0,342.05,Nuevo,Efectivo,True,4,2937.72,0.0,2937.72,1368.2,1569.52,53.43,False
ORD-001713,2025-08-17,MER-01,Sureste,Tienda,Hogar,Licuadora,3,1024.19,0.1,559.7,Nuevo,Efectivo,False,4,3072.57,307.26,2765.31,1679.1,1086.21,39.28,False
ORD-001849,2025-08-17,CDMX-02,Centro,Online,Deportes,Tapete de yoga,2,408.58,0.0,158.33,Empresa,Tarjeta,False,5,817.16,0.0,817.16,316.66,500.5,61.25,False
ORD-002856,2025-08-17,CAN-01,Sureste,Online,Hogar,Juego de sábanas,2,657.32,0.05,307.84,Recurrente,Efectivo,False,4,1314.64,65.73,1248.91,615.68,633.23,50.7,False
ORD-000596,2025-08-18,MTY-01,Norte,Tienda,Electrónica,Teclado mecánico,4,1161.38,0.0,729.17,Nuevo,Tarjeta,False,4,4645.52,0.0,4645.52,2916.68,1728.84,37.22,False
ORD-000699,2025-08-18,CDMX-02,Centro,Tienda,Hogar,Cafetera programable,2,1526.52,0.15,870.03,Empresa,Tarjeta,False,4,3053.04,457.96,2595.08,1740.06,855.02,32.95,False
ORD-000877,2025-08-18,CDMX-02,Centro,Tienda,Electrónica,Teclado mecánico,1,1142.65,0.2,726.46,Recurrente,Tarjeta,False,3,1142.65,228.53,914.12,726.46,187.66,20.53,False
ORD-001675,2025-08-18,GDL-02,Occidente,Tienda,Deportes,Mochila deportiva,1,765.93,0.2,333.73,Recurrente,Tarjeta,False,4,765.93,153.19,612.74,333.73,279.01,45.53,False
ORD-002729,2025-08-18,MER-01,Sureste,Online,Oficina,Lámpara LED,2,556.21,0.0,242.03,Recurrente,Efectivo,True,4,1112.42,0.0,1112.42,484.06,628.36,56.49,False
ORD-002950,2025-08-18,CAN-01,Sureste,Tienda,Hogar,Cafetera programable,3,1489.37,0.05,871.17,Empresa,Transferencia,False,3,4468.11,223.41,4244.7,2613.51,1631.19,38.43,False
ORD-003047,2025-08-18,MER-01,Sureste,Tienda,Deportes,Mancuernas 10 kg,5,922.55,0.0,511.87,Nuevo,Tarjeta,False,4,4612.75,0.0,4612.75,2559.35,2053.4,44.52,False
ORD-003147,2025-08-18,CHH-01,Norte,Online,Electrónica,Monitor 24 pulgadas,2,3243.35,0.1,2276.38,Nuevo,Efectivo,False,5,6486.7,648.67,5838.03,4552.76,1285.27,22.02,False
ORD-003260,2025-08-18,MTY-01,Norte,Tienda,Electrónica,Teclado mecánico,6,1167.98,0.05,724.49,Empresa,Tarjeta,False,4,7007.88,350.39,6657.49,4346.94,2310.55,34.71,True
ORD-003360,2025-08-18,VER-01,Golfo,Tienda,Hogar,Juego de sábanas,1,642.01,0.15,313.41,Recurrente,Tarjeta,False,5,642.01,96.3,545.71,313.41,232.3,42.57,False
ORD-000584,2025-08-19,ZAP-01,Occidente,Online,Hogar,Juego de sábanas,1,625.4,0.0,312.11,Nuevo,Tarjeta,False,5,625.4,0.0,625.4,312.11,313.29,50.09,False
ORD-000746,2025-08-19,GDL-02,Occidente,Tienda,Hogar,Licuadora,2,993.31,0.15,555.65,Nuevo,Transferencia,False,4,1986.62,297.99,1688.63,1111.3,577.33,34.19,False
ORD-001089,2025-08-19,CDMX-01,Centro,Online,Electrónica,Teclado mecánico,2,1159.44,0.0,725.38,Recurrente,Tarjeta,False,4,2318.88,0.0,2318.88,1450.76,868.12,37.44,False
ORD-001290,2025-08-19,VER-01,Golfo,Tienda,Electrónica,Monitor 24 pulgadas,2,3349.67,0.05,2366.93,Nuevo,Efectivo,False,3,6699.34,334.97,6364.37,4733.86,1630.51,25.62,True
ORD-001751,2025-08-19,CAN-01,Sureste,Tienda,Oficina,Silla ergonómica,1,2915.95,0.05,1807.92,Nuevo,Tarjeta,False,4,2915.95,145.8,2770.15,1807.92,962.23,34.74,False
ORD-002032,2025-08-19,ZAP-01,Occidente,Tienda,Oficina,Silla ergonómica,1,2883.24,0.0,1798.24,Recurrente,Tarjeta,False,1,2883.24,0.0,2883.24,1798.24,1085.0,37.63,False
ORD-002093,2025-08-19,CHH-01,Norte,Tienda,Hogar,Cafetera programable,2,1463.25,0.1,894.74,Recurrente,Tarjeta,False,3,2926.5,292.65,2633.85,1789.48,844.37,32.06,False
ORD-002320,2025-08-19,CAN-01,Sureste,Tienda,Electrónica,Teclado mecánico,1,1190.63,0.1,711.28,Nuevo,Tarjeta,False,1,1190.63,119.06,1071.57,711.28,360.29,33.62,False
ORD-002396,2025-08-19,ZAP-01,Occidente,Tienda,Oficina,Silla ergonómica,1,3005.52,0.15,1812.41,Recurrente,Tarjeta,False,3,3005.52,450.83,2554.69,1812.41,742.28,29.06,False
ORD-002978,2025-08-19,PUE-01,Centro,Online,Hogar,Juego de sábanas,2,615.56,0.05,305.24,Recurrente,Efectivo,False,4,1231.12,61.56,1169.56,610.48,559.08,47.8,False
ORD-003394,2025-08-19,GDL-01,Occidente,Tienda,Deportes,Mochila deportiva,1,779.2,0.15,345.15,Nuevo,Efectivo,False,4,779.2,116.88,662.32,345.15,317.17,47.89,False
ORD-003493,2025-08-19,VER-01,Golfo,Online,Oficina,Organizador de escritorio,1,300.61,0.1,104.97,Recurrente,Efectivo,False,4,300.61,30.06,270.55,104.97,165.58,61.2,False
ORD-003546,2025-08-19,ZAP-01,Occidente,Online,Oficina,Lámpara LED,5,539.91,0.0,238.77,Recurrente,Transferencia,True,4,2699.55,0.0,2699.55,1193.85,1505.7,55.78,False
ORD-000165,2025-08-20,MTY-02,Norte,Online,Deportes,Tapete de yoga,1,412.24,0.2,159.13,Nuevo,Tarjeta,False,4,412.24,82.45,329.79,159.13,170.66,51.75,False
ORD-000414,2025-08-20,MTY-02,Norte,Online,Electrónica,Monitor 24 pulgadas,6,3338.26,0.15,2399.08,Recurrente,Tarjeta,False,5,20029.56,3004.43,17025.13,14394.48,2630.65,15.45,True
ORD-000577,2025-08-20,CHH-01,Norte,Tienda,Deportes,Tapete de yoga,4,389.77,0.1,160.01,Recurrente,Tarjeta,False,4,1559.08,155.91,1403.17,640.04,763.13,54.39,False
ORD-000734,2025-08-20,GDL-02,Occidente,Tienda,Hogar,Licuadora,1,1025.88,0.1,562.08,Nuevo,Efectivo,False,1,1025.88,102.59,923.29,562.08,361.21,39.12,False
ORD-000998,2025-08-20,GDL-02,Occidente,Online,Hogar,Licuadora,2,1006.79,0.1,553.61,Recurrente,Tarjeta,False,4,2013.58,201.36,1812.22,1107.22,705.0,38.9,False
ORD-001157,2025-08-20,CDMX-02,Centro,Tienda,Electrónica,Monitor 24 pulgadas,1,3202.01,0.0,2302.28,Nuevo,Transferencia,True,5,3202.01,0.0,3202.01,2302.28,899.73,28.1,False
ORD-001329,2025-08-20,MER-01,Sureste,Tienda,Oficina,Organizador de escritorio,1,293.01,0.05,103.84,Recurrente,Tarjeta,False,4,293.01,14.65,278.36,103.84,174.52,62.7,False
ORD-001444,2025-08-20,CDMX-01,Centro,Tienda,Oficina,Silla ergonómica,2,2936.61,0.1,1814.12,Recurrente,Transferencia,False,5,5873.22,587.32,5285.9,3628.24,1657.66,31.36,False
ORD-001553,2025-08-20,PUE-01,Centro,Tienda,Electrónica,Monitor 24 pulgadas,3,3216.54,0.3,2354.8,Nuevo,Tarjeta,False,5,9649.62,2894.89,6754.73,7064.4,-309.67,-4.58,True
ORD-001698,2025-08-20,CAN-01,Sureste,Tienda,Oficina,Lámpara LED,2,549.54,0.05,235.67,Nuevo,Efectivo,False,3,1099.08,54.95,1044.13,471.34,572.79,54.86,False
ORD-001838,2025-08-20,GDL-02,Occidente,Tienda,Deportes,Tapete de yoga,2,389.93,0.1,160.4,Recurrente,Tarjeta,False,5,779.86,77.99,701.87,320.8,381.07,54.29,False
ORD-002116,2025-08-20,MTY-02,Norte,Tienda,Electrónica,Monitor 24 pulgadas,3,3311.57,0.1,2296.28,Recurrente,Efectivo,False,5,9934.71,993.47,8941.24,6888.84,2052.4,22.95,True
ORD-002561,2025-08-20,VER-01,Golfo,Online,Deportes,Mochila deportiva,1,705.01,0.05,335.64,Nuevo,Tarjeta,False,5,705.01,35.25,669.76,335.64,334.12,49.89,False
ORD-002681,2025-08-20,GDL-02,Occidente,Tienda,Hogar,Juego de sábanas,1,648.17,0.0,308.16,Nuevo,Tarjeta,False,4,648.17,0.0,648.17,308.16,340.01,52.46,False
ORD-003185,2025-08-20,MTY-02,Norte,Online,Electrónica,Monitor 24 pulgadas,1,3396.61,0.05,2351.23,Empresa,Efectivo,False,5,3396.61,169.83,3226.78,2351.23,875.55,27.13,False
ORD-000212,2025-08-21,MER-01,Sureste,Online,Oficina,Silla ergonómica,4,2985.82,0.05,1835.28,Nuevo,Tarjeta,False,5,11943.28,597.16,11346.12,7341.12,4005.0,35.3,True
ORD-000286,2025-08-21,MTY-01,Norte,Tienda,Hogar,Juego de sábanas,1,651.16,0.0,302.17,Recurrente,Efectivo,False,4,651.16,0.0,651.16,302.17,348.99,53.6,False
ORD-000428,2025-08-21,CDMX-01,Centro,Online,Deportes,Tapete de yoga,1,403.45,0.1,158.38,Recurrente,Efectivo,False,4,403.45,40.34,363.11,158.38,204.73,56.38,False
ORD-001240,2025-08-21,MTY-02,Norte,Online,Electrónica,Audífonos Bluetooth,3,684.53,0.2,382.48,Nuevo,Tarjeta,False,4,2053.59,410.72,1642.87,1147.44,495.43,30.16,False
ORD-001386,2025-08-21,CDMX-01,Centro,Tienda,Oficina,Lámpara LED,1,548.13,0.05,239.81,Recurrente,Efectivo,False,3,548.13,27.41,520.72,239.81,280.91,53.95,False
ORD-001599,2025-08-21,CHH-01,Norte,Tienda,Electrónica,Audífonos Bluetooth,2,703.32,0.1,387.41,Recurrente,Tarjeta,False,5,1406.64,140.66,1265.98,774.82,491.16,38.8,False
ORD-002296,2025-08-21,MTY-01,Norte,Tienda,Electrónica,Teclado mecánico,1,1178.19,0.0,711.31,Nuevo,Efectivo,False,2,1178.19,0.0,1178.19,711.31,466.88,39.63,False
ORD-003452,2025-08-21,MTY-01,Norte,Online,Hogar,Licuadora,1,1010.88,0.0,568.25,Recurrente,Efectivo,False,4,1010.88,0.0,1010.88,568.25,442.63,43.79,False
ORD-000069,2025-08-22,PUE-01,Centro,Online,Electrónica,Audífonos Bluetooth,2,703.44,0.15,385.11,Recurrente,Tarjeta,False,2,1406.88,211.03,1195.85,770.22,425.63,35.59,False
ORD-000716,2025-08-22,CHH-01,Norte,Tienda,Electrónica,Teclado mecánico,4,1212.26,0.0,708.37,Recurrente,Transferencia,True,4,4849.04,0.0,4849.04,2833.48,2015.56,41.57,False
ORD-001031,2025-08-22,CDMX-02,Centro,Tienda,Electrónica,Audífonos Bluetooth,1,701.56,0.1,390.92,Recurrente,Tarjeta,False,5,701.56,70.16,631.4,390.92,240.48,38.09,False
ORD-001087,2025-08-22,CAN-01,Sureste,Online,Oficina,Organizador de escritorio,2,295.8,0.15,103.47,Recurrente,Tarjeta,False,4,591.6,88.74,502.86,206.94,295.92,58.85,False
ORD-001359,2025-08-22,CAN-01,Sureste,Online,Electrónica,Monitor 24 pulgadas,1,3364.8,0.0,2342.05,Recurrente,Efectivo,False,5,3364.8,0.0,3364.8,2342.05,1022.75,30.4,False
ORD-002034,2025-08-22,CHH-01,Norte,Online,Electrónica,Audífonos Bluetooth,6,670.05,0.1,378.82,Empresa,Tarjeta,False,3,4020.3,402.03,3618.27,2272.92,1345.35,37.18,False
ORD-002183,2025-08-22,GDL-02,Occidente,Tienda,Oficina,Lámpara LED,1,581.95,0.05,243.67,Recurrente,Transferencia,False,4,581.95,29.1,552.85,243.67,309.18,55.92,False
ORD-002932,2025-08-22,CAN-01,Sureste,Tienda,Deportes,Tapete de yoga,1,408.12,0.0,159.78,Empresa,Tarjeta,False,5,408.12,0.0,408.12,159.78,248.34,60.85,False
ORD-003236,2025-08-22,CDMX-02,Centro,Tienda,Deportes,Mancuernas 10 kg,2,892.51,0.1,524.8,Recurrente,Efectivo,False,2,1785.02,178.5,1606.52,1049.6,556.92,34.67,False
ORD-003310,2025-08-22,ZAP-01,Occidente,Tienda,Deportes,Tapete de yoga,2,404.9,0.1,161.24,Nuevo,Tarjeta,False,3,809.8,80.98,728.82,322.48,406.34,55.75,False
ORD-003464,2025-08-22,GDL-01,Occidente,Tienda,Electrónica,Monitor 24 pulgadas,3,3268.86,0.15,2416.13,Nuevo,Tarjeta,False,4,9806.58,1470.99,8335.59,7248.39,1087.2,13.04,True
ORD-000003,2025-08-23,PUE-01,Centro,Online,Electrónica,Teclado mecánico,3,1198.85,0.0,723.3,Nuevo,Tarjeta,False,3,3596.55,0.0,3596.55,2169.9,1426.65,39.67,False
ORD-000911,2025-08-23,CDMX-02,Centro,Tienda,Deportes,Mochila deportiva,1,791.52,0.1,337.0,Recurrente,Efectivo,False,5,791.52,79.15,712.37,337.0,375.37,52.69,False
ORD-001454,2025-08-23,GDL-02,Occidente,Tienda,Electrónica,Audífonos Bluetooth,5,690.94,0.0,382.43,Nuevo,Tarjeta,False,4,3454.7,0.0,3454.7,1912.15,1542.55,44.65,False
ORD-001662,2025-08-23,CAN-01,Sureste,Tienda,Electrónica,Teclado mecánico,1,1172.62,0.3,712.91,Recurrente,Tarjeta,False,3,1172.62,351.79,820.83,712.91,107.92,13.15,False
ORD-002529,2025-08-23,ZAP-01,Occidente,Online,Hogar,Licuadora,1,962.64,0.15,543.25,Nuevo,Tarjeta,False,5,962.64,144.4,818.24,543.25,274.99,33.61,False
ORD-003101,2025-08-23,GDL-01,Occidente,Tienda,Electrónica,Audífonos Bluetooth,4,703.94,0.1,378.45,Recurrente,Efectivo,False,1,2815.76,281.58,2534.18,1513.8,1020.38,40.26,False
ORD-003593,2025-08-23,CDMX-02,Centro,Tienda,Oficina,Organizador de escritorio,6,297.13,0.05,104.33,Nuevo,Tarjeta,False,1,1782.78,89.14,1693.64,625.98,1067.66,63.04,False
ORD-000498,2025-08-24,MTY-02,Norte,Tienda,Electrónica,Monitor 24 pulgadas,1,3152.62,0.1,2440.54,Recurrente,Tarjeta,False,3,3152.62,315.26,2837.36,2440.54,396.82,13.99,False
ORD-000718,2025-08-24,CDMX-01,Centro,Tienda,Oficina,Lámpara LED,1,523.19,0.0,239.92,Recurrente,Efectivo,False,3,523.19,0.0,523.19,239.92,283.27,54.14,False
ORD-001045,2025-08-24,VER-01,Golfo,Tienda,Oficina,Lámpara LED,5,551.52,0.0,244.39,Recurrente,Efectivo,False,5,2757.6,0.0,2757.6,1221.95,1535.65,55.69,False
ORD-001221,2025-08-24,CAN-01,Sureste,Tienda,Electrónica,Teclado mecánico,4,1169.06,0.05,724.06,Nuevo,Tarjeta,False,5,4676.24,233.81,4442.43,2896.24,1546.19,34.81,False
ORD-001465,2025-08-24,CDMX-02,Centro,Tienda,Deportes,Tapete de yoga,1,397.11,0.0,158.37,Nuevo,Efectivo,False,4,397.11,0.0,397.11,158.37,238.74,60.12,False
ORD-001750,2025-08-24,CAN-01,Sureste,Online,Oficina,Silla ergonómica,2,2957.26,0.15,1804.53,Recurrente,Tarjeta,False,4,5914.52,887.18,5027.34,3609.06,1418.28,28.21,False
ORD-001912,2025-08-24,CHH-01,Norte,Tienda,Deportes,Mochila deportiva,1,750.79,0.0,342.34,Recurrente,Tarjeta,False,4,750.79,0.0,750.79,342.34,408.45,54.4,False
ORD-002184,2025-08-24,CDMX-01,Centro,Online,Oficina,Lámpara LED,1,546.44,0.0,244.14,Recurrente,Tarjeta,False,2,546.44,0.0,546.44,244.14,302.3,55.32,False
ORD-002344,2025-08-24,CHH-01,Norte,Tienda,Hogar,Cafetera programable,1,1485.42,0.0,872.49,Recurrente,Tarjeta,False,5,1485.42,0.0,1485.42,872.49,612.93,41.26,False
ORD-001098,2025-08-25,GDL-02,Occidente,Online,Hogar,Cafetera programable,1,1475.63,0.0,864.2,Recurrente,Transferencia,False,4,1475.63,0.0,1475.63,864.2,611.43,41.44,False
ORD-001343,2025-08-25,PUE-01,Centro,Tienda,Deportes,Tapete de yoga,1,401.35,0.05,155.61,Nuevo,Tarjeta,False,5,401.35,20.07,381.28,155.61,225.67,59.19,False
ORD-001496,2025-08-25,MTY-02,Norte,Tienda,Electrónica,Teclado mecánico,3,1212.57,0.15,737.12,Recurrente,Efectivo,False,4,3637.71,545.66,3092.05,2211.36,880.69,28.48,False
ORD-001811,2025-08-25,CAN-01,Sureste,Online,Hogar,Licuadora,4,1001.18,0.1,562.37,Recurrente,Efectivo,False,5,4004.72,400.47,3604.25,2249.48,1354.77,37.59,False
ORD-002239,2025-08-25,MTY-02,Norte,Tienda,Electrónica,Monitor 24 pulgadas,5,3342.73,0.3,2329.95,Recurrente,Tarjeta,False,1,16713.65,5014.1,11699.55,11649.75,49.8,0.43,True
ORD-002272,2025-08-25,GDL-02,Occidente,Online,Hogar,Licuadora,2,1034.8,0.0,568.11,Recurrente,Tarjeta,False,3,2069.6,0.0,2069.6,1136.22,933.38,45.1,False
ORD-002451,2025-08-25,GDL-01,Occidente,Tienda,Electrónica,Monitor 24 pulgadas,3,3343.39,0.0,2343.61,Nuevo,Tarjeta,False,5,10030.17,0.0,10030.17,7030.83,2999.34,29.9,True
ORD-002587,2025-08-25,GDL-02,Occidente,Online,Deportes,Mancuernas 10 kg,2,904.51,0.0,520.77,Nuevo,Tarjeta,False,3,1809.02,0.0,1809.02,1041.54,767.48,42.43,False
ORD-002664,2025-08-25,MTY-01,Norte,Tienda,Electrónica,Monitor 24 pulgadas,3,3188.86,0.05,2424.08,Nuevo,Tarjeta,False,5,9566.58,478.33,9088.25,7272.24,1816.01,19.98,True
ORD-003102,2025-08-25,CAN-01,Sureste,Online,Deportes,Mochila deportiva,1,765.54,0.2,338.88,Empresa,Transferencia,False,5,765.54,153.11,612.43,338.88,273.55,44.67,False
ORD-000590,2025-08-26,CHH-01,Norte,Online,Deportes,Mancuernas 10 kg,2,920.42,0.3,499.7,Nuevo,Efectivo,False,5,1840.84,552.25,1288.59,999.4,289.19,22.44,False
ORD-001315,2025-08-26,MTY-02,Norte,Tienda,Oficina,Lámpara LED,5,563.82,0.0,242.16,Empresa,Tarjeta,False,5,2819.1,0.0,2819.1,1210.8,1608.3,57.05,False
ORD-001604,2025-08-26,CDMX-01,Centro,Tienda,Hogar,Cafetera programable,1,1452.36,0.05,851.44,Recurrente,Efectivo,False,2,1452.36,72.62,1379.74,851.44,528.3,38.29,False
ORD-001892,2025-08-26,GDL-02,Occidente,Online,Hogar,Juego de sábanas,3,628.15,0.05,311.84,Recurrente,Tarjeta,False,5,1884.45,94.22,1790.23,935.52,854.71,47.74,False
ORD-002214,2025-08-26,MER-01,Sureste,Tienda,Hogar,Licuadora,2,1009.94,0.0,556.11,Nuevo,Tarjeta,False,4,2019.88,0.0,2019.88,1112.22,907.66,44.94,False
ORD-002426,2025-08-26,ZAP-01,Occidente,Online,Hogar,Cafetera programable,2,1491.39,0.05,873.7,Empresa,Efectivo,False,3,2982.78,149.14,2833.64,1747.4,1086.24,38.33,False
ORD-002506,2025-08-26,MTY-01,Norte,Tienda,Oficina,Organizador de escritorio,1,292.86,0.0,104.69,Recurrente,Tarjeta,False,2,292.86,0.0,292.86,104.69,188.17,64.25,False
ORD-000700,2025-08-27,MTY-02,Norte,Tienda,Electrónica,Teclado mecánico,1,1294.13,0.0,693.75,Nuevo,Efectivo,False,4,1294.13,0.0,1294.13,693.75,600.38,46.39,False
ORD-000780,2025-08-27,MTY-02,Norte,Tienda,Electrónica,Monitor 24 pulgadas,2,3410.12,0.0,2289.29,Nuevo,Tarjeta,False,4,6820.24,0.0,6820.24,4578.58,2241.66,32.87,True
ORD-001226,2025-08-27,CAN-01,Sureste,Tienda,Deportes,Mancuernas 10 kg,2,888.3,0.0,517.33,Nuevo,Tarjeta,False,5,1776.6,0.0,1776.6,1034.66,741.94,41.76,False
ORD-001381,2025-08-27,MER-01,Sureste,Tienda,Deportes,Mochila deportiva,1,744.92,0.0,340.08,Nuevo,Tarjeta,False,4,744.92,0.0,744.92,340.08,404.84,54.35,False
ORD-001450,2025-08-27,MTY-01,Norte,Tienda,Deportes,Mancuernas 10 kg,5,900.88,0.15,522.99,Recurrente,Tarjeta,True,5,4504.4,675.66,3828.74,2614.95,1213.79,31.7,False
ORD-001771,2025-08-27,CHH-01,Norte,Tienda,Hogar,Juego de sábanas,2,662.93,0.1,309.48,Recurrente,Transferencia,False,2,1325.86,132.59,1193.27,618.96,574.31,48.13,False
ORD-002001,2025-08-27,CDMX-01,Centro,Online,Deportes,Tapete de yoga,1,393.9,0.1,157.78,Recurrente,Tarjeta,False,4,393.9,39.39,354.51,157.78,196.73,55.49,False
ORD-002053,2025-08-27,PUE-01,Centro,Online,Oficina,Lámpara LED,1,535.88,0.1,233.89,Empresa,Tarjeta,False,5,535.88,53.59,482.29,233.89,248.4,51.5,False
ORD-002361,2025-08-27,CDMX-02,Centro,Tienda,Deportes,Tapete de yoga,1,392.99,0.1,164.02,Empresa,Tarjeta,False,4,392.99,39.3,353.69,164.02,189.67,53.63,False
ORD-002605,2025-08-27,PUE-01,Centro,Tienda,Oficina,Organizador de escritorio,6,291.47,0.0,103.68,Nuevo,Tarjeta,False,4,1748.82,0.0,1748.82,622.08,1126.74,64.43,False
ORD-002858,2025-08-27,MER-01,Sureste,Online,Electrónica,Monitor 24 pulgadas,2,3402.27,0.3,2263.84,Nuevo,Tarjeta,False,1,6804.54,2041.36,4763.18,4527.68,235.5,4.94,False
ORD-003169,2025-08-27,MER-01,Sureste,Tienda,Electrónica,Teclado mecánico,1,1231.73,0.0,718.35,Nuevo,Transferencia,False,3,1231.73,0.0,1231.73,718.35,513.38,41.68,False
ORD-000077,2025-08-28,GDL-02,Occidente,Tienda,Oficina,Lámpara LED,3,550.11,0.05,237.96,Recurrente,Tarjeta,False,4,1650.33,82.52,1567.81,713.88,853.93,54.47,False
ORD-000867,2025-08-28,CDMX-01,Centro,Tienda,Hogar,Juego de sábanas,1,628.66,0.1,317.08,Nuevo,Efectivo,False,5,628.66,62.87,565.79,317.08,248.71,43.96,False
ORD-000910,2025-08-28,MTY-01,Norte,Online,Hogar,Cafetera programable,2,1449.02,0.0,868.47,Recurrente,Efectivo,True,3,2898.04,0.0,2898.04,1736.94,1161.1,40.07,False
ORD-001132,2025-08-28,VER-01,Golfo,Tienda,Hogar,Cafetera programable,1,1498.54,0.1,878.29,Recurrente,Transferencia,False,2,1498.54,149.85,1348.69,878.29,470.4,34.88,False
ORD-001239,2025-08-28,PUE-01,Centro,Tienda,Hogar,Cafetera programable,2,1495.95,0.0,869.71,Nuevo,Efectivo,False,2,2991.9,0.0,2991.9,1739.42,1252.48,41.86,False
ORD-001541,2025-08-28,CDMX-01,Centro,Tienda,Oficina,Organizador de escritorio,3,292.73,0.0,108.45,Nuevo,Efectivo,False,5,878.19,0.0,878.19,325.35,552.84,62.95,False
ORD-001777,2025-08-28,GDL-02,Occidente,Online,Deportes,Tapete de yoga,3,396.12,0.1,159.04,Recurrente,Efectivo,False,4,1188.36,118.84,1069.52,477.12,592.4,55.39,False
ORD-001853,2025-08-28,PUE-01,Centro,Online,Electrónica,Monitor 24 pulgadas,3,3285.83,0.0,2316.9,Empresa,Tarjeta,False,5,9857.49,0.0,9857.49,6950.7,2906.79,29.49,True
ORD-001980,2025-08-28,CHH-01,Norte,Tienda,Electrónica,Monitor 24 pulgadas,1,3230.23,0.0,2316.83,Nuevo,Efectivo,False,4,3230.23,0.0,3230.23,2316.83,913.4,28.28,False
ORD-002049,2025-08-28,MTY-01,Norte,Online,Oficina,Silla ergonómica,1,2924.78,0.15,1798.88,Nuevo,Tarjeta,False,4,2924.78,438.72,2486.06,1798.88,687.18,27.64,False
ORD-002446,2025-08-28,CAN-01,Sureste,Tienda,Hogar,Cafetera programable,3,1491.97,0.05,868.2,Nuevo,Transferencia,False,5,4475.91,223.8,4252.11,2604.6,1647.51,38.75,False
ORD-002864,2025-08-28,GDL-01,Occidente,Tienda,Oficina,Silla ergonómica,2,2857.14,0.05,1820.11,Recurrente,Efectivo,False,2,5714.28,285.71,5428.57,3640.22,1788.35,32.94,False
ORD-003022,2025-08-28,GDL-01,Occidente,Online,Hogar,Licuadora,2,1048.96,0.05,551.35,Nuevo,Tarjeta,False,3,2097.92,104.9,1993.02,1102.7,890.32,44.67,False
ORD-003237,2025-08-28,CDMX-02,Centro,Tienda,Deportes,Mochila deportiva,1,728.87,0.0,348.37,Nuevo,Efectivo,False,5,728.87,0.0,728.87,348.37,380.5,52.2,False
ORD-000946,2025-08-29,CHH-01,Norte,Tienda,Deportes,Mochila deportiva,1,728.43,0.1,345.03,Empresa,Tarjeta,True,4,728.43,72.84,655.59,345.03,310.56,47.37,False
ORD-001368,2025-08-29,GDL-02,Occidente,Tienda,Oficina,Organizador de escritorio,4,280.76,0.0,103.21,Nuevo,Tarjeta,False,5,1123.04,0.0,1123.04,412.84,710.2,63.24,False
ORD-001504,2025-08-29,CDMX-02,Centro,Online,Deportes,Tapete de yoga,2,394.92,0.05,157.23,Recurrente,Efectivo,False,5,789.84,39.49,750.35,314.46,435.89,58.09,False
ORD-001816,2025-08-29,MTY-01,Norte,Online,Electrónica,Monitor 24 pulgadas,2,3359.38,0.05,2439.9,Nuevo,Tarjeta,False,4,6718.76,335.94,6382.82,4879.8,1503.02,23.55,True
ORD-002038,2025-08-29,MTY-01,Norte,Tienda,Oficina,Lámpara LED,2,551.0,0.05,243.49,Nuevo,Tarjeta,False,3,1102.0,55.1,1046.9,486.98,559.92,53.48,False
ORD-002467,2025-08-29,CDMX-02,Centro,Online,Hogar,Cafetera programable,2,1478.01,0.05,869.36,Nuevo,Efectivo,False,5,2956.02,147.8,2808.22,1738.72,1069.5,38.08,False
ORD-002846,2025-08-29,MER-01,Sureste,Tienda,Deportes,Tapete de yoga,4,381.27,0.2,155.65,Nuevo,Tarjeta,False,2,1525.08,305.02,1220.06,622.6,597.46,48.97,False
ORD-003371,2025-08-29,ZAP-01,Occidente,Tienda,Oficina,Lámpara LED,2,545.72,0.05,236.99,Recurrente,Efectivo,False,5,1091.44,54.57,1036.87,473.98,562.89,54.29,False
ORD-003460,2025-08-29,MER-01,Sureste,Tienda,Electrónica,Teclado mecánico,3,1243.61,0.05,700.62,Recurrente,Tarjeta,False,3,3730.83,186.54,3544.29,2101.86,1442.43,40.7,False
ORD-000475,2025-08-30,CAN-01,Sureste,Online,Deportes,Tapete de yoga,4,394.64,0.05,157.71,Recurrente,Tarjeta,False,4,1578.56,78.93,1499.63,630.84,868.79,57.93,False
ORD-000848,2025-08-30,MTY-01,Norte,Tienda,Oficina,Lámpara LED,2,549.67,0.15,246.68,Nuevo,Tarjeta,False,4,1099.34,164.9,934.44,493.36,441.08,47.2,False
ORD-001942,2025-08-30,PUE-01,Centro,Tienda,Electrónica,Teclado mecánico,1,1197.21,0.3,748.42,Recurrente,Tarjeta,False,4,1197.21,359.16,838.05,748.42,89.63,10.7,False
ORD-001974,2025-08-30,MER-01,Sureste,Tienda,Electrónica,Teclado mecánico,1,1161.14,0.1,727.69,Recurrente,Tarjeta,False,2,1161.14,116.11,1045.03,727.69,317.34,30.37,False
ORD-002108,2025-08-30,VER-01,Golfo,Tienda,Electrónica,Teclado mecánico,1,1224.73,0.05,738.48,Nuevo,Tarjeta,False,5,1224.73,61.24,1163.49,738.48,425.01,36.53,False
ORD-003040,2025-08-30,MTY-01,Norte,Online,Oficina,Lámpara LED,1,554.02,0.05,245.44,Recurrente,Tarjeta,False,2,554.02,27.7,526.32,245.44,280.88,53.37,False
ORD-001753,2025-08-31,VER-01,Golfo,Tienda,Deportes,Mancuernas 10 kg,1,847.72,0.0,516.32,Recurrente,Transferencia,False,3,847.72,0.0,847.72,516.32,331.4,39.09,False
ORD-001861,2025-08-31,MER-01,Sureste,Tienda,Oficina,Silla ergonómica,6,2834.23,0.15,1854.16,Recurrente,Efectivo,False,3,17005.38,2550.81,14454.57,11124.96,3329.61,23.03,True
ORD-002317,2025-08-31,CDMX-02,Centro,Tienda,Deportes,Tapete de yoga,1,395.86,0.05,157.68,Nuevo,Tarjeta,False,3,395.86,19.79,376.07,157.68,218.39,58.07,False
ORD-002617,2025-08-31,GDL-01,Occidente,Tienda,Hogar,Juego de sábanas,3,664.0,0.2,308.09,Recurrente,Tarjeta,False,5,1992.0,398.4,1593.6,924.27,669.33,42.0,False
ORD-002888,2025-08-31,MTY-02,Norte,Tienda,Hogar,Cafetera programable,3,1553.31,0.15,873.34,Nuevo,Efectivo,False,3,4659.93,698.99,3960.94,2620.02,1340.92,33.85,False
ORD-003222,2025-08-31,CHH-01,Norte,Tienda,Hogar,Licuadora,2,978.88,0.3,552.51,Nuevo,Transferencia,False,3,1957.76,587.33,1370.43,1105.02,265.41,19.37,False
ORD-000520,2025-09-01,CAN-01,Sureste,Tienda,Deportes,Mochila deportiva,1,758.13,0.15,349.53,Nuevo,Tarjeta,False,4,758.13,113.72,644.41,349.53,294.88,45.76,False
ORD-000636,2025-09-01,GDL-01,Occidente,Tienda,Oficina,Organizador de escritorio,2,300.21,0.3,106.94,Recurrente,Transferencia,False,3,600.42,180.13,420.29,213.88,206.41,49.11,False
ORD-000829,2025-09-01,ZAP-01,Occidente,Tienda,Deportes,Mochila deportiva,1,764.97,0.15,341.28,Nuevo,Tarjeta,False,2,764.97,114.75,650.22,341.28,308.94,47.51,False
ORD-000900,2025-09-01,VER-01,Golfo,Tienda,Deportes,Mochila deportiva,2,751.7,0.0,330.45,Nuevo,Tarjeta,False,3,1503.4,0.0,1503.4,660.9,842.5,56.04,False
ORD-001082,2025-09-01,CDMX-02,Centro,Tienda,Electrónica,Monitor 24 pulgadas,1,3266.96,0.05,2386.79,Recurrente,Tarjeta,True,4,3266.96,163.35,3103.61,2386.79,716.82,23.1,False
ORD-001625,2025-09-01,PUE-01,Centro,Tienda,Electrónica,Teclado mecánico,2,1138.83,0.15,711.25,Nuevo,Transferencia,False,4,2277.66,341.65,1936.01,1422.5,513.51,26.52,False
ORD-002412,2025-09-01,CDMX-02,Centro,Tienda,Oficina,Silla ergonómica,2,2921.27,0.0,1845.59,Nuevo,Tarjeta,False,3,5842.54,0.0,5842.54,3691.18,2151.36,36.82,False
ORD-003025,2025-09-01,MER-01,Sureste,Online,Hogar,Cafetera programable,1,1505.27,0.2,869.92,Nuevo,Tarjeta,False,3,1505.27,301.05,1204.22,869.92,334.3,27.76,False
ORD-003178,2025-09-01,CAN-01,Sureste,Tienda,Hogar,Licuadora,3,938.44,0.05,576.84,Recurrente,Tarjeta,False,4,2815.32,140.77,2674.55,1730.52,944.03,35.3,False
ORD-003239,2025-09-01,CHH-01,Norte,Tienda,Electrónica,Audífonos Bluetooth,3,721.68,0.1,373.67,Recurrente,Transferencia,False,4,2165.04,216.5,1948.54,1121.01,827.53,42.47,False
ORD-003449,2025-09-01,CDMX-02,Centro,Tienda,Deportes,Mancuernas 10 kg,5,911.97,0.2,526.61,Recurrente,Tarjeta,False,4,4559.85,911.97,3647.88,2633.05,1014.83,27.82,False
ORD-001025,2025-09-02,VER-01,Golfo,Tienda,Electrónica,Monitor 24 pulgadas,4,3441.84,0.1,2299.38,Recurrente,Efectivo,False,3,13767.36,1376.74,12390.62,9197.52,3193.1,25.77,True
ORD-001486,2025-09-02,CHH-01,Norte,Online,Electrónica,Monitor 24 pulgadas,1,3212.12,0.0,2377.77,Recurrente,Tarjeta,False,3,3212.12,0.0,3212.12,2377.77,834.35,25.98,False
ORD-002557,2025-09-02,CDMX-02,Centro,Online,Deportes,Mancuernas 10 kg,1,915.84,0.1,521.72,Recurrente,Tarjeta,False,4,915.84,91.58,824.26,521.72,302.54,36.7,False
ORD-002745,2025-09-02,CAN-01,Sureste,Online,Electrónica,Teclado mecánico,2,1161.19,0.0,726.54,Recurrente,Efectivo,True,5,2322.38,0.0,2322.38,1453.08,869.3,37.43,False
ORD-003223,2025-09-02,CDMX-02,Centro,Tienda,Hogar,Licuadora,1,981.37,0.3,564.12,Recurrente,Transferencia,False,3,981.37,294.41,686.96,564.12,122.84,17.88,False
ORD-003386,2025-09-02,CDMX-01,Centro,Tienda,Electrónica,Monitor 24 pulgadas,1,3230.46,0.1,2403.44,Empresa,Tarjeta,False,4,3230.46,323.05,2907.41,2403.44,503.97,17.33,False
ORD-000020,2025-09-03,CDMX-01,Centro,Online,Electrónica,Teclado mecánico,2,1120.86,0.0,716.83,Nuevo,Tarjeta,False,4,2241.72,0.0,2241.72,1433.66,808.06,36.05,False
ORD-000295,2025-09-03,CDMX-02,Centro,Tienda,Electrónica,Audífonos Bluetooth,3,711.52,0.0,386.37,Recurrente,Tarjeta,False,4,2134.56,0.0,2134.56,1159.11,975.45,45.7,False
ORD-000660,2025-09-03,MTY-02,Norte,Tienda,Deportes,Mochila deportiva,1,771.77,0.05,338.25,Nuevo,Tarjeta,False,4,771.77,38.59,733.18,338.25,394.93,53.87,False
ORD-000722,2025-09-03,CAN-01,Sureste,Tienda,Electrónica,Audífonos Bluetooth,1,730.11,0.1,397.43,Recurrente,Efectivo,False,3,730.11,73.01,657.1,397.43,259.67,39.52,False
ORD-001719,2025-09-03,MER-01,Sureste,Tienda,Oficina,Silla ergonómica,5,2925.64,0.15,1808.72,Nuevo,Tarjeta,False,3,14628.2,2194.23,12433.97,9043.6,3390.37,27.27,True
ORD-002395,2025-09-03,ZAP-01,Occidente,Online,Oficina,Organizador de escritorio,2,295.57,0.1,105.65,Nuevo,Tarjeta,False,3,591.14,59.11,532.03,211.3,320.73,60.28,False
ORD-002621,2025-09-03,PUE-01,Centro,Tienda,Deportes,Tapete de yoga,5,391.95,0.1,161.66,Empresa,Tarjeta,False,4,1959.75,195.98,1763.77,808.3,955.47,54.17,False
ORD-003204,2025-09-03,MER-01,Sureste,Tienda,Hogar,Licuadora,1,954.52,0.1,561.77,Recurrente,Tarjeta,False,4,954.52,95.45,859.07,561.77,297.3,34.61,False
ORD-003309,2025-09-03,MTY-01,Norte,Tienda,Electrónica,Monitor 24 pulgadas,1,3321.25,0.0,2372.73,Recurrente,Efectivo,False,1,3321.25,0.0,3321.25,2372.73,948.52,28.56,False
ORD-003547,2025-09-03,ZAP-01,Occidente,Online,Electrónica,Teclado mecánico,2,1161.69,0.1,716.25,Recurrente,Tarjeta,False,5,2323.38,232.34,2091.04,1432.5,658.54,31.49,False
ORD-003574,2025-09-03,PUE-01,Centro,Tienda,Hogar,Cafetera programable,4,1449.31,0.1,860.55,Recurrente,Tarjeta,False,3,5797.24,579.72,5217.52,3442.2,1775.32,34.03,False
ORD-000465,2025-09-04,GDL-02,Occidente,Tienda,Deportes,Mochila deportiva,3,750.69,0.2,339.76,Recurrente,Tarjeta,False,4,2252.07,450.41,1801.66,1019.28,782.38,43.43,False
ORD-000691,2025-09-04,CDMX-02,Centro,Tienda,Hogar,Juego de sábanas,4,657.85,0.1,303.75,Recurrente,Transferencia,False,2,2631.4,263.14,2368.26,1215.0,1153.26,48.7,False
ORD-000839,2025-09-04,GDL-01,Occidente,Online,Deportes,Tapete de yoga,4,393.05,0.2,154.74,Recurrente,Transferencia,True,2,1572.2,314.44,1257.76,618.96,638.8,50.79,False
ORD-001191,2025-09-04,CAN-01,Sureste,Tienda,Electrónica,Teclado mecánico,1,1209.16,0.2,731.84,Empresa,Efectivo,False,4,1209.16,241.83,967.33,731.84,235.49,24.34,False
ORD-001416,2025-09-04,MTY-01,Norte,Online,Electrónica,Monitor 24 pulgadas,2,3173.49,0.0,2310.47,Nuevo,Efectivo,True,5,6346.98,0.0,6346.98,4620.94,1726.04,27.19,True
ORD-002266,2025-09-04,CHH-01,Norte,Tienda,Electrónica,Monitor 24 pulgadas,1,3309.95,0.15,2376.64,Recurrente,Efectivo,False,5,3309.95,496.49,2813.46,2376.64,436.82,15.53,False
ORD-002659,2025-09-04,CAN-01,Sureste,Online,Electrónica,Audífonos Bluetooth,1,686.91,0.15,389.18,Recurrente,Transferencia,False,4,686.91,103.04,583.87,389.18,194.69,33.34,False
ORD-003217,2025-09-04,GDL-02,Occidente,Tienda,Hogar,Cafetera programable,2,1485.14,0.15,857.91,Nuevo,Transferencia,False,5,2970.28,445.54,2524.74,1715.82,808.92,32.04,False
ORD-003337,2025-09-04,ZAP-01,Occidente,Tienda,Electrónica,Teclado mecánico,1,1187.04,0.0,704.61,Nuevo,Tarjeta,False,2,1187.04,0.0,1187.04,704.61,482.43,40.64,False
ORD-003367,2025-09-04,GDL-01,Occidente,Tienda,Electrónica,Audífonos Bluetooth,5,730.58,0.0,383.75,Recurrente,Efectivo,False,2,3652.9,0.0,3652.9,1918.75,1734.15,47.47,False
ORD-003580,2025-09-04,GDL-01,Occidente,Tienda,Oficina,Silla ergonómica,2,2871.95,0.0,1836.96,Empresa,Transferencia,False,4,5743.9,0.0,5743.9,3673.92,2069.98,36.04,False
ORD-000262,2025-09-05,CAN-01,Sureste,Online,Oficina,Lámpara LED,3,550.98,0.0,244.54,Recurrente,Tarjeta,True,4,1652.94,0.0,1652.94,733.62,919.32,55.62,False
ORD-000390,2025-09-05,CAN-01,Sureste,Online,Electrónica,Audífonos Bluetooth,1,689.74,0.1,393.76,Nuevo,Transferencia,False,4,689.74,68.97,620.77,393.76,227.01,36.57,False
ORD-000444,2025-09-05,CAN-01,Sureste,Tienda,Electrónica,Monitor 24 pulgadas,2,3413.97,0.15,2325.8,Recurrente,Tarjeta,True,4,6827.94,1024.19,5803.75,4651.6,1152.15,19.85,False
ORD-000540,2025-09-05,VER-01,Golfo,Tienda,Electrónica,Audífonos Bluetooth,2,667.97,0.1,387.6,Recurrente,Tarjeta,False,5,1335.94,133.59,1202.35,775.2,427.15,35.53,False
ORD-001103,2025-09-05,ZAP-01,Occidente,Online,Oficina,Lámpara LED,6,567.15,0.15,242.44,Nuevo,Efectivo,False,5,3402.9,510.44,2892.46,1454.64,1437.82,49.71,False
ORD-001271,2025-09-05,ZAP-01,Occidente,Tienda,Hogar,Juego de sábanas,3,655.02,0.1,307.4,Nuevo,Tarjeta,False,4,1965.06,196.51,1768.55,922.2,846.35,47.86,False
ORD-001452,2025-09-05,VER-01,Golfo,Online,Oficina,Lámpara LED,2,560.42,0.1,240.56,Recurrente,Efectivo,False,5,1120.84,112.08,1008.76,481.12,527.64,52.31,False
ORD-002084,2025-09-05,MTY-02,Norte,Tienda,Hogar,Cafetera programable,1,1478.69,0.05,877.9,Nuevo,Tarjeta,False,4,1478.69,73.93,1404.76,877.9,526.86,37.51,False
ORD-002326,2025-09-05,MTY-01,Norte,Online,Electrónica,Teclado mecánico,2,1253.05,0.05,730.32,Recurrente,Efectivo,False,5,2506.1,125.3,2380.8,1460.64,920.16,38.65,False
ORD-002718,2025-09-05,MTY-02,Norte,Tienda,Hogar,Cafetera programable,1,1518.54,0.1,853.05,Recurrente,Tarjeta,False,4,1518.54,151.85,1366.69,853.05,513.64,37.58,False
ORD-003118,2025-09-05,CAN-01,Sureste,Tienda,Oficina,Silla ergonómica,1,2831.14,0.0,1836.32,Recurrente,Tarjeta,False,4,2831.14,0.0,2831.14,1836.32,994.82,35.14,False
ORD-003381,2025-09-05,CHH-01,Norte,Online,Deportes,Tapete de yoga,2,402.78,0.2,158.5,Recurrente,Tarjeta,False,3,805.56,161.11,644.45,317.0,327.45,50.81,False
ORD-003474,2025-09-05,VER-01,Golfo,Tienda,Hogar,Juego de sábanas,5,640.61,0.0,309.67,Nuevo,Tarjeta,False,5,3203.05,0.0,3203.05,1548.35,1654.7,51.66,False
ORD-000548,2025-09-06,MTY-02,Norte,Online,Oficina,Silla ergonómica,1,2848.83,0.0,1836.59,Nuevo,Efectivo,False,5,2848.83,0.0,2848.83,1836.59,1012.24,35.53,False
ORD-000588,2025-09-06,MTY-02,Norte,Tienda,Electrónica,Teclado mecánico,2,1190.73,0.05,728.97,Empresa,Tarjeta,False,3,2381.46,119.07,2262.39,1457.94,804.45,35.56,False
ORD-000672,2025-09-06,GDL-01,Occidente,Tienda,Oficina,Silla ergonómica,1,2950.68,0.0,1842.27,Nuevo,Tarjeta,False,4,2950.68,0.0,2950.68,1842.27,1108.41,37.56,False
ORD-000908,2025-09-06,PUE-01,Centro,Tienda,Hogar,Juego de sábanas,5,641.23,0.05,307.34,Empresa,Tarjeta,False,4,3206.15,160.31,3045.84,1536.7,1509.14,49.55,False
ORD-001007,2025-09-06,CHH-01,Norte,Tienda,Oficina,Organizador de escritorio,5,288.77,0.15,106.89,Nuevo,Tarjeta,False,3,1443.85,216.58,1227.27,534.45,692.82,56.45,False
ORD-001738,2025-09-06,CHH-01,Norte,Online,Oficina,Lámpara LED,1,553.48,0.2,240.22,Empresa,Tarjeta,False,4,553.48,110.7,442.78,240.22,202.56,45.75,False
ORD-001978,2025-09-06,CDMX-01,Centro,Online,Hogar,Cafetera programable,1,1509.4,0.0,884.41,Recurrente,Efectivo,False,4,1509.4,0.0,1509.4,884.41,624.99,41.41,False
ORD-001988,2025-09-06,MTY-02,Norte,Tienda,Hogar,Licuadora,2,989.77,0.1,554.38,Recurrente,Tarjeta,False,3,1979.54,197.95,1781.59,1108.76,672.83,37.77,False
ORD-002327,2025-09-06,MER-01,Sureste,Tienda,Hogar,Licuadora,2,974.5,0.05,561.08,Nuevo,Efectivo,False,4,1949.0,97.45,1851.55,1122.16,729.39,39.39,False
ORD-002597,2025-09-06,MTY-01,Norte,Tienda,Oficina,Silla ergonómica,1,2845.63,0.15,1774.07,Recurrente,Efectivo,False,4,2845.63,426.84,2418.79,1774.07,644.72,26.65,False
ORD-002703,2025-09-06,CDMX-02,Centro,Tienda,Electrónica,Teclado mecánico,1,1140.42,0.0,727.61,Nuevo,Tarjeta,False,5,1140.42,0.0,1140.42,727.61,412.81,36.2,False
ORD-002749,2025-09-06,GDL-02,Occidente,Online,Deportes,Tapete de yoga,1,404.89,0.05,155.85,Recurrente,Tarjeta,False,4,404.89,20.24,384.65,155.85,228.8,59.48,False
ORD-003359,2025-09-06,VER-01,Golfo,Online,Hogar,Cafetera programable,4,1539.54,0.05,882.29,Nuevo,Efectivo,True,3,6158.16,307.91,5850.25,3529.16,2321.09,39.68,False
ORD-003566,2025-09-06,CAN-01,Sureste,Tienda,Oficina,Silla ergonómica,2,2917.95,0.1,1762.31,Nuevo,Tarjeta,False,5,5835.9,583.59,5252.31,3524.62,1727.69,32.89,False
ORD-000026,2025-09-07,CHH-01,Norte,Tienda,Electrónica,Teclado mecánico,2,1211.76,0.0,713.24,Recurrente,Efectivo,False,4,2423.52,0.0,2423.52,1426.48,997.04,41.14,False
ORD-001099,2025-09-07,CAN-01,Sureste,Tienda,Deportes,Mancuernas 10 kg,2,874.22,0.0,519.78,Nuevo,Tarjeta,False,5,1748.44,0.0,1748.44,1039.56,708.88,40.54,False
ORD-001296,2025-09-07,CDMX-02,Centro,Online,Deportes,Mochila deportiva,2,803.92,0.0,336.01,Recurrente,Tarjeta,False,5,1607.84,0.0,1607.84,672.02,935.82,58.2,False
ORD-001361,2025-09-07,CAN-01,Sureste,Online,Hogar,Juego de sábanas,1,640.23,0.2,309.13,Nuevo,Tarjeta,False,5,640.23,128.05,512.18,309.13,203.05,39.64,False
ORD-001602,2025-09-07,MER-01,Sureste,Tienda,Deportes,Mancuernas 10 kg,1,880.46,0.05,520.63,Recurrente,Efectivo,False,5,880.46,44.02,836.44,520.63,315.81,37.76,False
ORD-002643,2025-09-07,CDMX-01,Centro,Tienda,Hogar,Cafetera programable,2,1496.08,0.1,855.6,Nuevo,Efectivo,False,4,2992.16,299.22,2692.94,1711.2,981.74,36.46,False
ORD-002937,2025-09-07,CAN-01,Sureste,Online,Oficina,Silla ergonómica,1,2949.95,0.0,1834.16,Recurrente,Tarjeta,False,5,2949.95,0.0,2949.95,1834.16,1115.79,37.82,False
ORD-003398,2025-09-07,CHH-01,Norte,Tienda,Hogar,Cafetera programable,1,1540.13,0.15,854.13,Recurrente,Tarjeta,True,5,1540.13,231.02,1309.11,854.13,454.98,34.75,False
ORD-003419,2025-09-07,MTY-02,Norte,Tienda,Deportes,Mancuernas 10 kg,2,853.9,0.0,524.45,Recurrente,Efectivo,False,4,1707.8,0.0,1707.8,1048.9,658.9,38.58,False
ORD-003420,2025-09-07,GDL-02,Occidente,Tienda,Deportes,Mochila deportiva,1,734.66,0.1,333.78,Recurrente,Tarjeta,False,5,734.66,73.47,661.19,333.78,327.41,49.52,False
ORD-000088,2025-09-08,GDL-01,Occidente,Tienda,Oficina,Organizador de escritorio,3,300.17,0.15,105.13,Recurrente,Tarjeta,False,5,900.51,135.08,765.43,315.39,450.04,58.8,False
ORD-000460,2025-09-08,GDL-02,Occidente,Tienda,Hogar,Cafetera programable,3,1495.81,0.0,863.08,Nuevo,Tarjeta,False,5,4487.43,0.0,4487.43,2589.24,1898.19,42.3,False
ORD-000566,2025-09-08,VER-01,Golfo,Tienda,Electrónica,Audífonos Bluetooth,4,700.59,0.1,381.18,Nuevo,Transferencia,False,3,2802.36,280.24,2522.12,1524.72,997.4,39.55,False
ORD-001461,2025-09-08,CDMX-02,Centro,Tienda,Deportes,Mancuernas 10 kg,5,903.6,0.05,515.82,Nuevo,Tarjeta,False,4,4518.0,225.9,4292.1,2579.1,1713.0,39.91,False
ORD-001901,2025-09-08,CDMX-01,Centro,Tienda,Hogar,Licuadora,3,970.96,0.0,560.78,Nuevo,Tarjeta,False,2,2912.88,0.0,2912.88,1682.34,1230.54,42.24,False
ORD-002119,2025-09-08,CHH-01,Norte,Tienda,Electrónica,Audífonos Bluetooth,4,717.24,0.0,386.72,Recurrente,Transferencia,False,4,2868.96,0.0,2868.96,1546.88,1322.08,46.08,False
ORD-002627,2025-09-08,CHH-01,Norte,Tienda,Deportes,Tapete de yoga,1,395.93,0.0,160.08,Recurrente,Tarjeta,False,3,395.93,0.0,395.93,160.08,235.85,59.57,False
ORD-002964,2025-09-08,MER-01,Sureste,Online,Oficina,Silla ergonómica,2,2948.28,0.1,1788.64,Nuevo,Tarjeta,False,5,5896.56,589.66,5306.9,3577.28,1729.62,32.59,False
ORD-003312,2025-09-08,CDMX-02,Centro,Online,Deportes,Mancuernas 10 kg,1,869.01,0.05,510.06,Recurrente,Tarjeta,False,5,869.01,43.45,825.56,510.06,315.5,38.22,False
ORD-003339,2025-09-08,MER-01,Sureste,Online,Hogar,Juego de sábanas,4,626.43,0.05,314.26,Nuevo,Tarjeta,False,5,2505.72,125.29,2380.43,1257.04,1123.39,47.19,False
ORD-003391,2025-09-08,CDMX-01,Centro,Tienda,Hogar,Juego de sábanas,3,650.16,0.0,306.45,Recurrente,Transferencia,False,4,1950.48,0.0,1950.48,919.35,1031.13,52.87,False
ORD-003539,2025-09-08,CDMX-02,Centro,Tienda,Deportes,Mochila deportiva,1,764.19,0.05,342.06,Recurrente,Efectivo,False,5,764.19,38.21,725.98,342.06,383.92,52.88,False
ORD-000658,2025-09-09,MTY-02,Norte,Tienda,Oficina,Lámpara LED,6,538.65,0.1,236.35,Nuevo,Tarjeta,False,5,3231.9,323.19,2908.71,1418.1,1490.61,51.25,False
ORD-000827,2025-09-09,GDL-01,Occidente,Tienda,Oficina,Silla ergonómica,3,2883.77,0.15,1810.33,Recurrente,Efectivo,False,4,8651.31,1297.7,7353.61,5430.99,1922.62,26.15,True
ORD-000840,2025-09-09,MTY-01,Norte,Tienda,Electrónica,Monitor 24 pulgadas,6,3358.07,0.1,2347.63,Recurrente,Efectivo,False,5,20148.42,2014.84,18133.58,14085.78,4047.8,22.32,True
ORD-001656,2025-09-09,CDMX-02,Centro,Online,Electrónica,Teclado mecánico,1,1179.12,0.0,713.96,Empresa,Tarjeta,False,5,1179.12,0.0,1179.12,713.96,465.16,39.45,False
ORD-002129,2025-09-09,MER-01,Sureste,Online,Electrónica,Monitor 24 pulgadas,3,3280.77,0.05,2392.9,Recurrente,Tarjeta,False,5,9842.31,492.12,9350.19,7178.7,2171.49,23.22,True
ORD-002170,2025-09-09,VER-01,Golfo,Tienda,Electrónica,Audífonos Bluetooth,1,684.24,0.0,388.2,Nuevo,Efectivo,True,3,684.24,0.0,684.24,388.2,296.04,43.27,False
ORD-002190,2025-09-09,MTY-01,Norte,Tienda,Deportes,Mochila deportiva,3,739.03,0.0,340.19,Recurrente,Tarjeta,False,4,2217.09,0.0,2217.09,1020.57,1196.52,53.97,False
ORD-002601,2025-09-09,MER-01,Sureste,Tienda,Oficina,Silla ergonómica,2,2830.08,0.2,1773.91,Recurrente,Tarjeta,True,5,5660.16,1132.03,4528.13,3547.82,980.31,21.65,False
ORD-003094,2025-09-09,GDL-01,Occidente,Tienda,Deportes,Mancuernas 10 kg,3,893.81,0.05,530.22,Empresa,Efectivo,False,4,2681.43,134.07,2547.36,1590.66,956.7,37.56,False
ORD-000375,2025-09-10,VER-01,Golfo,Tienda,Hogar,Juego de sábanas,1,676.12,0.15,311.15,Nuevo,Tarjeta,False,4,676.12,101.42,574.7,311.15,263.55,45.86,False
ORD-000598,2025-09-10,GDL-02,Occidente,Online,Hogar,Juego de sábanas,1,653.01,0.1,307.2,Nuevo,Efectivo,False,5,653.01,65.3,587.71,307.2,280.51,47.73,False
ORD-001584,2025-09-10,MTY-02,Norte,Tienda,Hogar,Cafetera programable,3,1554.78,0.1,863.88,Recurrente,Tarjeta,False,5,4664.34,466.43,4197.91,2591.64,1606.27,38.26,False
ORD-002145,2025-09-10,GDL-02,Occidente,Tienda,Deportes,Mochila deportiva,3,752.55,0.1,348.8,Recurrente,Tarjeta,False,4,2257.65,225.76,2031.89,1046.4,985.49,48.5,False
ORD-002365,2025-09-10,GDL-02,Occidente,Online,Hogar,Juego de sábanas,1,640.68,0.2,311.77,Nuevo,Tarjeta,False,5,640.68,128.14,512.54,311.77,200.77,39.17,False
ORD-002980,2025-09-10,ZAP-01,Occidente,Tienda,Hogar,Licuadora,3,978.23,0.3,564.91,Nuevo,Tarjeta,False,3,2934.69,880.41,2054.28,1694.73,359.55,17.5,False
ORD-003323,2025-09-10,CAN-01,Sureste,Tienda,Electrónica,Teclado mecánico,1,1240.76,0.05,716.65,Nuevo,Efectivo,False,4,1240.76,62.04,1178.72,716.65,462.07,39.2,False
ORD-003332,2025-09-10,CAN-01,Sureste,Online,Oficina,Silla ergonómica,3,2899.34,0.1,1830.06,Nuevo,Transferencia,False,5,8698.02,869.8,7828.22,5490.18,2338.04,29.87,True
ORD-000899,2025-09-11,CDMX-01,Centro,Online,Oficina,Organizador de escritorio,2,289.28,0.0,104.14,Nuevo,Tarjeta,True,1,578.56,0.0,578.56,208.28,370.28,64.0,False
ORD-000921,2025-09-11,CDMX-02,Centro,Tienda,Electrónica,Teclado mecánico,2,1183.89,0.2,724.18,Recurrente,Tarjeta,False,4,2367.78,473.56,1894.22,1448.36,445.86,23.54,False
ORD-001526,2025-09-11,CHH-01,Norte,Online,Oficina,Organizador de escritorio,1,295.44,0.2,106.02,Nuevo,Tarjeta,False,4,295.44,59.09,236.35,106.02,130.33,55.14,False
ORD-002160,2025-09-11,GDL-02,Occidente,Online,Oficina,Lámpara LED,2,548.39,0.15,236.37,Recurrente,Efectivo,False,4,1096.78,164.52,932.26,472.74,459.52,49.29,False
ORD-002379,2025-09-11,CHH-01,Norte,Tienda,Electrónica,Teclado mecánico,4,1152.36,0.15,709.98,Recurrente,Tarjeta,False,5,4609.44,691.42,3918.02,2839.92,1078.1,27.52,False
ORD-003523,2025-09-11,ZAP-01,Occidente,Tienda,Hogar,Licuadora,3,983.36,0.0,563.82,Nuevo,Tarjeta,False,4,2950.08,0.0,2950.08,1691.46,1258.62,42.66,False
ORD-000254,2025-09-12,CAN-01,Sureste,Tienda,Electrónica,Teclado mecánico,4,1108.8,0.0,738.49,Recurrente,Tarjeta,False,4,4435.2,0.0,4435.2,2953.96,1481.24,33.4,False
ORD-000386,2025-09-12,CDMX-02,Centro,Online,Hogar,Licuadora,1,1019.27,0.2,550.83,Empresa,Tarjeta,False,4,1019.27,203.85,815.42,550.83,264.59,32.45,False
ORD-000434,2025-09-12,MTY-02,Norte,Online,Hogar,Juego de sábanas,1,628.78,0.05,306.45,Nuevo,Efectivo,False,5,628.78,31.44,597.34,306.45,290.89,48.7,False
ORD-000650,2025-09-12,ZAP-01,Occidente,Tienda,Oficina,Lámpara LED,2,540.23,0.15,243.43,Recurrente,Efectivo,False,5,1080.46,162.07,918.39,486.86,431.53,46.99,False
ORD-000973,2025-09-12,CDMX-02,Centro,Online,Electrónica,Audífonos Bluetooth,1,684.99,0.1,390.33,Recurrente,Tarjeta,False,4,684.99,68.5,616.49,390.33,226.16,36.69,False
ORD-001227,2025-09-12,MER-01,Sureste,Tienda,Oficina,Organizador de escritorio,2,296.77,0.1,104.96,Nuevo,Tarjeta,False,5,593.54,59.35,534.19,209.92,324.27,60.7,False
ORD-001588,2025-09-12,GDL-02,Occidente,Tienda,Oficina,Organizador de escritorio,2,299.26,0.0,103.97,Recurrente,Efectivo,True,4,598.52,0.0,598.52,207.94,390.58,65.26,False
ORD-002347,2025-09-12,MER-01,Sureste,Online,Electrónica,Monitor 24 pulgadas,4,3321.0,0.05,2377.72,Recurrente,Transferencia,False,5,13284.0,664.2,12619.8,9510.88,3108.92,24.64,True
ORD-002622,2025-09-12,MTY-01,Norte,Online,Deportes,Mancuernas 10 kg,1,910.06,0.1,516.05,Recurrente,Tarjeta,False,4,910.06,91.01,819.05,516.05,303.0,36.99,False
ORD-002641,2025-09-12,GDL-01,Occidente,Online,Electrónica,Monitor 24 pulgadas,1,3266.15,0.15,2276.32,Recurrente,Tarjeta,True,2,3266.15,489.92,2776.23,2276.32,499.91,18.01,False
ORD-002696,2025-09-12,GDL-02,Occidente,Tienda,Electrónica,Audífonos Bluetooth,1,676.31,0.0,383.55,Recurrente,Transferencia,False,5,676.31,0.0,676.31,383.55,292.76,43.29,False
ORD-003049,2025-09-12,CAN-01,Sureste,Tienda,Electrónica,Teclado mecánico,1,1208.69,0.15,706.76,Recurrente,Tarjeta,False,4,1208.69,181.3,1027.39,706.76,320.63,31.21,False
ORD-003064,2025-09-12,ZAP-01,Occidente,Tienda,Hogar,Licuadora,2,1015.28,0.0,563.79,Recurrente,Tarjeta,False,4,2030.56,0.0,2030.56,1127.58,902.98,44.47,False
ORD-003313,2025-09-12,MTY-02,Norte,Tienda,Deportes,Mancuernas 10 kg,1,917.14,0.1,517.02,Recurrente,Tarjeta,False,5,917.14,91.71,825.43,517.02,308.41,37.36,False
ORD-003489,2025-09-12,VER-01,Golfo,Tienda,Oficina,Silla ergonómica,2,2866.97,0.1,1796.94,Nuevo,Tarjeta,False,5,5733.94,573.39,5160.55,3593.88,1566.67,30.36,False
ORD-000503,2025-09-13,MER-01,Sureste,Online,Electrónica,Teclado mecánico,1,1210.94,0.0,717.81,Nuevo,Tarjeta,False,4,1210.94,0.0,1210.94,717.81,493.13,40.72,False
ORD-000953,2025-09-13,CHH-01,Norte,Tienda,Electrónica,Audífonos Bluetooth,5,709.53,0.05,376.45,Recurrente,Tarjeta,False,3,3547.65,177.38,3370.27,1882.25,1488.02,44.15,False
ORD-002141,2025-09-13,MER-01,Sureste,Tienda,Deportes,Tapete de yoga,4,406.29,0.15,158.43,Recurrente,Efectivo,False,3,1625.16,243.77,1381.39,633.72,747.67,54.12,False
ORD-002147,2025-09-13,PUE-01,Centro,Online,Oficina,Organizador de escritorio,2,283.55,0.05,105.07,Recurrente,Transferencia,False,2,567.1,28.36,538.74,210.14,328.6,60.99,False
ORD-002357,2025-09-13,ZAP-01,Occidente,Online,Electrónica,Monitor 24 pulgadas,2,3351.57,0.0,2305.62,Recurrente,Tarjeta,False,3,6703.14,0.0,6703.14,4611.24,2091.9,31.21,True
ORD-002934,2025-09-13,ZAP-01,Occidente,Tienda,Oficina,Silla ergonómica,6,2810.49,0.1,1864.51,Recurrente,Tarjeta,False,5,16862.94,1686.29,15176.65,11187.06,3989.59,26.29,True
ORD-003121,2025-09-13,GDL-01,Occidente,Tienda,Electrónica,Teclado mecánico,4,1261.24,0.15,734.4,Empresa,Transferencia,False,5,5044.96,756.74,4288.22,2937.6,1350.62,31.5,False
ORD-003251,2025-09-13,MTY-01,Norte,Online,Deportes,Mochila deportiva,1,731.63,0.0,338.18,Empresa,Tarjeta,False,4,731.63,0.0,731.63,338.18,393.45,53.78,False
ORD-003543,2025-09-13,VER-01,Golfo,Tienda,Hogar,Cafetera programable,1,1543.31,0.15,869.93,Recurrente,Efectivo,False,3,1543.31,231.5,1311.81,869.93,441.88,33.68,False
ORD-000406,2025-09-14,CHH-01,Norte,Online,Oficina,Silla ergonómica,1,2973.06,0.2,1880.97,Nuevo,Tarjeta,False,3,2973.06,594.61,2378.45,1880.97,497.48,20.92,False
ORD-000526,2025-09-14,GDL-01,Occidente,Online,Oficina,Organizador de escritorio,5,287.31,0.0,105.14,Empresa,Tarjeta,False,4,1436.55,0.0,1436.55,525.7,910.85,63.41,False
ORD-000954,2025-09-14,PUE-01,Centro,Tienda,Hogar,Juego de sábanas,4,661.93,0.15,299.84,Empresa,Tarjeta,False,4,2647.72,397.16,2250.56,1199.36,1051.2,46.71,False
ORD-001633,2025-09-14,CDMX-01,Centro,Online,Oficina,Silla ergonómica,3,2750.41,0.1,1833.16,Recurrente,Tarjeta,True,4,8251.23,825.12,7426.11,5499.48,1926.63,25.94,True
ORD-002114,2025-09-14,GDL-02,Occidente,Tienda,Electrónica,Teclado mecánico,5,1250.84,0.05,737.6,Recurrente,Tarjeta,False,4,6254.2,312.71,5941.49,3688.0,2253.49,37.93,False
ORD-002430,2025-09-14,MTY-02,Norte,Tienda,Electrónica,Audífonos Bluetooth,4,723.15,0.0,385.48,Nuevo,Tarjeta,True,4,2892.6,0.0,2892.6,1541.92,1350.68,46.69,False
ORD-002777,2025-09-14,ZAP-01,Occidente,Tienda,Hogar,Cafetera programable,1,1534.68,0.1,862.32,Recurrente,Efectivo,False,4,1534.68,153.47,1381.21,862.32,518.89,37.57,False
ORD-002863,2025-09-14,PUE-01,Centro,Tienda,Deportes,Mancuernas 10 kg,1,890.69,0.15,515.65,Empresa,Tarjeta,False,5,890.69,133.6,757.09,515.65,241.44,31.89,False
ORD-003166,2025-09-14,CAN-01,Sureste,Tienda,Oficina,Lámpara LED,1,544.13,0.2,242.63,Nuevo,Efectivo,False,5,544.13,108.83,435.3,242.63,192.67,44.26,False
ORD-003290,2025-09-14,MER-01,Sureste,Online,Electrónica,Teclado mecánico,1,1229.58,0.0,736.59,Recurrente,Efectivo,False,2,1229.58,0.0,1229.58,736.59,492.99,40.09,False
ORD-000082,2025-09-15,PUE-01,Centro,Tienda,Oficina,Silla ergonómica,2,2938.07,0.0,1785.56,Recurrente,Tarjeta,False,5,5876.14,0.0,5876.14,3571.12,2305.02,39.23,False
ORD-000130,2025-09-15,CAN-01,Sureste,Tienda,Deportes,Mochila deportiva,2,761.07,0.15,337.95,Recurrente,Efectivo,False,4,1522.14,228.32,1293.82,675.9,617.92,47.76,False
ORD-001402,2025-09-15,VER-01,Golfo,Online,Deportes,Mancuernas 10 kg,5,902.02,0.15,520.13,Recurrente,Tarjeta,False,3,4510.1,676.52,3833.58,2600.65,1232.93,32.16,False
ORD-001519,2025-09-15,MER-01,Sureste,Online,Deportes,Mochila deportiva,2,753.71,0.05,347.67,Recurrente,Tarjeta,False,4,1507.42,75.37,1432.05,695.34,736.71,51.44,False
ORD-001593,2025-09-15,MTY-02,Norte,Tienda,Hogar,Juego de sábanas,5,649.66,0.15,317.67,Nuevo,Tarjeta,False,3,3248.3,487.24,2761.06,1588.35,1172.71,42.47,False
ORD-001624,2025-09-15,MTY-02,Norte,Online,Hogar,Juego de sábanas,1,627.68,0.0,304.16,Recurrente,Tarjeta,False,5,627.68,0.0,627.68,304.16,323.52,51.54,False
ORD-001998,2025-09-15,MTY-02,Norte,Online,Electrónica,Audífonos Bluetooth,1,713.5,0.1,382.36,Nuevo,Transferencia,False,3,713.5,71.35,642.15,382.36,259.79,40.46,False
ORD-002741,2025-09-15,PUE-01,Centro,Online,Hogar,Cafetera programable,4,1503.45,0.05,871.75,Recurrente,Transferencia,False,4,6013.8,300.69,5713.11,3487.0,2226.11,38.96,False
ORD-002955,2025-09-15,MTY-01,Norte,Tienda,Oficina,Lámpara LED,1,574.57,0.3,239.69,Empresa,Tarjeta,False,2,574.57,172.37,402.2,239.69,162.51,40.41,False
ORD-003079,2025-09-15,MTY-01,Norte,Tienda,Deportes,Mochila deportiva,2,779.73,0.2,331.75,Nuevo,Tarjeta,False,2,1559.46,311.89,1247.57,663.5,584.07,46.82,False
ORD-003151,2025-09-15,MTY-02,Norte,Online,Hogar,Licuadora,3,986.65,0.0,564.15,Recurrente,Efectivo,False,3,2959.95,0.0,2959.95,1692.45,1267.5,42.82,False
ORD-003441,2025-09-15,VER-01,Golfo,Online,Deportes,Mochila deportiva,5,743.41,0.05,342.22,Recurrente,Efectivo,True,4,3717.05,185.85,3531.2,1711.1,1820.1,51.54,False
ORD-000281,2025-09-16,MTY-02,Norte,Tienda,Hogar,Licuadora,1,968.55,0.0,561.61,Recurrente,Tarjeta,True,5,968.55,0.0,968.55,561.61,406.94,42.02,False
ORD-000918,2025-09-16,ZAP-01,Occidente,Tienda,Hogar,Cafetera programable,1,1559.97,0.15,874.43,Recurrente,Tarjeta,False,3,1559.97,234.0,1325.97,874.43,451.54,34.05,False
ORD-002133,2025-09-16,GDL-02,Occidente,Tienda,Oficina,Lámpara LED,3,577.77,0.1,238.55,Nuevo,Tarjeta,False,4,1733.31,173.33,1559.98,715.65,844.33,54.12,False
ORD-002159,2025-09-16,CDMX-02,Centro,Tienda,Electrónica,Monitor 24 pulgadas,1,3380.7,0.0,2395.44,Nuevo,Transferencia,False,4,3380.7,0.0,3380.7,2395.44,985.26,29.14,False
ORD-002195,2025-09-16,CAN-01,Sureste,Tienda,Deportes,Mancuernas 10 kg,4,867.99,0.05,508.76,Nuevo,Efectivo,False,5,3471.96,173.6,3298.36,2035.04,1263.32,38.3,False
ORD-002196,2025-09-16,MER-01,Sureste,Tienda,Deportes,Tapete de yoga,1,375.36,0.15,156.42,Recurrente,Tarjeta,False,2,375.36,56.3,319.06,156.42,162.64,50.97,False
ORD-002539,2025-09-16,GDL-01,Occidente,Online,Hogar,Cafetera programable,2,1507.48,0.0,880.75,Recurrente,Efectivo,False,5,3014.96,0.0,3014.96,1761.5,1253.46,41.57,False
ORD-002849,2025-09-16,MTY-01,Norte,Tienda,Oficina,Organizador de escritorio,5,293.66,0.0,104.51,Nuevo,Efectivo,False,5,1468.3,0.0,1468.3,522.55,945.75,64.41,False
ORD-002916,2025-09-16,CHH-01,Norte,Online,Oficina,Organizador de escritorio,4,291.03,0.0,105.16,Recurrente,Efectivo,False,5,1164.12,0.0,1164.12,420.64,743.48,63.87,False
ORD-003133,2025-09-16,CDMX-01,Centro,Tienda,Hogar,Cafetera programable,2,1409.49,0.15,860.72,Nuevo,Transferencia,False,4,2818.98,422.85,2396.13,1721.44,674.69,28.16,False
ORD-003354,2025-09-16,ZAP-01,Occidente,Tienda,Hogar,Cafetera programable,6,1475.4,0.05,864.42,Recurrente,Tarjeta,True,4,8852.4,442.62,8409.78,5186.52,3223.26,38.33,True
ORD-003362,2025-09-16,CAN-01,Sureste,Tienda,Electrónica,Monitor 24 pulgadas,1,3440.51,0.0,2361.54,Nuevo,Efectivo,False,2,3440.51,0.0,3440.51,2361.54,1078.97,31.36,False
ORD-000321,2025-09-17,CDMX-02,Centro,Tienda,Hogar,Juego de sábanas,5,665.82,0.2,305.09,Nuevo,Efectivo,False,4,3329.1,665.82,2663.28,1525.45,1137.83,42.72,False
ORD-000376,2025-09-17,CDMX-01,Centro,Online,Hogar,Cafetera programable,1,1495.71,0.0,897.41,Nuevo,Tarjeta,False,4,1495.71,0.0,1495.71,897.41,598.3,40.0,False
ORD-000421,2025-09-17,VER-01,Golfo,Tienda,Hogar,Cafetera programable,1,1464.87,0.0,874.26,Recurrente,Tarjeta,False,1,1464.87,0.0,1464.87,874.26,590.61,40.32,False
ORD-000640,2025-09-17,GDL-02,Occidente,Tienda,Electrónica,Teclado mecánico,3,1174.32,0.0,724.47,Nuevo,Efectivo,False,5,3522.96,0.0,3522.96,2173.41,1349.55,38.31,False
ORD-000698,2025-09-17,GDL-01,Occidente,Tienda,Oficina,Lámpara LED,2,560.18,0.0,239.92,Recurrente,Transferencia,False,5,1120.36,0.0,1120.36,479.84,640.52,57.17,False
ORD-001804,2025-09-17,ZAP-01,Occidente,Online,Deportes,Mancuernas 10 kg,2,914.26,0.15,531.42,Nuevo,Tarjeta,False,4,1828.52,274.28,1554.24,1062.84,491.4,31.62,False
ORD-001969,2025-09-17,MTY-01,Norte,Online,Electrónica,Teclado mecánico,1,1156.92,0.1,697.81,Recurrente,Tarjeta,True,2,1156.92,115.69,1041.23,697.81,343.42,32.98,False
ORD-002026,2025-09-17,CDMX-01,Centro,Online,Oficina,Lámpara LED,2,546.37,0.1,237.61,Empresa,Tarjeta,False,4,1092.74,109.27,983.47,475.22,508.25,51.68,False
ORD-002293,2025-09-17,CDMX-01,Centro,Tienda,Electrónica,Monitor 24 pulgadas,2,3360.85,0.1,2279.36,Recurrente,Tarjeta,False,4,6721.7,672.17,6049.53,4558.72,1490.81,24.64,False
ORD-002897,2025-09-17,CHH-01,Norte,Online,Hogar,Juego de sábanas,2,647.97,0.1,310.7,Recurrente,Transferencia,False,4,1295.94,129.59,1166.35,621.4,544.95,46.72,False
ORD-003080,2025-09-17,CHH-01,Norte,Online,Oficina,Organizador de escritorio,1,292.21,0.0,104.33,Empresa,Tarjeta,False,4,292.21,0.0,292.21,104.33,187.88,64.3,False
ORD-003430,2025-09-17,GDL-02,Occidente,Online,Hogar,Licuadora,1,1008.14,0.0,567.5,Recurrente,Efectivo,False,5,1008.14,0.0,1008.14,567.5,440.64,43.71,False
ORD-000001,2025-09-18,MER-01,Sureste,Online,Oficina,Organizador de escritorio,1,290.32,0.1,101.4,Recurrente,Tarjeta,False,5,290.32,29.03,261.29,101.4,159.89,61.19,False
ORD-000772,2025-09-18,VER-01,Golfo,Tienda,Oficina,Lámpara LED,3,549.34,0.05,240.65,Nuevo,Efectivo,True,5,1648.02,82.4,1565.62,721.95,843.67,53.89,False
ORD-000970,2025-09-18,CDMX-01,Centro,Online,Deportes,Mochila deportiva,1,784.79,0.0,341.41,Recurrente,Efectivo,False,2,784.79,0.0,784.79,341.41,443.38,56.5,False
ORD-001058,2025-09-18,MER-01,Sureste,Tienda,Electrónica,Audífonos Bluetooth,1,691.49,0.0,386.99,Recurrente,Efectivo,False,4,691.49,0.0,691.49,386.99,304.5,44.04,False
ORD-001833,2025-09-18,GDL-02,Occidente,Online,Hogar,Juego de sábanas,1,633.61,0.05,313.16,Recurrente,Efectivo,False,5,633.61,31.68,601.93,313.16,288.77,47.97,False
ORD-002331,2025-09-18,CHH-01,Norte,Tienda,Hogar,Juego de sábanas,1,662.28,0.1,304.33,Nuevo,Tarjeta,False,5,662.28,66.23,596.05,304.33,291.72,48.94,False
ORD-002383,2025-09-18,MTY-02,Norte,Tienda,Deportes,Mancuernas 10 kg,5,905.0,0.0,530.74,Recurrente,Tarjeta,False,4,4525.0,0.0,4525.0,2653.7,1871.3,41.35,False
ORD-002494,2025-09-18,GDL-01,Occidente,Tienda,Deportes,Mochila deportiva,1,752.55,0.15,345.57,Recurrente,Tarjeta,False,3,752.55,112.88,639.67,345.57,294.1,45.98,False
ORD-002505,2025-09-18,GDL-01,Occidente,Online,Deportes,Mochila deportiva,2,758.16,0.1,328.43,Empresa,Tarjeta,False,4,1516.32,151.63,1364.69,656.86,707.83,51.87,False
ORD-003507,2025-09-18,CHH-01,Norte,Tienda,Oficina,Silla ergonómica,1,2905.23,0.05,1818.87,Recurrente,Tarjeta,False,5,2905.23,145.26,2759.97,1818.87,941.1,34.1,False
ORD-001134,2025-09-19,PUE-01,Centro,Tienda,Deportes,Mochila deportiva,1,719.15,0.15,337.44,Nuevo,Transferencia,False,5,719.15,107.87,611.28,337.44,273.84,44.8,False
ORD-001655,2025-09-19,CDMX-01,Centro,Tienda,Deportes,Mancuernas 10 kg,4,905.91,0.1,524.73,Nuevo,Efectivo,False,4,3623.64,362.36,3261.28,2098.92,1162.36,35.64,False
ORD-001995,2025-09-19,CAN-01,Sureste,Online,Hogar,Cafetera programable,2,1465.89,0.0,862.93,Recurrente,Tarjeta,False,4,2931.78,0.0,2931.78,1725.86,1205.92,41.13,False
ORD-002009,2025-09-19,VER-01,Golfo,Tienda,Hogar,Cafetera programable,1,1461.5,0.15,876.33,Recurrente,Efectivo,False,5,1461.5,219.22,1242.28,876.33,365.95,29.46,False
ORD-002277,2025-09-19,ZAP-01,Occidente,Online,Deportes,Mancuernas 10 kg,6,904.88,0.05,516.78,Recurrente,Tarjeta,True,4,5429.28,271.46,5157.82,3100.68,2057.14,39.88,False
ORD-002424,2025-09-19,MTY-01,Norte,Tienda,Oficina,Lámpara LED,2,504.34,0.0,241.57,Recurrente,Efectivo,False,5,1008.68,0.0,1008.68,483.14,525.54,52.1,False
ORD-002763,2025-09-19,CDMX-01,Centro,Tienda,Electrónica,Audífonos Bluetooth,1,674.78,0.15,391.17,Recurrente,Tarjeta,False,5,674.78,101.22,573.56,391.17,182.39,31.8,False
ORD-003100,2025-09-19,CAN-01,Sureste,Tienda,Deportes,Mancuernas 10 kg,3,849.8,0.1,527.35,Nuevo,Tarjeta,False,5,2549.4,254.94,2294.46,1582.05,712.41,31.05,False
ORD-003186,2025-09-19,CAN-01,Sureste,Online,Hogar,Juego de sábanas,1,632.47,0.15,316.28,Recurrente,Transferencia,False,5,632.47,94.87,537.6,316.28,221.32,41.17,False
ORD-003403,2025-09-19,MTY-01,Norte,Online,Deportes,Mochila deportiva,3,726.47,0.0,341.63,Recurrente,Transferencia,False,3,2179.41,0.0,2179.41,1024.89,1154.52,52.97,False
ORD-000425,2025-09-20,ZAP-01,Occidente,Tienda,Electrónica,Audífonos Bluetooth,3,704.08,0.05,381.34,Nuevo,Tarjeta,False,3,2112.24,105.61,2006.63,1144.02,862.61,42.99,False
ORD-000451,2025-09-20,MER-01,Sureste,Online,Electrónica,Teclado mecánico,1,1202.91,0.0,736.75,Nuevo,Efectivo,False,5,1202.91,0.0,1202.91,736.75,466.16,38.75,False
ORD-000757,2025-09-20,VER-01,Golfo,Tienda,Electrónica,Monitor 24 pulgadas,5,3187.53,0.0,2349.14,Recurrente,Tarjeta,False,3,15937.65,0.0,15937.65,11745.7,4191.95,26.3,True
ORD-001164,2025-09-20,CAN-01,Sureste,Tienda,Deportes,Tapete de yoga,4,418.44,0.0,156.91,Recurrente,Efectivo,False,5,1673.76,0.0,1673.76,627.64,1046.12,62.5,False
ORD-001785,2025-09-20,PUE-01,Centro,Online,Electrónica,Monitor 24 pulgadas,1,3432.07,0.05,2321.35,Empresa,Tarjeta,False,1,3432.07,171.6,3260.47,2321.35,939.12,28.8,False
ORD-001809,2025-09-20,VER-01,Golfo,Tienda,Hogar,Cafetera programable,1,1529.35,0.15,872.75,Recurrente,Efectivo,True,5,1529.35,229.4,1299.95,872.75,427.2,32.86,False
ORD-002022,2025-09-20,CDMX-02,Centro,Online,Electrónica,Monitor 24 pulgadas,2,3310.84,0.2,2358.1,Recurrente,Tarjeta,True,3,6621.68,1324.34,5297.34,4716.2,581.14,10.97,False
ORD-002186,2025-09-20,MTY-02,Norte,Online,Hogar,Cafetera programable,2,1485.99,0.15,847.78,Nuevo,Tarjeta,False,5,2971.98,445.8,2526.18,1695.56,830.62,32.88,False
ORD-002569,2025-09-20,CAN-01,Sureste,Tienda,Hogar,Cafetera programable,6,1532.02,0.1,880.41,Nuevo,Tarjeta,False,4,9192.12,919.21,8272.91,5282.46,2990.45,36.15,True
ORD-002887,2025-09-20,CDMX-01,Centro,Online,Electrónica,Teclado mecánico,2,1220.39,0.15,716.98,Recurrente,Tarjeta,False,5,2440.78,366.12,2074.66,1433.96,640.7,30.88,False
ORD-000085,2025-09-21,MTY-02,Norte,Online,Deportes,Mochila deportiva,3,705.8,0.15,326.1,Recurrente,Efectivo,False,5,2117.4,317.61,1799.79,978.3,821.49,45.64,False
ORD-001244,2025-09-21,PUE-01,Centro,Tienda,Hogar,Cafetera programable,4,1514.58,0.2,870.73,Recurrente,Tarjeta,False,4,6058.32,1211.66,4846.66,3482.92,1363.74,28.14,False
ORD-001394,2025-09-21,CAN-01,Sureste,Tienda,Oficina,Silla ergonómica,1,2896.27,0.15,1812.28,Recurrente,Tarjeta,False,5,2896.27,434.44,2461.83,1812.28,649.55,26.38,False
ORD-001667,2025-09-21,CHH-01,Norte,Tienda,Hogar,Juego de sábanas,2,623.53,0.05,311.43,Recurrente,Tarjeta,False,5,1247.06,62.35,1184.71,622.86,561.85,47.43,False
ORD-002197,2025-09-21,ZAP-01,Occidente,Online,Oficina,Organizador de escritorio,1,288.57,0.1,106.43,Nuevo,Efectivo,False,4,288.57,28.86,259.71,106.43,153.28,59.02,False
ORD-002228,2025-09-21,CDMX-01,Centro,Online,Electrónica,Monitor 24 pulgadas,3,3319.07,0.15,2398.57,Recurrente,Tarjeta,False,2,9957.21,1493.58,8463.63,7195.71,1267.92,14.98,True
ORD-002273,2025-09-21,VER-01,Golfo,Tienda,Deportes,Mochila deportiva,2,726.98,0.05,330.31,Nuevo,Efectivo,False,4,1453.96,72.7,1381.26,660.62,720.64,52.17,False
ORD-002345,2025-09-21,VER-01,Golfo,Tienda,Oficina,Organizador de escritorio,1,301.43,0.2,106.69,Recurrente,Tarjeta,False,4,301.43,60.29,241.14,106.69,134.45,55.76,False
ORD-002410,2025-09-21,CHH-01,Norte,Tienda,Electrónica,Monitor 24 pulgadas,2,3284.45,0.1,2366.4,Empresa,Transferencia,False,4,6568.9,656.89,5912.01,4732.8,1179.21,19.95,False
ORD-002411,2025-09-21,MTY-02,Norte,Tienda,Oficina,Lámpara LED,3,544.47,0.05,242.84,Recurrente,Transferencia,False,4,1633.41,81.67,1551.74,728.52,823.22,53.05,False
ORD-002564,2025-09-21,CHH-01,Norte,Tienda,Electrónica,Monitor 24 pulgadas,3,3330.25,0.0,2342.45,Recurrente,Efectivo,False,5,9990.75,0.0,9990.75,7027.35,2963.4,29.66,True
ORD-002652,2025-09-21,CHH-01,Norte,Tienda,Oficina,Organizador de escritorio,3,279.81,0.05,102.89,Nuevo,Tarjeta,False,5,839.43,41.97,797.46,308.67,488.79,61.29,False
ORD-002705,2025-09-21,VER-01,Golfo,Tienda,Deportes,Mancuernas 10 kg,4,869.43,0.1,522.53,Recurrente,Tarjeta,True,4,3477.72,347.77,3129.95,2090.12,1039.83,33.22,False
ORD-002871,2025-09-21,ZAP-01,Occidente,Online,Deportes,Mochila deportiva,1,739.23,0.15,338.22,Empresa,Transferencia,True,2,739.23,110.88,628.35,338.22,290.13,46.17,False
ORD-000271,2025-09-22,CHH-01,Norte,Tienda,Deportes,Mancuernas 10 kg,2,916.1,0.15,515.88,Recurrente,Tarjeta,False,1,1832.2,274.83,1557.37,1031.76,525.61,33.75,False
ORD-000850,2025-09-22,VER-01,Golfo,Tienda,Oficina,Silla ergonómica,2,3026.3,0.3,1853.59,Nuevo,Efectivo,False,4,6052.6,1815.78,4236.82,3707.18,529.64,12.5,False
ORD-001183,2025-09-22,MER-01,Sureste,Online,Hogar,Licuadora,2,1025.15,0.1,546.44,Recurrente,Tarjeta,False,5,2050.3,205.03,1845.27,1092.88,752.39,40.77,False
ORD-002030,2025-09-22,CDMX-01,Centro,Tienda,Deportes,Mochila deportiva,2,737.81,0.2,342.13,Nuevo,Tarjeta,False,2,1475.62,295.12,1180.5,684.26,496.24,42.04,False
ORD-002094,2025-09-22,GDL-02,Occidente,Tienda,Electrónica,Teclado mecánico,4,1215.14,0.0,737.18,Recurrente,Tarjeta,False,1,4860.56,0.0,4860.56,2948.72,1911.84,39.33,False
ORD-002188,2025-09-22,MTY-02,Norte,Tienda,Electrónica,Monitor 24 pulgadas,6,3299.64,0.15,2332.15,Recurrente,Tarjeta,True,4,19797.84,2969.68,16828.16,13992.9,2835.26,16.85,True
ORD-002400,2025-09-22,ZAP-01,Occidente,Tienda,Hogar,Licuadora,2,979.23,0.05,568.63,Nuevo,Tarjeta,False,4,1958.46,97.92,1860.54,1137.26,723.28,38.87,False
ORD-002434,2025-09-22,MTY-02,Norte,Tienda,Hogar,Cafetera programable,2,1475.01,0.3,864.42,Nuevo,Tarjeta,False,4,2950.02,885.01,2065.01,1728.84,336.17,16.28,False
ORD-002670,2025-09-22,ZAP-01,Occidente,Tienda,Electrónica,Monitor 24 pulgadas,2,3167.99,0.0,2339.38,Recurrente,Tarjeta,False,4,6335.98,0.0,6335.98,4678.76,1657.22,26.16,True
ORD-001104,2025-09-23,CAN-01,Sureste,Tienda,Hogar,Cafetera programable,3,1526.45,0.1,862.9,Nuevo,Tarjeta,False,3,4579.35,457.94,4121.41,2588.7,1532.71,37.19,False
ORD-002302,2025-09-23,CHH-01,Norte,Online,Deportes,Mancuernas 10 kg,4,880.66,0.15,528.35,Nuevo,Efectivo,False,5,3522.64,528.4,2994.24,2113.4,880.84,29.42,False
ORD-003234,2025-09-23,MTY-02,Norte,Online,Oficina,Organizador de escritorio,2,287.13,0.1,105.75,Nuevo,Tarjeta,False,5,574.26,57.43,516.83,211.5,305.33,59.08,False
ORD-003444,2025-09-23,MTY-01,Norte,Tienda,Oficina,Silla ergonómica,1,2940.45,0.05,1770.68,Nuevo,Efectivo,False,4,2940.45,147.02,2793.43,1770.68,1022.75,36.61,False
ORD-000117,2025-09-24,CDMX-01,Centro,Online,Oficina,Silla ergonómica,3,2890.26,0.2,1846.05,Nuevo,Tarjeta,False,3,8670.78,1734.16,6936.62,5538.15,1398.47,20.16,True
ORD-000818,2025-09-24,VER-01,Golfo,Tienda,Electrónica,Audífonos Bluetooth,4,735.94,0.05,371.32,Empresa,Tarjeta,False,5,2943.76,147.19,2796.57,1485.28,1311.29,46.89,False
ORD-000965,2025-09-24,GDL-01,Occidente,Tienda,Electrónica,Teclado mecánico,1,1170.0,0.0,721.98,Nuevo,Efectivo,False,4,1170.0,0.0,1170.0,721.98,448.02,38.29,False
ORD-001613,2025-09-24,GDL-01,Occidente,Online,Hogar,Cafetera programable,3,1478.02,0.0,878.59,Nuevo,Tarjeta,False,3,4434.06,0.0,4434.06,2635.77,1798.29,40.56,False
ORD-001745,2025-09-24,MTY-01,Norte,Tienda,Deportes,Mancuernas 10 kg,1,918.69,0.05,531.26,Recurrente,Tarjeta,False,5,918.69,45.93,872.76,531.26,341.5,39.13,False
ORD-001835,2025-09-24,PUE-01,Centro,Tienda,Hogar,Cafetera programable,1,1520.14,0.05,868.9,Recurrente,Tarjeta,False,5,1520.14,76.01,1444.13,868.9,575.23,39.83,False
ORD-002804,2025-09-24,ZAP-01,Occidente,Online,Oficina,Silla ergonómica,4,2844.04,0.2,1839.36,Recurrente,Efectivo,False,5,11376.16,2275.23,9100.93,7357.44,1743.49,19.16,True
ORD-002926,2025-09-24,CDMX-01,Centro,Tienda,Deportes,Tapete de yoga,4,394.56,0.0,163.19,Empresa,Transferencia,False,5,1578.24,0.0,1578.24,652.76,925.48,58.64,False
ORD-003015,2025-09-24,CDMX-01,Centro,Tienda,Hogar,Licuadora,4,979.72,0.1,573.08,Nuevo,Tarjeta,False,4,3918.88,391.89,3526.99,2292.32,1234.67,35.01,False
ORD-003317,2025-09-24,MTY-02,Norte,Tienda,Oficina,Silla ergonómica,1,2896.14,0.0,1805.52,Recurrente,Tarjeta,False,3,2896.14,0.0,2896.14,1805.52,1090.62,37.66,False
ORD-000632,2025-09-25,CDMX-01,Centro,Online,Hogar,Cafetera programable,5,1509.64,0.05,865.12,Recurrente,Tarjeta,True,5,7548.2,377.41,7170.79,4325.6,2845.19,39.68,True
ORD-000893,2025-09-25,ZAP-01,Occidente,Tienda,Electrónica,Monitor 24 pulgadas,2,3213.62,0.0,2312.27,Recurrente,Tarjeta,False,4,6427.24,0.0,6427.24,4624.54,1802.7,28.05,True
ORD-000913,2025-09-25,MTY-02,Norte,Online,Deportes,Tapete de yoga,2,415.63,0.05,163.19,Recurrente,Efectivo,False,3,831.26,41.56,789.7,326.38,463.32,58.67,False
ORD-002097,2025-09-25,CAN-01,Sureste,Tienda,Electrónica,Teclado mecánico,5,1186.33,0.2,722.87,Recurrente,Transferencia,False,2,5931.65,1186.33,4745.32,3614.35,1130.97,23.83,False
ORD-002164,2025-09-25,CDMX-02,Centro,Online,Deportes,Tapete de yoga,3,394.74,0.1,163.42,Recurrente,Tarjeta,False,5,1184.22,118.42,1065.8,490.26,575.54,54.0,False
ORD-002538,2025-09-25,MER-01,Sureste,Tienda,Electrónica,Audífonos Bluetooth,6,634.37,0.0,383.1,Recurrente,Tarjeta,False,4,3806.22,0.0,3806.22,2298.6,1507.62,39.61,False
ORD-003109,2025-09-25,CDMX-01,Centro,Online,Electrónica,Audífonos Bluetooth,1,705.01,0.0,384.06,Nuevo,Efectivo,False,1,705.01,0.0,705.01,384.06,320.95,45.52,False
ORD-003129,2025-09-25,CDMX-01,Centro,Tienda,Deportes,Mancuernas 10 kg,2,893.09,0.1,529.02,Empresa,Tarjeta,False,4,1786.18,178.62,1607.56,1058.04,549.52,34.18,False
ORD-000809,2025-09-26,ZAP-01,Occidente,Tienda,Electrónica,Teclado mecánico,1,1129.18,0.05,730.72,Nuevo,Tarjeta,False,3,1129.18,56.46,1072.72,730.72,342.0,31.88,False
ORD-001075,2025-09-26,MER-01,Sureste,Tienda,Deportes,Mancuernas 10 kg,3,913.34,0.0,535.14,Nuevo,Efectivo,True,2,2740.02,0.0,2740.02,1605.42,1134.6,41.41,False
ORD-001314,2025-09-26,CDMX-01,Centro,Tienda,Hogar,Cafetera programable,1,1524.38,0.0,855.81,Nuevo,Tarjeta,False,4,1524.38,0.0,1524.38,855.81,668.57,43.86,False
ORD-001354,2025-09-26,CHH-01,Norte,Online,Deportes,Mancuernas 10 kg,3,880.31,0.05,526.32,Nuevo,Tarjeta,False,4,2640.93,132.05,2508.88,1578.96,929.92,37.07,False
ORD-002111,2025-09-26,ZAP-01,Occidente,Online,Hogar,Juego de sábanas,2,665.5,0.1,311.25,Recurrente,Tarjeta,True,5,1331.0,133.1,1197.9,622.5,575.4,48.03,False
ORD-002287,2025-09-26,VER-01,Golfo,Tienda,Oficina,Silla ergonómica,2,2857.86,0.1,1864.13,Recurrente,Tarjeta,False,5,5715.72,571.57,5144.15,3728.26,1415.89,27.52,False
ORD-003415,2025-09-26,GDL-01,Occidente,Tienda,Hogar,Cafetera programable,1,1540.89,0.1,858.2,Recurrente,Transferencia,False,3,1540.89,154.09,1386.8,858.2,528.6,38.12,False
ORD-003521,2025-09-26,MTY-01,Norte,Tienda,Electrónica,Audífonos Bluetooth,3,689.11,0.2,382.85,Recurrente,Efectivo,False,4,2067.33,413.47,1653.86,1148.55,505.31,30.55,False
ORD-001374,2025-09-27,GDL-02,Occidente,Tienda,Hogar,Licuadora,6,1017.28,0.2,556.57,Recurrente,Transferencia,True,3,6103.68,1220.74,4882.94,3339.42,1543.52,31.61,False
ORD-001958,2025-09-27,PUE-01,Centro,Tienda,Oficina,Silla ergonómica,1,2850.24,0.1,1820.22,Recurrente,Tarjeta,False,4,2850.24,285.02,2565.22,1820.22,745.0,29.04,False
ORD-002306,2025-09-27,CHH-01,Norte,Online,Deportes,Mancuernas 10 kg,1,879.58,0.2,519.49,Recurrente,Efectivo,False,4,879.58,175.92,703.66,519.49,184.17,26.17,False
ORD-002688,2025-09-27,MTY-02,Norte,Tienda,Deportes,Mancuernas 10 kg,2,929.19,0.2,516.85,Nuevo,Efectivo,True,3,1858.38,371.68,1486.7,1033.7,453.0,30.47,False
ORD-002841,2025-09-27,CHH-01,Norte,Tienda,Hogar,Cafetera programable,5,1499.26,0.1,874.6,Recurrente,Tarjeta,False,5,7496.3,749.63,6746.67,4373.0,2373.67,35.18,True
ORD-003084,2025-09-27,ZAP-01,Occidente,Tienda,Hogar,Cafetera programable,2,1556.31,0.0,889.74,Recurrente,Transferencia,False,4,3112.62,0.0,3112.62,1779.48,1333.14,42.83,False
ORD-003099,2025-09-27,ZAP-01,Occidente,Tienda,Deportes,Mancuernas 10 kg,1,873.01,0.15,510.9,Recurrente,Transferencia,False,4,873.01,130.95,742.06,510.9,231.16,31.15,False
ORD-003472,2025-09-27,GDL-02,Occidente,Online,Deportes,Tapete de yoga,2,391.06,0.15,162.81,Recurrente,Tarjeta,False,4,782.12,117.32,664.8,325.62,339.18,51.02,False
ORD-000513,2025-09-28,CDMX-02,Centro,Tienda,Oficina,Organizador de escritorio,5,290.76,0.05,101.88,Nuevo,Tarjeta,False,4,1453.8,72.69,1381.11,509.4,871.71,63.12,False
ORD-001160,2025-09-28,PUE-01,Centro,Tienda,Electrónica,Teclado mecánico,1,1193.1,0.05,720.8,Recurrente,Tarjeta,False,5,1193.1,59.66,1133.44,720.8,412.64,36.41,False
ORD-001431,2025-09-28,ZAP-01,Occidente,Tienda,Electrónica,Monitor 24 pulgadas,1,3365.15,0.0,2339.58,Recurrente,Tarjeta,False,4,3365.15,0.0,3365.15,2339.58,1025.57,30.48,False
ORD-002020,2025-09-28,CDMX-02,Centro,Tienda,Hogar,Licuadora,1,997.2,0.0,562.03,Nuevo,Tarjeta,True,5,997.2,0.0,997.2,562.03,435.17,43.64,False
ORD-003157,2025-09-28,CDMX-01,Centro,Tienda,Hogar,Licuadora,1,1014.56,0.15,563.69,Empresa,Tarjeta,False,5,1014.56,152.18,862.38,563.69,298.69,34.64,False
ORD-003481,2025-09-28,GDL-01,Occidente,Tienda,Oficina,Lámpara LED,2,538.37,0.0,237.48,Recurrente,Tarjeta,False,4,1076.74,0.0,1076.74,474.96,601.78,55.89,False
ORD-000395,2025-09-29,CHH-01,Norte,Online,Oficina,Lámpara LED,4,553.2,0.0,233.55,Recurrente,Tarjeta,False,4,2212.8,0.0,2212.8,934.2,1278.6,57.78,False
ORD-000545,2025-09-29,GDL-01,Occidente,Tienda,Deportes,Mancuernas 10 kg,3,886.93,0.05,517.42,Nuevo,Tarjeta,False,5,2660.79,133.04,2527.75,1552.26,975.49,38.59,False
ORD-000599,2025-09-29,GDL-02,Occidente,Online,Deportes,Tapete de yoga,4,374.94,0.1,159.25,Recurrente,Tarjeta,False,5,1499.76,149.98,1349.78,637.0,712.78,52.81,False
ORD-001445,2025-09-29,CDMX-02,Centro,Tienda,Hogar,Cafetera programable,1,1504.65,0.05,861.97,Nuevo,Tarjeta,False,2,1504.65,75.23,1429.42,861.97,567.45,39.7,False
ORD-001531,2025-09-29,CDMX-02,Centro,Online,Deportes,Mochila deportiva,4,763.43,0.1,342.15,Recurrente,Transferencia,False,4,3053.72,305.37,2748.35,1368.6,1379.75,50.2,False
ORD-002152,2025-09-29,CDMX-01,Centro,Tienda,Hogar,Juego de sábanas,1,632.12,0.0,304.53,Nuevo,Tarjeta,False,3,632.12,0.0,632.12,304.53,327.59,51.82,False
ORD-002404,2025-09-29,CDMX-02,Centro,Tienda,Electrónica,Monitor 24 pulgadas,2,3466.29,0.2,2361.09,Nuevo,Efectivo,False,5,6932.58,1386.52,5546.06,4722.18,823.88,14.86,False
ORD-002738,2025-09-29,GDL-02,Occidente,Tienda,Hogar,Juego de sábanas,1,679.0,0.3,313.14,Empresa,Tarjeta,False,5,679.0,203.7,475.3,313.14,162.16,34.12,False
ORD-002900,2025-09-29,GDL-02,Occidente,Tienda,Oficina,Lámpara LED,1,534.06,0.2,237.42,Nuevo,Efectivo,False,5,534.06,106.81,427.25,237.42,189.83,44.43,False
ORD-003280,2025-09-29,PUE-01,Centro,Online,Deportes,Tapete de yoga,4,390.09,0.15,163.48,Recurrente,Tarjeta,False,5,1560.36,234.05,1326.31,653.92,672.39,50.7,False
ORD-003572,2025-09-29,CDMX-02,Centro,Tienda,Oficina,Organizador de escritorio,2,286.33,0.0,105.67,Nuevo,Tarjeta,False,3,572.66,0.0,572.66,211.34,361.32,63.1,False
ORD-000128,2025-09-30,ZAP-01,Occidente,Tienda,Deportes,Mochila deportiva,2,760.7,0.1,348.49,Nuevo,Tarjeta,False,3,1521.4,152.14,1369.26,696.98,672.28,49.1,False
ORD-000184,2025-09-30,GDL-01,Occidente,Tienda,Electrónica,Audífonos Bluetooth,3,664.17,0.1,388.19,Empresa,Tarjeta,False,3,1992.51,199.25,1793.26,1164.57,628.69,35.06,False
ORD-000441,2025-09-30,ZAP-01,Occidente,Tienda,Electrónica,Monitor 24 pulgadas,1,3230.56,0.2,2383.08,Nuevo,Transferencia,False,3,3230.56,646.11,2584.45,2383.08,201.37,7.79,False
ORD-000638,2025-09-30,CDMX-01,Centro,Tienda,Electrónica,Audífonos Bluetooth,1,686.42,0.2,390.0,Recurrente,Efectivo,False,4,686.42,137.28,549.14,390.0,159.14,28.98,False
ORD-000766,2025-09-30,MER-01,Sureste,Tienda,Hogar,Licuadora,2,941.84,0.15,572.71,Recurrente,Tarjeta,False,1,1883.68,282.55,1601.13,1145.42,455.71,28.46,False
ORD-000872,2025-09-30,ZAP-01,Occidente,Online,Oficina,Lámpara LED,4,543.84,0.05,239.02,Recurrente,Tarjeta,False,5,2175.36,108.77,2066.59,956.08,1110.51,53.74,False
ORD-001455,2025-09-30,CDMX-01,Centro,Tienda,Hogar,Licuadora,1,1003.85,0.0,563.04,Nuevo,Efectivo,False,5,1003.85,0.0,1003.85,563.04,440.81,43.91,False
ORD-001670,2025-09-30,CDMX-01,Centro,Tienda,Oficina,Organizador de escritorio,2,273.56,0.0,104.04,Recurrente,Efectivo,False,2,547.12,0.0,547.12,208.08,339.04,61.97,False
ORD-002029,2025-09-30,CDMX-01,Centro,Tienda,Electrónica,Monitor 24 pulgadas,1,3238.57,0.1,2298.28,Nuevo,Tarjeta,True,4,3238.57,323.86,2914.71,2298.28,616.43,21.15,False
ORD-002069,2025-09-30,PUE-01,Centro,Online,Deportes,Mancuernas 10 kg,3,885.45,0.15,522.95,Recurrente,Tarjeta,False,3,2656.35,398.45,2257.9,1568.85,689.05,30.52,False
ORD-002508,2025-09-30,CHH-01,Norte,Tienda,Electrónica,Monitor 24 pulgadas,2,3305.83,0.0,2350.38,Recurrente,Tarjeta,False,5,6611.66,0.0,6611.66,4700.76,1910.9,28.9,True
ORD-002719,2025-09-30,ZAP-01,Occidente,Tienda,Oficina,Organizador de escritorio,1,292.92,0.5,105.71,Recurrente,Tarjeta,False,4,292.92,146.46,146.46,105.71,40.75,27.82,False
ORD-000153,2025-10-01,CAN-01,Sureste,Online,Electrónica,Audífonos Bluetooth,3,722.49,0.1,379.38,Recurrente,Tarjeta,False,4,2167.47,216.75,1950.72,1138.14,812.58,41.66,False
ORD-000193,2025-10-01,GDL-01,Occidente,Tienda,Oficina,Silla ergonómica,5,2838.99,0.15,1785.15,Recurrente,Transferencia,False,5,14194.95,2129.24,12065.71,8925.75,3139.96,26.02,True
ORD-000669,2025-10-01,GDL-01,Occidente,Online,Oficina,Lámpara LED,2,567.8,0.0,239.13,Recurrente,Tarjeta,True,1,1135.6,0.0,1135.6,478.26,657.34,57.88,False
ORD-001435,2025-10-01,MTY-01,Norte,Tienda,Electrónica,Audífonos Bluetooth,3,670.06,0.0,384.2,Nuevo,Tarjeta,False,4,2010.18,0.0,2010.18,1152.6,857.58,42.66,False
ORD-002924,2025-10-01,GDL-01,Occidente,Tienda,Electrónica,Teclado mecánico,1,1150.27,0.05,726.64,Recurrente,Tarjeta,False,3,1150.27,57.51,1092.76,726.64,366.12,33.5,False
ORD-003059,2025-10-01,CAN-01,Sureste,Tienda,Oficina,Silla ergonómica,1,2795.36,0.2,1841.95,Recurrente,Efectivo,False,5,2795.36,559.07,2236.29,1841.95,394.34,17.63,False
ORD-000547,2025-10-02,CHH-01,Norte,Online,Oficina,Lámpara LED,1,570.75,0.0,248.06,Nuevo,Efectivo,True,3,570.75,0.0,570.75,248.06,322.69,56.54,False
ORD-001057,2025-10-02,CDMX-01,Centro,Online,Hogar,Juego de sábanas,1,663.36,0.0,315.26,Nuevo,Tarjeta,False,1,663.36,0.0,663.36,315.26,348.1,52.48,False
ORD-001319,2025-10-02,CDMX-01,Centro,Tienda,Hogar,Juego de sábanas,4,658.31,0.0,306.29,Recurrente,Transferencia,False,5,2633.24,0.0,2633.24,1225.16,1408.08,53.47,False
ORD-002025,2025-10-02,VER-01,Golfo,Tienda,Hogar,Licuadora,2,1019.78,0.1,556.41,Nuevo,Transferencia,False,5,2039.56,203.96,1835.6,1112.82,722.78,39.38,False
ORD-002282,2025-10-02,MTY-01,Norte,Tienda,Oficina,Organizador de escritorio,2,288.18,0.2,101.45,Empresa,Tarjeta,False,4,576.36,115.27,461.09,202.9,258.19,56.0,False
ORD-002560,2025-10-02,CAN-01,Sureste,Online,Hogar,Juego de sábanas,1,663.5,0.15,322.09,Recurrente,Tarjeta,False,5,663.5,99.52,563.98,322.09,241.89,42.89,False
ORD-002582,2025-10-02,MTY-01,Norte,Online,Oficina,Organizador de escritorio,1,280.5,0.05,106.1,Nuevo,Tarjeta,False,4,280.5,14.02,266.48,106.1,160.38,60.18,False
ORD-002827,2025-10-02,CDMX-02,Centro,Tienda,Oficina,Silla ergonómica,4,2917.45,0.1,1815.66,Recurrente,Tarjeta,False,4,11669.8,1166.98,10502.82,7262.64,3240.18,30.85,True
ORD-003176,2025-10-02,CDMX-02,Centro,Tienda,Deportes,Tapete de yoga,1,410.73,0.15,159.85,Recurrente,Transferencia,False,5,410.73,61.61,349.12,159.85,189.27,54.21,False
ORD-003485,2025-10-02,PUE-01,Centro,Tienda,Oficina,Organizador de escritorio,2,290.45,0.05,106.08,Nuevo,Tarjeta,False,5,580.9,29.04,551.86,212.16,339.7,61.56,False
ORD-003560,2025-10-02,MTY-01,Norte,Online,Deportes,Mancuernas 10 kg,1,890.98,0.1,522.66,Recurrente,Efectivo,False,3,890.98,89.1,801.88,522.66,279.22,34.82,False
ORD-000318,2025-10-03,CDMX-02,Centro,Tienda,Oficina,Lámpara LED,2,544.55,0.05,248.33,Recurrente,Tarjeta,False,4,1089.1,54.46,1034.64,496.66,537.98,52.0,False
ORD-000557,2025-10-03,PUE-01,Centro,Tienda,Hogar,Cafetera programable,2,1463.87,0.1,868.65,Empresa,Tarjeta,False,1,2927.74,292.77,2634.97,1737.3,897.67,34.07,False
ORD-001799,2025-10-03,CDMX-02,Centro,Tienda,Oficina,Organizador de escritorio,4,293.37,0.2,106.0,Recurrente,Tarjeta,False,5,1173.48,234.7,938.78,424.0,514.78,54.83,False
ORD-002684,2025-10-03,VER-01,Golfo,Tienda,Electrónica,Monitor 24 pulgadas,4,3435.82,0.0,2342.9,Recurrente,Tarjeta,False,3,13743.28,0.0,13743.28,9371.6,4371.68,31.81,True
ORD-002826,2025-10-03,ZAP-01,Occidente,Tienda,Deportes,Mancuernas 10 kg,3,895.27,0.1,520.26,Empresa,Tarjeta,False,3,2685.81,268.58,2417.23,1560.78,856.45,35.43,False
ORD-003297,2025-10-03,CDMX-01,Centro,Online,Oficina,Organizador de escritorio,1,290.95,0.05,104.85,Nuevo,Tarjeta,True,4,290.95,14.55,276.4,104.85,171.55,62.07,False
ORD-003300,2025-10-03,CDMX-02,Centro,Tienda,Hogar,Licuadora,4,994.8,0.2,563.63,Nuevo,Tarjeta,False,5,3979.2,795.84,3183.36,2254.52,928.84,29.18,False
ORD-000976,2025-10-04,MTY-02,Norte,Tienda,Hogar,Licuadora,2,976.14,0.0,566.59,Recurrente,Tarjeta,False,5,1952.28,0.0,1952.28,1133.18,819.1,41.96,False
ORD-001614,2025-10-04,CHH-01,Norte,Tienda,Oficina,Lámpara LED,1,561.94,0.3,240.39,Nuevo,Tarjeta,False,4,561.94,168.58,393.36,240.39,152.97,38.89,False
ORD-001663,2025-10-04,MTY-01,Norte,Tienda,Hogar,Juego de sábanas,2,628.75,0.15,309.19,Recurrente,Tarjeta,False,5,1257.5,188.62,1068.88,618.38,450.5,42.15,False
ORD-002313,2025-10-04,PUE-01,Centro,Online,Oficina,Silla ergonómica,4,2878.3,0.1,1815.68,Nuevo,Transferencia,False,2,11513.2,1151.32,10361.88,7262.72,3099.16,29.91,True
ORD-002503,2025-10-04,CDMX-01,Centro,Tienda,Electrónica,Monitor 24 pulgadas,5,3299.95,0.1,2340.94,Recurrente,Tarjeta,True,4,16499.75,1649.98,14849.77,11704.7,3145.07,21.18,True
ORD-002969,2025-10-04,GDL-02,Occidente,Online,Oficina,Lámpara LED,1,544.45,0.1,239.29,Nuevo,Transferencia,True,5,544.45,54.45,490.0,239.29,250.71,51.17,False
ORD-003027,2025-10-04,CHH-01,Norte,Tienda,Hogar,Licuadora,3,979.51,0.15,567.97,Empresa,Tarjeta,False,4,2938.53,440.78,2497.75,1703.91,793.84,31.78,False
ORD-000542,2025-10-05,MTY-02,Norte,Online,Electrónica,Audífonos Bluetooth,4,701.85,0.0,380.09,Nuevo,Tarjeta,False,4,2807.4,0.0,2807.4,1520.36,1287.04,45.84,False
ORD-001295,2025-10-05,ZAP-01,Occidente,Online,Deportes,Mancuernas 10 kg,1,917.86,0.0,517.16,Nuevo,Tarjeta,False,5,917.86,0.0,917.86,517.16,400.7,43.66,False
ORD-001327,2025-10-05,VER-01,Golfo,Online,Electrónica,Audífonos Bluetooth,1,732.82,0.05,382.71,Recurrente,Efectivo,False,4,732.82,36.64,696.18,382.71,313.47,45.03,False
ORD-001658,2025-10-05,GDL-01,Occidente,Online,Electrónica,Audífonos Bluetooth,2,683.47,0.0,386.79,Nuevo,Tarjeta,False,1,1366.94,0.0,1366.94,773.58,593.36,43.41,False
ORD-002063,2025-10-05,MER-01,Sureste,Tienda,Electrónica,Teclado mecánico,2,1197.18,0.0,731.84,Nuevo,Tarjeta,False,3,2394.36,0.0,2394.36,1463.68,930.68,38.87,False
ORD-002325,2025-10-05,CHH-01,Norte,Online,Deportes,Tapete de yoga,3,392.91,0.05,157.19,Recurrente,Tarjeta,False,5,1178.73,58.94,1119.79,471.57,648.22,57.89,False
ORD-002442,2025-10-05,ZAP-01,Occidente,Tienda,Hogar,Juego de sábanas,2,673.92,0.05,304.09,Recurrente,Tarjeta,False,2,1347.84,67.39,1280.45,608.18,672.27,52.5,False
ORD-002673,2025-10-05,GDL-02,Occidente,Online,Deportes,Tapete de yoga,1,402.84,0.05,159.16,Recurrente,Tarjeta,False,2,402.84,20.14,382.7,159.16,223.54,58.41,False
ORD-002908,2025-10-05,CAN-01,Sureste,Tienda,Oficina,Silla ergonómica,3,2685.15,0.05,1803.09,Nuevo,Tarjeta,False,4,8055.45,402.77,7652.68,5409.27,2243.41,29.32,True
ORD-001481,2025-10-06,MER-01,Sureste,Tienda,Oficina,Silla ergonómica,3,2978.35,0.0,1810.03,Recurrente,Tarjeta,False,3,8935.05,0.0,8935.05,5430.09,3504.96,39.23,True
ORD-002534,2025-10-06,CDMX-01,Centro,Tienda,Electrónica,Teclado mecánico,2,1186.66,0.05,728.5,Nuevo,Efectivo,False,2,2373.32,118.67,2254.65,1457.0,797.65,35.38,False
ORD-002559,2025-10-06,GDL-02,Occidente,Tienda,Electrónica,Teclado mecánico,1,1201.06,0.15,712.56,Recurrente,Tarjeta,False,4,1201.06,180.16,1020.9,712.56,308.34,30.2,False
ORD-002748,2025-10-06,ZAP-01,Occidente,Tienda,Deportes,Mochila deportiva,2,726.51,0.2,339.34,Nuevo,Tarjeta,False,5,1453.02,290.6,1162.42,678.68,483.74,41.61,False
ORD-002840,2025-10-06,PUE-01,Centro,Online,Electrónica,Monitor 24 pulgadas,1,3356.04,0.15,2284.78,Recurrente,Tarjeta,False,1,3356.04,503.41,2852.63,2284.78,567.85,19.91,False
ORD-002905,2025-10-06,GDL-02,Occidente,Online,Hogar,Cafetera programable,3,1521.36,0.05,855.4,Nuevo,Tarjeta,False,3,4564.08,228.2,4335.88,2566.2,1769.68,40.81,False
ORD-003086,2025-10-06,GDL-02,Occidente,Online,Electrónica,Monitor 24 pulgadas,2,3121.49,0.05,2416.0,Nuevo,Efectivo,False,4,6242.98,312.15,5930.83,4832.0,1098.83,18.53,False
ORD-003347,2025-10-06,MER-01,Sureste,Tienda,Electrónica,Monitor 24 pulgadas,3,3154.68,0.2,2306.44,Nuevo,Tarjeta,False,4,9464.04,1892.81,7571.23,6919.32,651.91,8.61,True
ORD-003458,2025-10-06,MTY-01,Norte,Online,Deportes,Mochila deportiva,1,752.85,0.0,351.2,Recurrente,Tarjeta,False,5,752.85,0.0,752.85,351.2,401.65,53.35,False
ORD-003528,2025-10-06,PUE-01,Centro,Tienda,Electrónica,Monitor 24 pulgadas,4,3236.9,0.0,2377.39,Nuevo,Tarjeta,False,4,12947.6,0.0,12947.6,9509.56,3438.04,26.55,True
ORD-000166,2025-10-07,GDL-02,Occidente,Tienda,Oficina,Silla ergonómica,3,2884.75,0.1,1805.82,Nuevo,Efectivo,False,4,8654.25,865.42,7788.83,5417.46,2371.37,30.45,True
ORD-000409,2025-10-07,MER-01,Sureste,Tienda,Electrónica,Teclado mecánico,3,1187.55,0.05,696.96,Recurrente,Tarjeta,False,4,3562.65,178.13,3384.52,2090.88,1293.64,38.22,False
ORD-000668,2025-10-07,MER-01,Sureste,Tienda,Electrónica,Monitor 24 pulgadas,2,3091.96,0.0,2382.36,Empresa,Tarjeta,False,5,6183.92,0.0,6183.92,4764.72,1419.2,22.95,True
ORD-000768,2025-10-07,ZAP-01,Occidente,Tienda,Deportes,Mancuernas 10 kg,1,908.91,0.0,514.55,Nuevo,Tarjeta,False,2,908.91,0.0,908.91,514.55,394.36,43.39,False
ORD-001654,2025-10-07,MER-01,Sureste,Tienda,Oficina,Silla ergonómica,3,2988.02,0.0,1815.95,Recurrente,Tarjeta,False,3,8964.06,0.0,8964.06,5447.85,3516.21,39.23,True
ORD-001851,2025-10-07,GDL-02,Occidente,Tienda,Deportes,Mancuernas 10 kg,2,895.18,0.1,522.46,Recurrente,Transferencia,False,3,1790.36,179.04,1611.32,1044.92,566.4,35.15,False
ORD-002225,2025-10-07,CDMX-01,Centro,Online,Hogar,Cafetera programable,2,1573.86,0.05,865.92,Nuevo,Tarjeta,False,4,3147.72,157.39,2990.33,1731.84,1258.49,42.09,False
ORD-002259,2025-10-07,PUE-01,Centro,Tienda,Electrónica,Teclado mecánico,2,1170.48,0.15,713.02,Recurrente,Tarjeta,False,1,2340.96,351.14,1989.82,1426.04,563.78,28.33,False
ORD-002310,2025-10-07,PUE-01,Centro,Tienda,Deportes,Mochila deportiva,3,748.11,0.15,335.21,Nuevo,Tarjeta,False,4,2244.33,336.65,1907.68,1005.63,902.05,47.29,False
ORD-002358,2025-10-07,PUE-01,Centro,Tienda,Oficina,Lámpara LED,1,551.07,0.1,236.19,Recurrente,Tarjeta,False,5,551.07,55.11,495.96,236.19,259.77,52.38,False
ORD-002376,2025-10-07,MTY-01,Norte,Tienda,Electrónica,Monitor 24 pulgadas,1,3349.62,0.2,2354.49,Nuevo,Tarjeta,False,5,3349.62,669.92,2679.7,2354.49,325.21,12.14,False
ORD-002421,2025-10-07,ZAP-01,Occidente,Tienda,Hogar,Cafetera programable,2,1525.57,0.2,885.9,Recurrente,Tarjeta,False,4,3051.14,610.23,2440.91,1771.8,669.11,27.41,False
ORD-002598,2025-10-07,CDMX-01,Centro,Tienda,Oficina,Lámpara LED,3,560.57,0.05,233.98,Nuevo,Tarjeta,False,3,1681.71,84.09,1597.62,701.94,895.68,56.06,False
ORD-002757,2025-10-07,MTY-02,Norte,Tienda,Oficina,Lámpara LED,1,557.39,0.0,240.21,Recurrente,Tarjeta,False,4,557.39,0.0,557.39,240.21,317.18,56.9,False
ORD-002967,2025-10-07,CDMX-01,Centro,Tienda,Electrónica,Teclado mecánico,5,1170.67,0.15,722.72,Recurrente,Tarjeta,False,3,5853.35,878.0,4975.35,3613.6,1361.75,27.37,False
ORD-003559,2025-10-07,CAN-01,Sureste,Tienda,Oficina,Silla ergonómica,2,2990.29,0.1,1875.67,Nuevo,Tarjeta,False,2,5980.58,598.06,5382.52,3751.34,1631.18,30.31,False
ORD-003598,2025-10-07,GDL-02,Occidente,Tienda,Hogar,Juego de sábanas,1,664.45,0.05,305.7,Empresa,Tarjeta,False,2,664.45,33.22,631.23,305.7,325.53,51.57,False
ORD-000348,2025-10-08,MTY-02,Norte,Online,Hogar,Juego de sábanas,1,664.13,0.15,312.36,Recurrente,Transferencia,False,4,664.13,99.62,564.51,312.36,252.15,44.67,False
ORD-000352,2025-10-08,PUE-01,Centro,Tienda,Electrónica,Teclado mecánico,1,1246.25,0.15,726.2,Recurrente,Tarjeta,False,4,1246.25,186.94,1059.31,726.2,333.11,31.45,False
ORD-000581,2025-10-08,CAN-01,Sureste,Tienda,Oficina,Silla ergonómica,2,2844.51,0.0,1825.8,Recurrente,Tarjeta,False,4,5689.02,0.0,5689.02,3651.6,2037.42,35.81,False
ORD-000750,2025-10-08,PUE-01,Centro,Tienda,Electrónica,Monitor 24 pulgadas,5,3365.24,0.0,2331.28,Recurrente,Efectivo,False,4,16826.2,0.0,16826.2,11656.4,5169.8,30.72,True
ORD-001182,2025-10-08,PUE-01,Centro,Tienda,Oficina,Silla ergonómica,1,2725.13,0.0,1777.85,Recurrente,Transferencia,False,5,2725.13,0.0,2725.13,1777.85,947.28,34.76,False
ORD-001285,2025-10-08,GDL-02,Occidente,Tienda,Oficina,Organizador de escritorio,2,293.83,0.05,108.0,Recurrente,Tarjeta,False,2,587.66,29.38,558.28,216.0,342.28,61.31,False
ORD-001597,2025-10-08,CAN-01,Sureste,Tienda,Deportes,Mochila deportiva,1,711.84,0.05,336.64,Nuevo,Tarjeta,False,4,711.84,35.59,676.25,336.64,339.61,50.22,False
ORD-001622,2025-10-08,GDL-02,Occidente,Tienda,Oficina,Lámpara LED,1,556.52,0.0,242.76,Empresa,Tarjeta,False,5,556.52,0.0,556.52,242.76,313.76,56.38,False
ORD-002269,2025-10-08,CHH-01,Norte,Tienda,Hogar,Cafetera programable,1,1557.89,0.2,866.85,Recurrente,Transferencia,False,3,1557.89,311.58,1246.31,866.85,379.46,30.45,False
ORD-003058,2025-10-08,ZAP-01,Occidente,Online,Deportes,Tapete de yoga,2,377.45,0.05,161.97,Recurrente,Efectivo,True,3,754.9,37.74,717.16,323.94,393.22,54.83,False
ORD-000011,2025-10-09,CAN-01,Sureste,Online,Deportes,Mancuernas 10 kg,3,935.76,0.15,507.29,Nuevo,Efectivo,False,4,2807.28,421.09,2386.19,1521.87,864.32,36.22,False
ORD-000101,2025-10-09,ZAP-01,Occidente,Tienda,Electrónica,Monitor 24 pulgadas,1,3416.88,0.1,2334.37,Nuevo,Tarjeta,False,3,3416.88,341.69,3075.19,2334.37,740.82,24.09,False
ORD-000979,2025-10-09,GDL-01,Occidente,Online,Electrónica,Monitor 24 pulgadas,4,3222.11,0.05,2307.24,Recurrente,Tarjeta,False,4,12888.44,644.42,12244.02,9228.96,3015.06,24.62,True
ORD-002199,2025-10-09,VER-01,Golfo,Online,Deportes,Mancuernas 10 kg,2,892.12,0.1,535.14,Recurrente,Tarjeta,True,4,1784.24,178.42,1605.82,1070.28,535.54,33.35,False
ORD-002292,2025-10-09,MTY-01,Norte,Tienda,Hogar,Licuadora,4,958.9,0.0,558.26,Recurrente,Tarjeta,False,3,3835.6,0.0,3835.6,2233.04,1602.56,41.78,False
ORD-002482,2025-10-09,CAN-01,Sureste,Online,Deportes,Tapete de yoga,1,403.61,0.0,159.75,Recurrente,Tarjeta,False,3,403.61,0.0,403.61,159.75,243.86,60.42,False
ORD-002687,2025-10-09,VER-01,Golfo,Tienda,Deportes,Mancuernas 10 kg,1,872.67,0.15,516.15,Recurrente,Transferencia,False,5,872.67,130.9,741.77,516.15,225.62,30.42,False
ORD-002706,2025-10-09,MTY-01,Norte,Online,Deportes,Mancuernas 10 kg,4,872.73,0.1,535.91,Nuevo,Tarjeta,False,4,3490.92,349.09,3141.83,2143.64,998.19,31.77,False
ORD-002724,2025-10-09,CDMX-02,Centro,Tienda,Oficina,Lámpara LED,1,545.99,0.1,243.46,Recurrente,Efectivo,False,4,545.99,54.6,491.39,243.46,247.93,50.45,False
ORD-002774,2025-10-09,PUE-01,Centro,Online,Hogar,Licuadora,4,1003.86,0.05,572.06,Nuevo,Efectivo,False,4,4015.44,200.77,3814.67,2288.24,1526.43,40.01,False
ORD-000048,2025-10-10,ZAP-01,Occidente,Online,Oficina,Organizador de escritorio,1,272.96,0.15,107.96,Recurrente,Tarjeta,False,1,272.96,40.94,232.02,107.96,124.06,53.47,False
ORD-000721,2025-10-10,ZAP-01,Occidente,Tienda,Hogar,Licuadora,1,971.25,0.15,562.76,Recurrente,Tarjeta,False,2,971.25,145.69,825.56,562.76,262.8,31.83,False
ORD-001567,2025-10-10,CDMX-02,Centro,Tienda,Hogar,Licuadora,2,1014.52,0.15,564.31,Nuevo,Tarjeta,False,3,2029.04,304.36,1724.68,1128.62,596.06,34.56,False
ORD-001576,2025-10-10,ZAP-01,Occidente,Tienda,Oficina,Lámpara LED,1,557.99,0.1,242.54,Recurrente,Tarjeta,False,4,557.99,55.8,502.19,242.54,259.65,51.7,False
ORD-001831,2025-10-10,MTY-01,Norte,Tienda,Deportes,Mancuernas 10 kg,2,876.53,0.15,526.81,Recurrente,Tarjeta,False,4,1753.06,262.96,1490.1,1053.62,436.48,29.29,False
ORD-002267,2025-10-10,PUE-01,Centro,Tienda,Hogar,Juego de sábanas,1,642.63,0.3,317.5,Recurrente,Tarjeta,False,2,642.63,192.79,449.84,317.5,132.34,29.42,False
ORD-002455,2025-10-10,PUE-01,Centro,Tienda,Electrónica,Monitor 24 pulgadas,2,3390.87,0.0,2374.0,Recurrente,Tarjeta,False,1,6781.74,0.0,6781.74,4748.0,2033.74,29.99,True
ORD-002808,2025-10-10,CDMX-01,Centro,Tienda,Electrónica,Monitor 24 pulgadas,6,3349.79,0.3,2307.32,Nuevo,Tarjeta,False,4,20098.74,6029.62,14069.12,13843.92,225.2,1.6,True
ORD-003330,2025-10-10,GDL-01,Occidente,Online,Oficina,Silla ergonómica,1,2927.58,0.0,1828.35,Nuevo,Tarjeta,False,5,2927.58,0.0,2927.58,1828.35,1099.23,37.55,False
ORD-003390,2025-10-10,GDL-02,Occidente,Tienda,Deportes,Mochila deportiva,1,736.77,0.15,345.78,Recurrente,Tarjeta,False,2,736.77,110.52,626.25,345.78,280.47,44.79,False
ORD-000305,2025-10-11,PUE-01,Centro,Tienda,Oficina,Organizador de escritorio,2,280.97,0.2,105.58,Recurrente,Tarjeta,False,5,561.94,112.39,449.55,211.16,238.39,53.03,False
ORD-000364,2025-10-11,MER-01,Sureste,Tienda,Electrónica,Monitor 24 pulgadas,3,3411.08,0.05,2345.71,Nuevo,Transferencia,False,4,10233.24,511.66,9721.58,7037.13,2684.45,27.61,True
ORD-000431,2025-10-11,CDMX-02,Centro,Online,Deportes,Tapete de yoga,1,378.95,0.05,163.67,Recurrente,Tarjeta,True,5,378.95,18.95,360.0,163.67,196.33,54.54,False
ORD-002243,2025-10-11,GDL-02,Occidente,Tienda,Electrónica,Teclado mecánico,4,1208.78,0.0,715.13,Empresa,Tarjeta,False,1,4835.12,0.0,4835.12,2860.52,1974.6,40.84,False
ORD-002893,2025-10-11,MTY-02,Norte,Tienda,Oficina,Silla ergonómica,3,2999.64,0.0,1808.0,Nuevo,Efectivo,False,4,8998.92,0.0,8998.92,5424.0,3574.92,39.73,True
ORD-002988,2025-10-11,CDMX-01,Centro,Tienda,Hogar,Cafetera programable,1,1506.83,0.3,870.01,Recurrente,Efectivo,False,4,1506.83,452.05,1054.78,870.01,184.77,17.52,False
ORD-003028,2025-10-11,GDL-01,Occidente,Tienda,Electrónica,Monitor 24 pulgadas,1,3222.53,0.15,2375.19,Empresa,Tarjeta,False,3,3222.53,483.38,2739.15,2375.19,363.96,13.29,False
ORD-000132,2025-10-12,CDMX-02,Centro,Online,Electrónica,Audífonos Bluetooth,2,689.81,0.1,393.22,Recurrente,Transferencia,False,3,1379.62,137.96,1241.66,786.44,455.22,36.66,False
ORD-000646,2025-10-12,CHH-01,Norte,Tienda,Hogar,Cafetera programable,5,1513.14,0.0,873.4,Nuevo,Transferencia,False,4,7565.7,0.0,7565.7,4367.0,3198.7,42.28,True
ORD-000730,2025-10-12,GDL-02,Occidente,Online,Oficina,Silla ergonómica,2,2959.87,0.1,1877.35,Nuevo,Efectivo,False,5,5919.74,591.97,5327.77,3754.7,1573.07,29.53,False
ORD-001890,2025-10-12,MTY-01,Norte,Tienda,Electrónica,Teclado mecánico,1,1227.82,0.0,717.86,Recurrente,Tarjeta,False,2,1227.82,0.0,1227.82,717.86,509.96,41.53,False
ORD-002231,2025-10-12,GDL-01,Occidente,Online,Oficina,Organizador de escritorio,2,284.5,0.05,103.58,Recurrente,Tarjeta,True,3,569.0,28.45,540.55,207.16,333.39,61.68,False
ORD-002768,2025-10-12,GDL-02,Occidente,Online,Oficina,Organizador de escritorio,1,283.96,0.05,103.6,Recurrente,Transferencia,False,5,283.96,14.2,269.76,103.6,166.16,61.6,False
ORD-003416,2025-10-12,ZAP-01,Occidente,Tienda,Oficina,Lámpara LED,1,550.54,0.2,238.43,Recurrente,Tarjeta,False,4,550.54,110.11,440.43,238.43,202.0,45.86,False
ORD-003517,2025-10-12,MTY-01,Norte,Online,Oficina,Silla ergonómica,1,2861.48,0.1,1822.88,Nuevo,Tarjeta,False,5,2861.48,286.15,2575.33,1822.88,752.45,29.22,False
ORD-000050,2025-10-13,MTY-01,Norte,Tienda,Oficina,Silla ergonómica,2,3054.54,0.1,1801.45,Recurrente,Efectivo,False,3,6109.08,610.91,5498.17,3602.9,1895.27,34.47,False
ORD-001282,2025-10-13,CDMX-02,Centro,Tienda,Deportes,Mochila deportiva,3,759.51,0.0,339.52,Empresa,Transferencia,False,3,2278.53,0.0,2278.53,1018.56,1259.97,55.3,False
ORD-001348,2025-10-13,MTY-01,Norte,Online,Deportes,Tapete de yoga,2,399.76,0.05,161.72,Recurrente,Transferencia,False,4,799.52,39.98,759.54,323.44,436.1,57.42,False
ORD-002289,2025-10-13,VER-01,Golfo,Tienda,Hogar,Cafetera programable,3,1554.65,0.15,887.89,Recurrente,Tarjeta,False,5,4663.95,699.59,3964.36,2663.67,1300.69,32.81,False
ORD-002468,2025-10-13,GDL-02,Occidente,Tienda,Electrónica,Teclado mecánico,4,1240.11,0.05,716.44,Nuevo,Tarjeta,True,5,4960.44,248.02,4712.42,2865.76,1846.66,39.19,False
ORD-002565,2025-10-13,VER-01,Golfo,Online,Oficina,Lámpara LED,2,565.12,0.0,241.94,Nuevo,Tarjeta,False,4,1130.24,0.0,1130.24,483.88,646.36,57.19,False
ORD-002923,2025-10-13,MTY-02,Norte,Tienda,Deportes,Tapete de yoga,2,399.44,0.05,158.42,Nuevo,Efectivo,False,3,798.88,39.94,758.94,316.84,442.1,58.25,False
ORD-003012,2025-10-13,MTY-01,Norte,Online,Oficina,Lámpara LED,1,544.94,0.15,245.35,Nuevo,Tarjeta,False,4,544.94,81.74,463.2,245.35,217.85,47.03,False
ORD-000149,2025-10-14,PUE-01,Centro,Tienda,Electrónica,Audífonos Bluetooth,2,701.48,0.3,384.7,Recurrente,Tarjeta,False,4,1402.96,420.89,982.07,769.4,212.67,21.66,False
ORD-001375,2025-10-14,MER-01,Sureste,Tienda,Deportes,Mancuernas 10 kg,3,891.26,0.15,519.01,Recurrente,Tarjeta,False,5,2673.78,401.07,2272.71,1557.03,715.68,31.49,False
ORD-001547,2025-10-14,CDMX-01,Centro,Tienda,Oficina,Lámpara LED,1,554.54,0.0,243.87,Recurrente,Transferencia,True,4,554.54,0.0,554.54,243.87,310.67,56.02,False
ORD-001923,2025-10-14,GDL-01,Occidente,Tienda,Hogar,Cafetera programable,5,1523.56,0.3,884.71,Recurrente,Tarjeta,True,5,7617.8,2285.34,5332.46,4423.55,908.91,17.04,False
ORD-001957,2025-10-14,CDMX-02,Centro,Tienda,Oficina,Silla ergonómica,2,2844.16,0.15,1819.06,Recurrente,Efectivo,False,3,5688.32,853.25,4835.07,3638.12,1196.95,24.76,False
ORD-001982,2025-10-14,CDMX-01,Centro,Tienda,Hogar,Juego de sábanas,2,648.43,0.0,308.78,Recurrente,Tarjeta,False,5,1296.86,0.0,1296.86,617.56,679.3,52.38,False
ORD-002343,2025-10-14,GDL-02,Occidente,Tienda,Oficina,Organizador de escritorio,2,300.98,0.05,104.93,Nuevo,Tarjeta,False,4,601.96,30.1,571.86,209.86,362.0,63.3,False
ORD-002364,2025-10-14,CHH-01,Norte,Tienda,Deportes,Mancuernas 10 kg,2,900.76,0.0,528.96,Recurrente,Efectivo,False,4,1801.52,0.0,1801.52,1057.92,743.6,41.28,False
ORD-002809,2025-10-14,MTY-02,Norte,Tienda,Hogar,Juego de sábanas,4,661.67,0.1,311.4,Empresa,Tarjeta,False,3,2646.68,264.67,2382.01,1245.6,1136.41,47.71,False
ORD-003380,2025-10-14,GDL-02,Occidente,Tienda,Electrónica,Audífonos Bluetooth,2,698.62,0.2,375.1,Recurrente,Tarjeta,False,4,1397.24,279.45,1117.79,750.2,367.59,32.89,False
ORD-003483,2025-10-14,GDL-01,Occidente,Tienda,Deportes,Mancuernas 10 kg,1,866.36,0.0,519.3,Recurrente,Tarjeta,False,4,866.36,0.0,866.36,519.3,347.06,40.06,False
ORD-000297,2025-10-15,CDMX-01,Centro,Tienda,Oficina,Organizador de escritorio,1,292.24,0.0,105.22,Empresa,Tarjeta,False,4,292.24,0.0,292.24,105.22,187.02,64.0,False
ORD-001768,2025-10-15,MTY-01,Norte,Online,Oficina,Organizador de escritorio,1,288.85,0.0,107.91,Nuevo,Efectivo,False,4,288.85,0.0,288.85,107.91,180.94,62.64,False
ORD-002142,2025-10-15,CDMX-02,Centro,Tienda,Hogar,Cafetera programable,2,1562.35,0.15,881.04,Recurrente,Tarjeta,False,5,3124.7,468.7,2656.0,1762.08,893.92,33.66,False
ORD-002613,2025-10-15,CDMX-01,Centro,Tienda,Oficina,Organizador de escritorio,2,285.5,0.0,105.5,Empresa,Tarjeta,False,4,571.0,0.0,571.0,211.0,360.0,63.05,False
ORD-002828,2025-10-15,MTY-01,Norte,Tienda,Hogar,Cafetera programable,5,1461.82,0.3,891.01,Recurrente,Tarjeta,False,1,7309.1,2192.73,5116.37,4455.05,661.32,12.93,False
ORD-002843,2025-10-15,CAN-01,Sureste,Tienda,Deportes,Tapete de yoga,3,395.17,0.15,155.64,Nuevo,Efectivo,False,5,1185.51,177.83,1007.68,466.92,540.76,53.66,False
ORD-000044,2025-10-16,GDL-02,Occidente,Online,Hogar,Licuadora,2,1020.47,0.1,555.58,Nuevo,Tarjeta,False,4,2040.94,204.09,1836.85,1111.16,725.69,39.51,False
ORD-000459,2025-10-16,CHH-01,Norte,Online,Deportes,Tapete de yoga,4,407.38,0.05,162.05,Recurrente,Tarjeta,False,4,1629.52,81.48,1548.04,648.2,899.84,58.13,False
ORD-000623,2025-10-16,CDMX-01,Centro,Tienda,Electrónica,Teclado mecánico,2,1235.46,0.2,712.36,Recurrente,Tarjeta,False,5,2470.92,494.18,1976.74,1424.72,552.02,27.93,False
ORD-000938,2025-10-16,CHH-01,Norte,Tienda,Electrónica,Audífonos Bluetooth,4,691.92,0.15,390.49,Nuevo,Tarjeta,False,4,2767.68,415.15,2352.53,1561.96,790.57,33.61,False
ORD-001060,2025-10-16,ZAP-01,Occidente,Tienda,Electrónica,Monitor 24 pulgadas,2,3080.61,0.0,2401.42,Nuevo,Tarjeta,False,5,6161.22,0.0,6161.22,4802.84,1358.38,22.05,True
ORD-001115,2025-10-16,GDL-01,Occidente,Tienda,Hogar,Licuadora,6,978.27,0.2,560.12,Recurrente,Efectivo,False,4,5869.62,1173.92,4695.7,3360.72,1334.98,28.43,False
ORD-001335,2025-10-16,CDMX-01,Centro,Tienda,Deportes,Tapete de yoga,3,403.52,0.1,157.4,Nuevo,Tarjeta,False,1,1210.56,121.06,1089.5,472.2,617.3,56.66,False
ORD-001554,2025-10-16,PUE-01,Centro,Tienda,Electrónica,Audífonos Bluetooth,1,687.83,0.05,380.46,Nuevo,Efectivo,False,4,687.83,34.39,653.44,380.46,272.98,41.78,False
ORD-001563,2025-10-16,MER-01,Sureste,Tienda,Hogar,Licuadora,1,1021.44,0.1,565.56,Recurrente,Tarjeta,False,4,1021.44,102.14,919.3,565.56,353.74,38.48,False
ORD-001689,2025-10-16,CAN-01,Sureste,Online,Electrónica,Audífonos Bluetooth,1,669.88,0.0,386.62,Recurrente,Efectivo,False,2,669.88,0.0,669.88,386.62,283.26,42.29,False
ORD-001700,2025-10-16,PUE-01,Centro,Tienda,Oficina,Silla ergonómica,5,2960.79,0.15,1806.87,Recurrente,Tarjeta,False,5,14803.95,2220.59,12583.36,9034.35,3549.01,28.2,True
ORD-002338,2025-10-16,ZAP-01,Occidente,Tienda,Hogar,Cafetera programable,2,1487.63,0.1,885.19,Nuevo,Efectivo,False,5,2975.26,297.53,2677.73,1770.38,907.35,33.89,False
ORD-003203,2025-10-16,GDL-02,Occidente,Online,Deportes,Tapete de yoga,5,412.77,0.1,161.05,Nuevo,Tarjeta,False,5,2063.85,206.38,1857.47,805.25,1052.22,56.65,False
ORD-000036,2025-10-17,GDL-01,Occidente,Tienda,Hogar,Cafetera programable,1,1544.48,0.0,854.8,Recurrente,Efectivo,False,4,1544.48,0.0,1544.48,854.8,689.68,44.65,False
ORD-000269,2025-10-17,MTY-01,Norte,Tienda,Hogar,Juego de sábanas,2,658.05,0.05,311.34,Recurrente,Efectivo,False,5,1316.1,65.8,1250.3,622.68,627.62,50.2,False
ORD-000289,2025-10-17,VER-01,Golfo,Tienda,Oficina,Silla ergonómica,1,2687.17,0.0,1842.24,Recurrente,Tarjeta,False,3,2687.17,0.0,2687.17,1842.24,844.93,31.44,False
ORD-000824,2025-10-17,CDMX-01,Centro,Tienda,Deportes,Tapete de yoga,1,388.68,0.15,158.91,Nuevo,Tarjeta,False,5,388.68,58.3,330.38,158.91,171.47,51.9,False
ORD-001364,2025-10-17,MTY-01,Norte,Tienda,Oficina,Organizador de escritorio,2,296.64,0.2,107.59,Recurrente,Tarjeta,False,5,593.28,118.66,474.62,215.18,259.44,54.66,False
ORD-001367,2025-10-17,PUE-01,Centro,Tienda,Hogar,Licuadora,1,1030.54,0.2,539.39,Nuevo,Tarjeta,False,3,1030.54,206.11,824.43,539.39,285.04,34.57,False
ORD-002138,2025-10-17,GDL-01,Occidente,Tienda,Oficina,Silla ergonómica,5,2787.69,0.05,1788.27,Recurrente,Tarjeta,False,5,13938.45,696.92,13241.53,8941.35,4300.18,32.47,True
ORD-002726,2025-10-17,GDL-01,Occidente,Online,Oficina,Organizador de escritorio,2,290.95,0.0,107.71,Empresa,Tarjeta,False,5,581.9,0.0,581.9,215.42,366.48,62.98,False
ORD-002882,2025-10-17,PUE-01,Centro,Tienda,Hogar,Cafetera programable,2,1474.07,0.15,864.03,Recurrente,Tarjeta,False,5,2948.14,442.22,2505.92,1728.06,777.86,31.04,False
ORD-002933,2025-10-17,MER-01,Sureste,Online,Hogar,Cafetera programable,2,1430.07,0.05,845.23,Recurrente,Tarjeta,True,4,2860.14,143.01,2717.13,1690.46,1026.67,37.79,False
ORD-003424,2025-10-17,CDMX-01,Centro,Tienda,Electrónica,Audífonos Bluetooth,4,716.0,0.0,384.87,Nuevo,Efectivo,False,3,2864.0,0.0,2864.0,1539.48,1324.52,46.25,False
ORD-000524,2025-10-18,MTY-01,Norte,Tienda,Oficina,Silla ergonómica,2,2864.37,0.1,1811.43,Empresa,Efectivo,False,4,5728.74,572.87,5155.87,3622.86,1533.01,29.73,False
ORD-000714,2025-10-18,GDL-02,Occidente,Online,Electrónica,Monitor 24 pulgadas,2,3250.31,0.0,2327.37,Recurrente,Efectivo,False,5,6500.62,0.0,6500.62,4654.74,1845.88,28.4,True
ORD-000765,2025-10-18,GDL-02,Occidente,Online,Hogar,Juego de sábanas,1,639.2,0.0,312.7,Recurrente,Efectivo,False,1,639.2,0.0,639.2,312.7,326.5,51.08,False
ORD-000941,2025-10-18,MER-01,Sureste,Online,Deportes,Tapete de yoga,3,412.59,0.1,158.94,Nuevo,Efectivo,False,1,1237.77,123.78,1113.99,476.82,637.17,57.2,False
ORD-001032,2025-10-18,ZAP-01,Occidente,Online,Electrónica,Audífonos Bluetooth,1,678.45,0.15,389.17,Nuevo,Tarjeta,False,4,678.45,101.77,576.68,389.17,187.51,32.52,False
ORD-001201,2025-10-18,CDMX-01,Centro,Online,Oficina,Silla ergonómica,2,2848.01,0.15,1825.05,Nuevo,Tarjeta,False,5,5696.02,854.4,4841.62,3650.1,1191.52,24.61,False
ORD-003071,2025-10-18,CDMX-02,Centro,Tienda,Oficina,Lámpara LED,3,549.98,0.15,244.42,Recurrente,Efectivo,False,5,1649.94,247.49,1402.45,733.26,669.19,47.72,False
ORD-000963,2025-10-19,MER-01,Sureste,Tienda,Deportes,Mochila deportiva,1,740.49,0.05,346.23,Recurrente,Tarjeta,False,5,740.49,37.02,703.47,346.23,357.24,50.78,False
ORD-001189,2025-10-19,CDMX-02,Centro,Online,Deportes,Tapete de yoga,1,406.25,0.2,160.69,Recurrente,Tarjeta,True,2,406.25,81.25,325.0,160.69,164.31,50.56,False
ORD-002005,2025-10-19,PUE-01,Centro,Tienda,Oficina,Silla ergonómica,4,2888.15,0.0,1872.38,Recurrente,Efectivo,False,4,11552.6,0.0,11552.6,7489.52,4063.08,35.17,True
ORD-002279,2025-10-19,MTY-01,Norte,Tienda,Deportes,Mancuernas 10 kg,2,928.94,0.1,520.75,Recurrente,Efectivo,False,4,1857.88,185.79,1672.09,1041.5,630.59,37.71,False
ORD-002332,2025-10-19,GDL-02,Occidente,Tienda,Oficina,Organizador de escritorio,4,288.75,0.1,104.11,Recurrente,Tarjeta,False,5,1155.0,115.5,1039.5,416.44,623.06,59.94,False
ORD-002927,2025-10-19,MTY-01,Norte,Tienda,Oficina,Organizador de escritorio,2,300.37,0.0,106.42,Recurrente,Tarjeta,False,5,600.74,0.0,600.74,212.84,387.9,64.57,False
ORD-000039,2025-10-20,CDMX-02,Centro,Tienda,Deportes,Mochila deportiva,2,727.86,0.15,343.55,Recurrente,Tarjeta,False,4,1455.72,218.36,1237.36,687.1,550.26,44.47,False
ORD-000427,2025-10-20,CDMX-02,Centro,Online,Electrónica,Teclado mecánico,3,1201.03,0.0,721.19,Recurrente,Efectivo,False,2,3603.09,0.0,3603.09,2163.57,1439.52,39.95,False
ORD-000470,2025-10-20,CDMX-01,Centro,Tienda,Oficina,Organizador de escritorio,5,278.4,0.0,103.29,Recurrente,Tarjeta,False,5,1392.0,0.0,1392.0,516.45,875.55,62.9,False
ORD-000472,2025-10-20,MER-01,Sureste,Online,Deportes,Tapete de yoga,6,393.77,0.05,160.58,Nuevo,Transferencia,False,5,2362.62,118.13,2244.49,963.48,1281.01,57.07,False
ORD-001095,2025-10-20,MTY-02,Norte,Online,Electrónica,Audífonos Bluetooth,2,727.43,0.15,392.49,Recurrente,Efectivo,False,4,1454.86,218.23,1236.63,784.98,451.65,36.52,False
ORD-000056,2025-10-21,VER-01,Golfo,Online,Electrónica,Audífonos Bluetooth,2,706.16,0.2,388.74,Empresa,Efectivo,True,2,1412.32,282.46,1129.86,777.48,352.38,31.19,False
ORD-000225,2025-10-21,GDL-02,Occidente,Tienda,Hogar,Licuadora,1,979.75,0.3,555.23,Nuevo,Tarjeta,False,3,979.75,293.92,685.83,555.23,130.6,19.04,False
ORD-000312,2025-10-21,MTY-02,Norte,Online,Electrónica,Audífonos Bluetooth,1,694.34,0.15,384.58,Recurrente,Efectivo,False,5,694.34,104.15,590.19,384.58,205.61,34.84,False
ORD-000800,2025-10-21,CDMX-01,Centro,Tienda,Oficina,Organizador de escritorio,4,294.52,0.3,104.64,Nuevo,Transferencia,False,4,1178.08,353.42,824.66,418.56,406.1,49.24,False
ORD-000930,2025-10-21,CDMX-01,Centro,Online,Deportes,Mancuernas 10 kg,2,888.04,0.05,524.48,Recurrente,Tarjeta,False,4,1776.08,88.8,1687.28,1048.96,638.32,37.83,False
ORD-000942,2025-10-21,CDMX-02,Centro,Tienda,Deportes,Tapete de yoga,2,391.92,0.0,160.68,Nuevo,Efectivo,False,4,783.84,0.0,783.84,321.36,462.48,59.0,False
ORD-000964,2025-10-21,PUE-01,Centro,Online,Oficina,Silla ergonómica,5,2818.05,0.2,1837.75,Nuevo,Tarjeta,False,4,14090.25,2818.05,11272.2,9188.75,2083.45,18.48,True
ORD-001015,2025-10-21,CHH-01,Norte,Tienda,Electrónica,Teclado mecánico,2,1183.9,0.15,716.02,Recurrente,Efectivo,False,5,2367.8,355.17,2012.63,1432.04,580.59,28.85,False
ORD-001026,2025-10-21,MTY-01,Norte,Online,Electrónica,Monitor 24 pulgadas,1,3204.2,0.1,2418.75,Nuevo,Tarjeta,False,5,3204.2,320.42,2883.78,2418.75,465.03,16.13,False
ORD-001105,2025-10-21,PUE-01,Centro,Tienda,Hogar,Cafetera programable,4,1484.53,0.2,888.41,Recurrente,Tarjeta,False,5,5938.12,1187.62,4750.5,3553.64,1196.86,25.19,False
ORD-001305,2025-10-21,ZAP-01,Occidente,Tienda,Electrónica,Audífonos Bluetooth,5,695.42,0.15,372.43,Nuevo,Transferencia,False,4,3477.1,521.56,2955.54,1862.15,1093.39,36.99,False
ORD-001549,2025-10-21,VER-01,Golfo,Online,Oficina,Silla ergonómica,1,2951.84,0.05,1813.77,Nuevo,Tarjeta,False,4,2951.84,147.59,2804.25,1813.77,990.48,35.32,False
ORD-002037,2025-10-21,MTY-02,Norte,Tienda,Deportes,Tapete de yoga,3,410.87,0.15,164.44,Recurrente,Tarjeta,False,4,1232.61,184.89,1047.72,493.32,554.4,52.91,False
ORD-002524,2025-10-21,CDMX-02,Centro,Online,Oficina,Lámpara LED,1,577.42,0.05,233.44,Nuevo,Tarjeta,False,4,577.42,28.87,548.55,233.44,315.11,57.44,False
ORD-000070,2025-10-22,GDL-01,Occidente,Online,Electrónica,Monitor 24 pulgadas,3,3401.12,0.2,2254.04,Nuevo,Transferencia,False,4,10203.36,2040.67,8162.69,6762.12,1400.57,17.16,True
ORD-000398,2025-10-22,VER-01,Golfo,Tienda,Electrónica,Monitor 24 pulgadas,1,3311.82,0.1,2343.54,Recurrente,Tarjeta,False,4,3311.82,331.18,2980.64,2343.54,637.1,21.37,False
ORD-001184,2025-10-22,ZAP-01,Occidente,Online,Deportes,Mochila deportiva,2,740.53,0.0,345.85,Nuevo,Tarjeta,False,4,1481.06,0.0,1481.06,691.7,789.36,53.3,False
ORD-001276,2025-10-22,CAN-01,Sureste,Online,Electrónica,Teclado mecánico,1,1178.69,0.1,724.43,Recurrente,Tarjeta,False,1,1178.69,117.87,1060.82,724.43,336.39,31.71,False
ORD-001280,2025-10-22,VER-01,Golfo,Tienda,Hogar,Juego de sábanas,1,648.41,0.0,312.23,Recurrente,Tarjeta,True,4,648.41,0.0,648.41,312.23,336.18,51.85,False
ORD-001460,2025-10-22,GDL-01,Occidente,Tienda,Electrónica,Monitor 24 pulgadas,2,3299.86,0.2,2383.91,Empresa,Efectivo,False,2,6599.72,1319.94,5279.78,4767.82,511.96,9.7,False
ORD-001830,2025-10-22,CAN-01,Sureste,Online,Deportes,Mochila deportiva,1,742.14,0.0,343.78,Recurrente,Tarjeta,False,4,742.14,0.0,742.14,343.78,398.36,53.68,False
ORD-002158,2025-10-22,MTY-02,Norte,Tienda,Hogar,Juego de sábanas,1,634.73,0.05,306.48,Nuevo,Tarjeta,False,3,634.73,31.74,602.99,306.48,296.51,49.17,False
ORD-002375,2025-10-22,CDMX-01,Centro,Tienda,Hogar,Juego de sábanas,5,643.48,0.2,315.98,Recurrente,Efectivo,False,3,3217.4,643.48,2573.92,1579.9,994.02,38.62,False
ORD-002463,2025-10-22,ZAP-01,Occidente,Tienda,Oficina,Organizador de escritorio,6,287.81,0.1,103.29,Recurrente,Transferencia,False,2,1726.86,172.69,1554.17,619.74,934.43,60.12,False
ORD-002998,2025-10-22,MTY-01,Norte,Tienda,Oficina,Silla ergonómica,4,3000.71,0.0,1847.92,Recurrente,Efectivo,False,5,12002.84,0.0,12002.84,7391.68,4611.16,38.42,True
ORD-003262,2025-10-22,ZAP-01,Occidente,Tienda,Hogar,Juego de sábanas,1,689.87,0.05,310.81,Nuevo,Tarjeta,False,4,689.87,34.49,655.38,310.81,344.57,52.58,False
ORD-000384,2025-10-23,PUE-01,Centro,Tienda,Hogar,Licuadora,1,986.63,0.1,544.18,Recurrente,Tarjeta,False,3,986.63,98.66,887.97,544.18,343.79,38.72,False
ORD-000471,2025-10-23,CHH-01,Norte,Tienda,Electrónica,Audífonos Bluetooth,2,707.17,0.2,387.27,Recurrente,Tarjeta,False,5,1414.34,282.87,1131.47,774.54,356.93,31.55,False
ORD-000708,2025-10-23,CDMX-02,Centro,Tienda,Deportes,Tapete de yoga,2,401.36,0.1,159.96,Recurrente,Tarjeta,False,4,802.72,80.27,722.45,319.92,402.53,55.72,False
ORD-000887,2025-10-23,CDMX-01,Centro,Tienda,Hogar,Licuadora,1,999.66,0.1,555.36,Recurrente,Tarjeta,False,5,999.66,99.97,899.69,555.36,344.33,38.27,False
ORD-001908,2025-10-23,CHH-01,Norte,Tienda,Electrónica,Monitor 24 pulgadas,1,3370.66,0.0,2385.22,Nuevo,Tarjeta,False,5,3370.66,0.0,3370.66,2385.22,985.44,29.24,False
ORD-002250,2025-10-23,MTY-01,Norte,Tienda,Oficina,Organizador de escritorio,2,280.55,0.05,105.5,Recurrente,Tarjeta,False,5,561.1,28.06,533.04,211.0,322.04,60.42,False
ORD-002516,2025-10-23,MTY-01,Norte,Tienda,Hogar,Cafetera programable,3,1480.55,0.05,882.12,Nuevo,Tarjeta,False,4,4441.65,222.08,4219.57,2646.36,1573.21,37.28,False
ORD-002629,2025-10-23,CDMX-01,Centro,Online,Electrónica,Monitor 24 pulgadas,1,3131.6,0.0,2355.56,Recurrente,Tarjeta,False,5,3131.6,0.0,3131.6,2355.56,776.04,24.78,False
ORD-002655,2025-10-23,VER-01,Golfo,Tienda,Deportes,Mochila deportiva,3,717.11,0.1,336.33,Nuevo,Tarjeta,False,4,2151.33,215.13,1936.2,1008.99,927.21,47.89,False
ORD-002825,2025-10-23,GDL-01,Occidente,Online,Oficina,Lámpara LED,1,558.24,0.05,242.44,Empresa,Efectivo,False,4,558.24,27.91,530.33,242.44,287.89,54.29,False
ORD-003136,2025-10-23,CDMX-02,Centro,Tienda,Hogar,Licuadora,2,1005.27,0.15,550.75,Nuevo,Tarjeta,False,4,2010.54,301.58,1708.96,1101.5,607.46,35.55,False
ORD-003148,2025-10-23,MER-01,Sureste,Tienda,Deportes,Tapete de yoga,5,394.67,0.3,157.32,Recurrente,Efectivo,False,4,1973.35,592.0,1381.35,786.6,594.75,43.06,False
ORD-001101,2025-10-24,CDMX-02,Centro,Online,Electrónica,Monitor 24 pulgadas,2,3299.73,0.2,2401.68,Nuevo,Transferencia,False,5,6599.46,1319.89,5279.57,4803.36,476.21,9.02,False
ORD-001213,2025-10-24,CHH-01,Norte,Tienda,Deportes,Mancuernas 10 kg,2,885.19,0.1,522.01,Recurrente,Efectivo,False,5,1770.38,177.04,1593.34,1044.02,549.32,34.48,False
ORD-001739,2025-10-24,CHH-01,Norte,Online,Oficina,Silla ergonómica,2,2902.24,0.0,1813.79,Recurrente,Efectivo,False,4,5804.48,0.0,5804.48,3627.58,2176.9,37.5,False
ORD-002983,2025-10-24,GDL-02,Occidente,Tienda,Oficina,Organizador de escritorio,2,287.33,0.0,108.35,Recurrente,Tarjeta,True,4,574.66,0.0,574.66,216.7,357.96,62.29,False
ORD-000639,2025-10-25,CAN-01,Sureste,Tienda,Hogar,Cafetera programable,1,1479.73,0.15,867.66,Recurrente,Efectivo,False,1,1479.73,221.96,1257.77,867.66,390.11,31.02,False
ORD-001049,2025-10-25,CDMX-01,Centro,Tienda,Oficina,Lámpara LED,2,545.58,0.1,240.25,Nuevo,Tarjeta,False,4,1091.16,109.12,982.04,480.5,501.54,51.07,False
ORD-002155,2025-10-25,GDL-02,Occidente,Tienda,Hogar,Licuadora,4,1021.53,0.2,555.47,Nuevo,Tarjeta,False,5,4086.12,817.22,3268.9,2221.88,1047.02,32.03,False
ORD-002204,2025-10-25,CDMX-01,Centro,Tienda,Electrónica,Teclado mecánico,1,1200.41,0.0,730.7,Nuevo,Tarjeta,False,5,1200.41,0.0,1200.41,730.7,469.71,39.13,False
ORD-000377,2025-10-26,CHH-01,Norte,Tienda,Oficina,Lámpara LED,1,521.69,0.1,234.99,Recurrente,Transferencia,False,2,521.69,52.17,469.52,234.99,234.53,49.95,False
ORD-000592,2025-10-26,GDL-02,Occidente,Tienda,Oficina,Lámpara LED,1,550.29,0.0,243.62,Empresa,Tarjeta,False,4,550.29,0.0,550.29,243.62,306.67,55.73,False
ORD-000894,2025-10-26,CHH-01,Norte,Tienda,Hogar,Licuadora,2,1005.12,0.0,563.59,Nuevo,Efectivo,False,3,2010.24,0.0,2010.24,1127.18,883.06,43.93,False
ORD-001266,2025-10-26,MTY-01,Norte,Tienda,Oficina,Lámpara LED,1,542.69,0.0,236.56,Recurrente,Tarjeta,False,4,542.69,0.0,542.69,236.56,306.13,56.41,False
ORD-001635,2025-10-26,VER-01,Golfo,Online,Hogar,Licuadora,6,1024.13,0.2,547.25,Nuevo,Tarjeta,False,4,6144.78,1228.96,4915.82,3283.5,1632.32,33.21,False
ORD-002504,2025-10-26,GDL-01,Occidente,Online,Deportes,Tapete de yoga,3,394.05,0.05,158.18,Empresa,Efectivo,False,5,1182.15,59.11,1123.04,474.54,648.5,57.75,False
ORD-002829,2025-10-26,VER-01,Golfo,Online,Deportes,Mancuernas 10 kg,1,908.33,0.0,515.38,Recurrente,Efectivo,False,5,908.33,0.0,908.33,515.38,392.95,43.26,False
ORD-003209,2025-10-26,VER-01,Golfo,Tienda,Oficina,Silla ergonómica,2,2936.23,0.0,1838.91,Recurrente,Tarjeta,False,3,5872.46,0.0,5872.46,3677.82,2194.64,37.37,False
ORD-000167,2025-10-27,VER-01,Golfo,Tienda,Hogar,Licuadora,1,996.85,0.0,555.35,Recurrente,Tarjeta,False,4,996.85,0.0,996.85,555.35,441.5,44.29,False
ORD-000665,2025-10-27,CDMX-02,Centro,Tienda,Deportes,Mochila deportiva,3,719.76,0.0,340.67,Empresa,Efectivo,False,5,2159.28,0.0,2159.28,1022.01,1137.27,52.67,False
ORD-000738,2025-10-27,CAN-01,Sureste,Tienda,Hogar,Cafetera programable,2,1451.57,0.1,864.4,Nuevo,Efectivo,False,4,2903.14,290.31,2612.83,1728.8,884.03,33.83,False
ORD-002220,2025-10-27,ZAP-01,Occidente,Online,Oficina,Silla ergonómica,5,2959.78,0.1,1815.67,Nuevo,Tarjeta,False,5,14798.9,1479.89,13319.01,9078.35,4240.66,31.84,True
ORD-002316,2025-10-27,PUE-01,Centro,Tienda,Hogar,Juego de sábanas,3,638.18,0.05,304.58,Recurrente,Efectivo,False,4,1914.54,95.73,1818.81,913.74,905.07,49.76,False
ORD-002329,2025-10-27,CDMX-01,Centro,Tienda,Hogar,Licuadora,3,1016.76,0.2,556.59,Recurrente,Tarjeta,False,4,3050.28,610.06,2440.22,1669.77,770.45,31.57,False
ORD-002570,2025-10-27,MTY-02,Norte,Tienda,Deportes,Mochila deportiva,1,782.54,0.0,328.84,Nuevo,Efectivo,False,4,782.54,0.0,782.54,328.84,453.7,57.98,False
ORD-000102,2025-10-28,CDMX-02,Centro,Online,Deportes,Mochila deportiva,2,766.11,0.0,338.24,Recurrente,Tarjeta,True,5,1532.22,0.0,1532.22,676.48,855.74,55.85,False
ORD-000106,2025-10-28,PUE-01,Centro,Tienda,Oficina,Organizador de escritorio,2,279.93,0.0,104.26,Recurrente,Tarjeta,False,4,559.86,0.0,559.86,208.52,351.34,62.75,False
ORD-001766,2025-10-28,MTY-01,Norte,Tienda,Deportes,Tapete de yoga,3,408.2,0.15,161.93,Recurrente,Tarjeta,False,1,1224.6,183.69,1040.91,485.79,555.12,53.33,False
ORD-002161,2025-10-28,CHH-01,Norte,Tienda,Hogar,Juego de sábanas,5,617.67,0.2,308.02,Empresa,Transferencia,False,3,3088.35,617.67,2470.68,1540.1,930.58,37.66,False
ORD-002417,2025-10-28,MTY-01,Norte,Tienda,Oficina,Organizador de escritorio,1,284.96,0.1,103.34,Nuevo,Tarjeta,False,2,284.96,28.5,256.46,103.34,153.12,59.71,False
ORD-003115,2025-10-28,CAN-01,Sureste,Online,Hogar,Juego de sábanas,2,672.34,0.15,313.52,Recurrente,Transferencia,False,5,1344.68,201.7,1142.98,627.04,515.94,45.14,False
ORD-003322,2025-10-28,MTY-01,Norte,Online,Deportes,Mochila deportiva,3,778.69,0.15,335.97,Nuevo,Efectivo,False,4,2336.07,350.41,1985.66,1007.91,977.75,49.24,False
ORD-003352,2025-10-28,GDL-01,Occidente,Online,Hogar,Licuadora,3,962.88,0.1,574.23,Nuevo,Tarjeta,False,4,2888.64,288.86,2599.78,1722.69,877.09,33.74,False
ORD-000616,2025-10-29,MER-01,Sureste,Online,Electrónica,Teclado mecánico,4,1217.88,0.15,710.43,Empresa,Transferencia,False,5,4871.52,730.73,4140.79,2841.72,1299.07,31.37,False
ORD-001109,2025-10-29,MER-01,Sureste,Tienda,Electrónica,Teclado mecánico,1,1211.92,0.1,715.17,Recurrente,Tarjeta,False,3,1211.92,121.19,1090.73,715.17,375.56,34.43,False
ORD-001419,2025-10-29,CAN-01,Sureste,Tienda,Electrónica,Audífonos Bluetooth,3,702.65,0.0,385.0,Nuevo,Transferencia,False,5,2107.95,0.0,2107.95,1155.0,952.95,45.21,False
ORD-001426,2025-10-29,CDMX-02,Centro,Online,Oficina,Silla ergonómica,3,2998.14,0.15,1832.1,Recurrente,Tarjeta,False,5,8994.42,1349.16,7645.26,5496.3,2148.96,28.11,True
ORD-001671,2025-10-29,PUE-01,Centro,Tienda,Electrónica,Audífonos Bluetooth,6,720.82,0.05,387.61,Recurrente,Tarjeta,False,4,4324.92,216.25,4108.67,2325.66,1783.01,43.4,False
ORD-001701,2025-10-29,CAN-01,Sureste,Tienda,Hogar,Juego de sábanas,4,653.34,0.0,311.95,Recurrente,Transferencia,False,3,2613.36,0.0,2613.36,1247.8,1365.56,52.25,False
ORD-002700,2025-10-29,GDL-02,Occidente,Online,Electrónica,Audífonos Bluetooth,2,718.68,0.0,380.25,Recurrente,Efectivo,False,4,1437.36,0.0,1437.36,760.5,676.86,47.09,False
ORD-003302,2025-10-29,MER-01,Sureste,Tienda,Deportes,Mochila deportiva,2,742.49,0.05,339.81,Nuevo,Tarjeta,False,2,1484.98,74.25,1410.73,679.62,731.11,51.82,False
ORD-000089,2025-10-30,MTY-01,Norte,Tienda,Electrónica,Audífonos Bluetooth,3,703.21,0.2,381.6,Nuevo,Tarjeta,False,4,2109.63,421.93,1687.7,1144.8,542.9,32.17,False
ORD-000222,2025-10-30,MTY-01,Norte,Tienda,Oficina,Organizador de escritorio,1,289.37,0.1,103.22,Recurrente,Efectivo,False,1,289.37,28.94,260.43,103.22,157.21,60.37,False
ORD-000443,2025-10-30,MER-01,Sureste,Tienda,Oficina,Silla ergonómica,4,2904.68,0.2,1848.73,Nuevo,Efectivo,False,4,11618.72,2323.74,9294.98,7394.92,1900.06,20.44,True
ORD-001175,2025-10-30,CAN-01,Sureste,Online,Oficina,Silla ergonómica,5,2849.12,0.0,1795.22,Recurrente,Efectivo,False,3,14245.6,0.0,14245.6,8976.1,5269.5,36.99,True
ORD-001511,2025-10-30,CHH-01,Norte,Tienda,Oficina,Organizador de escritorio,1,292.43,0.1,107.65,Recurrente,Tarjeta,False,3,292.43,29.24,263.19,107.65,155.54,59.1,False
ORD-001836,2025-10-30,VER-01,Golfo,Online,Electrónica,Audífonos Bluetooth,1,743.04,0.1,395.17,Recurrente,Tarjeta,False,4,743.04,74.3,668.74,395.17,273.57,40.91,False
ORD-002068,2025-10-30,MER-01,Sureste,Online,Oficina,Lámpara LED,1,540.48,0.0,239.25,Recurrente,Tarjeta,False,3,540.48,0.0,540.48,239.25,301.23,55.73,False
ORD-002920,2025-10-30,GDL-02,Occidente,Online,Hogar,Juego de sábanas,1,644.8,0.1,311.26,Nuevo,Transferencia,False,4,644.8,64.48,580.32,311.26,269.06,46.36,False
ORD-003179,2025-10-30,MTY-02,Norte,Online,Hogar,Juego de sábanas,3,638.37,0.1,313.61,Nuevo,Tarjeta,False,4,1915.11,191.51,1723.6,940.83,782.77,45.41,False
ORD-003488,2025-10-30,CDMX-01,Centro,Tienda,Electrónica,Audífonos Bluetooth,1,713.56,0.0,388.61,Recurrente,Tarjeta,False,5,713.56,0.0,713.56,388.61,324.95,45.54,False
ORD-000382,2025-10-31,VER-01,Golfo,Tienda,Electrónica,Teclado mecánico,5,1191.59,0.05,727.8,Recurrente,Efectivo,False,3,5957.95,297.9,5660.05,3639.0,2021.05,35.71,False
ORD-000446,2025-10-31,CHH-01,Norte,Online,Oficina,Organizador de escritorio,1,289.79,0.0,107.02,Recurrente,Tarjeta,False,4,289.79,0.0,289.79,107.02,182.77,63.07,False
ORD-000822,2025-10-31,MTY-02,Norte,Online,Hogar,Juego de sábanas,2,631.82,0.1,306.53,Recurrente,Efectivo,False,5,1263.64,126.36,1137.28,613.06,524.22,46.09,False
ORD-000915,2025-10-31,MER-01,Sureste,Tienda,Hogar,Cafetera programable,2,1441.52,0.3,900.41,Nuevo,Tarjeta,False,5,2883.04,864.91,2018.13,1800.82,217.31,10.77,False
ORD-000975,2025-10-31,CAN-01,Sureste,Tienda,Electrónica,Monitor 24 pulgadas,1,3274.79,0.15,2331.05,Nuevo,Tarjeta,False,5,3274.79,491.22,2783.57,2331.05,452.52,16.26,False
ORD-001284,2025-10-31,ZAP-01,Occidente,Tienda,Electrónica,Teclado mecánico,2,1208.18,0.05,727.07,Empresa,Tarjeta,False,5,2416.36,120.82,2295.54,1454.14,841.4,36.65,False
ORD-001717,2025-10-31,CAN-01,Sureste,Tienda,Electrónica,Monitor 24 pulgadas,2,3244.03,0.3,2427.18,Nuevo,Efectivo,False,4,6488.06,1946.42,4541.64,4854.36,-312.72,-6.89,False
ORD-001897,2025-10-31,PUE-01,Centro,Tienda,Oficina,Silla ergonómica,1,2759.38,0.0,1809.99,Recurrente,Tarjeta,False,3,2759.38,0.0,2759.38,1809.99,949.39,34.41,False
ORD-002615,2025-10-31,PUE-01,Centro,Online,Oficina,Lámpara LED,3,549.81,0.3,242.52,Recurrente,Tarjeta,False,5,1649.43,494.83,1154.6,727.56,427.04,36.99,False
ORD-002625,2025-10-31,CAN-01,Sureste,Tienda,Hogar,Licuadora,1,1018.45,0.1,560.29,Nuevo,Efectivo,False,4,1018.45,101.85,916.6,560.29,356.31,38.87,False
ORD-002737,2025-10-31,CAN-01,Sureste,Tienda,Electrónica,Monitor 24 pulgadas,3,3238.5,0.2,2368.61,Recurrente,Tarjeta,True,3,9715.5,1943.1,7772.4,7105.83,666.57,8.58,True
ORD-002819,2025-10-31,MTY-02,Norte,Online,Hogar,Juego de sábanas,1,639.62,0.0,308.37,Recurrente,Efectivo,False,4,639.62,0.0,639.62,308.37,331.25,51.79,False
ORD-002883,2025-10-31,MER-01,Sureste,Online,Oficina,Organizador de escritorio,3,294.63,0.0,103.73,Nuevo,Tarjeta,False,4,883.89,0.0,883.89,311.19,572.7,64.79,False
ORD-003301,2025-10-31,CDMX-01,Centro,Tienda,Electrónica,Audífonos Bluetooth,2,678.59,0.05,383.13,Recurrente,Tarjeta,False,2,1357.18,67.86,1289.32,766.26,523.06,40.57,False
ORD-003588,2025-10-31,CHH-01,Norte,Tienda,Electrónica,Monitor 24 pulgadas,1,3238.81,0.2,2348.29,Recurrente,Tarjeta,False,3,3238.81,647.76,2591.05,2348.29,242.76,9.37,False
ORD-000252,2025-11-01,CDMX-01,Centro,Online,Electrónica,Teclado mecánico,3,1370.63,0.2,699.65,Nuevo,Efectivo,False,5,4111.89,822.38,3289.51,2098.95,1190.56,36.19,False
ORD-000571,2025-11-01,ZAP-01,Occidente,Tienda,Oficina,Silla ergonómica,2,3172.21,0.0,1792.87,Nuevo,Transferencia,False,3,6344.42,0.0,6344.42,3585.74,2758.68,43.48,True
ORD-000710,2025-11-01,CAN-01,Sureste,Online,Deportes,Tapete de yoga,2,434.86,0.1,157.5,Empresa,Tarjeta,False,5,869.72,86.97,782.75,315.0,467.75,59.76,False
ORD-001034,2025-11-01,CDMX-02,Centro,Tienda,Electrónica,Monitor 24 pulgadas,1,3740.38,0.05,2288.21,Recurrente,Tarjeta,False,3,3740.38,187.02,3553.36,2288.21,1265.15,35.6,False
ORD-001126,2025-11-01,GDL-01,Occidente,Tienda,Deportes,Mochila deportiva,1,815.28,0.15,345.55,Nuevo,Efectivo,False,5,815.28,122.29,692.99,345.55,347.44,50.14,False
ORD-001493,2025-11-01,CHH-01,Norte,Tienda,Hogar,Juego de sábanas,2,706.53,0.0,302.28,Nuevo,Tarjeta,False,4,1413.06,0.0,1413.06,604.56,808.5,57.22,False
ORD-001680,2025-11-01,VER-01,Golfo,Online,Hogar,Cafetera programable,2,1612.54,0.0,861.23,Recurrente,Tarjeta,False,5,3225.08,0.0,3225.08,1722.46,1502.62,46.59,False
ORD-001705,2025-11-01,VER-01,Golfo,Tienda,Hogar,Cafetera programable,1,1659.76,0.0,893.58,Recurrente,Efectivo,False,5,1659.76,0.0,1659.76,893.58,766.18,46.16,False
ORD-001746,2025-11-01,GDL-02,Occidente,Online,Deportes,Mochila deportiva,3,824.62,0.05,335.78,Nuevo,Efectivo,False,4,2473.86,123.69,2350.17,1007.34,1342.83,57.14,False
ORD-002150,2025-11-01,CDMX-01,Centro,Tienda,Oficina,Organizador de escritorio,2,326.26,0.1,104.12,Nuevo,Transferencia,False,4,652.52,65.25,587.27,208.24,379.03,64.54,False
ORD-002185,2025-11-01,CDMX-02,Centro,Tienda,Deportes,Tapete de yoga,3,428.26,0.15,160.92,Nuevo,Efectivo,False,3,1284.78,192.72,1092.06,482.76,609.3,55.79,False
ORD-002374,2025-11-01,MTY-01,Norte,Online,Electrónica,Monitor 24 pulgadas,2,3570.54,0.3,2294.7,Nuevo,Efectivo,False,5,7141.08,2142.32,4998.76,4589.4,409.36,8.19,False
ORD-002686,2025-11-01,PUE-01,Centro,Online,Deportes,Mancuernas 10 kg,5,962.84,0.1,527.88,Nuevo,Tarjeta,True,3,4814.2,481.42,4332.78,2639.4,1693.38,39.08,False
ORD-002762,2025-11-01,MER-01,Sureste,Online,Oficina,Silla ergonómica,1,3217.2,0.05,1824.64,Recurrente,Tarjeta,False,4,3217.2,160.86,3056.34,1824.64,1231.7,40.3,False
ORD-002889,2025-11-01,CDMX-01,Centro,Online,Electrónica,Monitor 24 pulgadas,2,3648.6,0.0,2391.64,Recurrente,Tarjeta,True,3,7297.2,0.0,7297.2,4783.28,2513.92,34.45,True
ORD-003252,2025-11-01,GDL-02,Occidente,Tienda,Oficina,Silla ergonómica,1,3085.16,0.15,1860.98,Nuevo,Tarjeta,False,4,3085.16,462.77,2622.39,1860.98,761.41,29.03,False
ORD-000141,2025-11-02,MTY-01,Norte,Tienda,Oficina,Silla ergonómica,1,3101.91,0.0,1840.76,Recurrente,Tarjeta,False,4,3101.91,0.0,3101.91,1840.76,1261.15,40.66,False
ORD-000208,2025-11-02,CAN-01,Sureste,Online,Hogar,Cafetera programable,1,1640.0,0.0,842.37,Nuevo,Tarjeta,False,4,1640.0,0.0,1640.0,842.37,797.63,48.64,False
ORD-000508,2025-11-02,CHH-01,Norte,Tienda,Oficina,Lámpara LED,5,620.46,0.15,235.78,Empresa,Transferencia,False,4,3102.3,465.34,2636.96,1178.9,1458.06,55.29,False
ORD-000591,2025-11-02,MTY-02,Norte,Tienda,Oficina,Silla ergonómica,1,3071.83,0.05,1804.56,Recurrente,Transferencia,False,3,3071.83,153.59,2918.24,1804.56,1113.68,38.16,False
ORD-000652,2025-11-02,GDL-01,Occidente,Online,Deportes,Tapete de yoga,2,446.61,0.0,156.88,Nuevo,Tarjeta,False,4,893.22,0.0,893.22,313.76,579.46,64.87,False
ORD-000797,2025-11-02,GDL-01,Occidente,Tienda,Oficina,Lámpara LED,2,612.81,0.15,238.89,Recurrente,Transferencia,False,2,1225.62,183.84,1041.78,477.78,564.0,54.14,False
ORD-001223,2025-11-02,PUE-01,Centro,Tienda,Electrónica,Teclado mecánico,5,1396.7,0.1,701.17,Recurrente,Tarjeta,False,4,6983.5,698.35,6285.15,3505.85,2779.3,44.22,True
ORD-001590,2025-11-02,GDL-01,Occidente,Tienda,Oficina,Silla ergonómica,3,3185.83,0.05,1828.02,Nuevo,Transferencia,False,4,9557.49,477.87,9079.62,5484.06,3595.56,39.6,True
ORD-001626,2025-11-02,VER-01,Golfo,Tienda,Deportes,Mochila deportiva,1,817.46,0.2,342.12,Nuevo,Transferencia,False,5,817.46,163.49,653.97,342.12,311.85,47.69,False
ORD-001632,2025-11-02,CAN-01,Sureste,Tienda,Electrónica,Teclado mecánico,1,1267.16,0.1,733.28,Nuevo,Efectivo,False,4,1267.16,126.72,1140.44,733.28,407.16,35.7,False
ORD-001805,2025-11-02,CDMX-02,Centro,Tienda,Electrónica,Monitor 24 pulgadas,3,3665.93,0.0,2371.32,Recurrente,Tarjeta,False,5,10997.79,0.0,10997.79,7113.96,3883.83,35.31,True
ORD-001915,2025-11-02,PUE-01,Centro,Online,Deportes,Mancuernas 10 kg,1,960.6,0.1,519.08,Nuevo,Tarjeta,False,4,960.6,96.06,864.54,519.08,345.46,39.96,False
ORD-002481,2025-11-02,CHH-01,Norte,Tienda,Hogar,Juego de sábanas,1,746.66,0.2,309.48,Nuevo,Tarjeta,False,5,746.66,149.33,597.33,309.48,287.85,48.19,False
ORD-002941,2025-11-02,CDMX-01,Centro,Tienda,Hogar,Licuadora,4,1105.75,0.05,545.61,Nuevo,Efectivo,False,2,4423.0,221.15,4201.85,2182.44,2019.41,48.06,False
ORD-003131,2025-11-02,VER-01,Golfo,Tienda,Deportes,Mancuernas 10 kg,1,987.46,0.1,521.66,Nuevo,Transferencia,False,3,987.46,98.75,888.71,521.66,367.05,41.3,False
ORD-003279,2025-11-02,CDMX-01,Centro,Tienda,Deportes,Mancuernas 10 kg,3,973.61,0.2,501.56,Nuevo,Tarjeta,False,4,2920.83,584.17,2336.66,1504.68,831.98,35.61,False
ORD-003577,2025-11-02,MTY-02,Norte,Tienda,Hogar,Juego de sábanas,4,719.36,0.0,297.63,Nuevo,Tarjeta,False,5,2877.44,0.0,2877.44,1190.52,1686.92,58.63,False
ORD-000622,2025-11-03,CDMX-02,Centro,Tienda,Oficina,Silla ergonómica,4,3172.24,0.05,1793.56,Nuevo,Efectivo,False,5,12688.96,634.45,12054.51,7174.24,4880.27,40.49,True
ORD-001074,2025-11-03,GDL-02,Occidente,Tienda,Oficina,Organizador de escritorio,4,292.37,0.0,101.52,Nuevo,Tarjeta,False,4,1169.48,0.0,1169.48,406.08,763.4,65.28,False
ORD-001578,2025-11-03,MTY-01,Norte,Tienda,Deportes,Tapete de yoga,2,450.22,0.15,160.04,Recurrente,Efectivo,False,3,900.44,135.07,765.37,320.08,445.29,58.18,False
ORD-001714,2025-11-03,CDMX-02,Centro,Online,Electrónica,Audífonos Bluetooth,1,742.45,0.15,388.86,Nuevo,Transferencia,False,4,742.45,111.37,631.08,388.86,242.22,38.38,False
ORD-002490,2025-11-03,PUE-01,Centro,Tienda,Deportes,Tapete de yoga,1,436.7,0.1,163.13,Nuevo,Tarjeta,False,5,436.7,43.67,393.03,163.13,229.9,58.49,False
ORD-003197,2025-11-03,MTY-02,Norte,Online,Deportes,Mancuernas 10 kg,1,1004.63,0.15,509.94,Recurrente,Tarjeta,False,4,1004.63,150.69,853.94,509.94,344.0,40.28,False
ORD-003304,2025-11-03,CDMX-02,Centro,Online,Deportes,Mancuernas 10 kg,2,981.03,0.05,525.33,Nuevo,Tarjeta,False,5,1962.06,98.1,1863.96,1050.66,813.3,43.63,False
ORD-003311,2025-11-03,GDL-02,Occidente,Tienda,Hogar,Cafetera programable,1,1657.96,0.0,868.05,Nuevo,Tarjeta,False,5,1657.96,0.0,1657.96,868.05,789.91,47.64,False
ORD-003579,2025-11-03,CHH-01,Norte,Online,Hogar,Cafetera programable,2,1588.68,0.1,879.79,Recurrente,Tarjeta,False,5,3177.36,317.74,2859.62,1759.58,1100.04,38.47,False
ORD-000753,2025-11-04,GDL-02,Occidente,Tienda,Electrónica,Audífonos Bluetooth,1,737.38,0.0,387.35,Recurrente,Tarjeta,False,5,737.38,0.0,737.38,387.35,350.03,47.47,False
ORD-001017,2025-11-04,PUE-01,Centro,Online,Oficina,Lámpara LED,1,602.53,0.1,238.89,Recurrente,Transferencia,False,5,602.53,60.25,542.28,238.89,303.39,55.95,False
ORD-001857,2025-11-04,CAN-01,Sureste,Tienda,Electrónica,Teclado mecánico,6,1276.52,0.15,700.1,Recurrente,Tarjeta,False,5,7659.12,1148.87,6510.25,4200.6,2309.65,35.48,True
ORD-002211,2025-11-04,MTY-02,Norte,Online,Oficina,Organizador de escritorio,3,303.63,0.05,105.39,Nuevo,Tarjeta,False,4,910.89,45.54,865.35,316.17,549.18,63.46,False
ORD-003112,2025-11-04,CDMX-02,Centro,Tienda,Electrónica,Teclado mecánico,2,1323.53,0.05,712.1,Nuevo,Efectivo,False,2,2647.06,132.35,2514.71,1424.2,1090.51,43.37,False
ORD-003254,2025-11-04,ZAP-01,Occidente,Tienda,Oficina,Silla ergonómica,5,3211.92,0.2,1875.3,Nuevo,Transferencia,False,2,16059.6,3211.92,12847.68,9376.5,3471.18,27.02,True
ORD-000237,2025-11-05,VER-01,Golfo,Online,Hogar,Juego de sábanas,2,735.87,0.05,316.94,Recurrente,Tarjeta,False,5,1471.74,73.59,1398.15,633.88,764.27,54.66,False
ORD-000331,2025-11-05,MTY-02,Norte,Online,Electrónica,Audífonos Bluetooth,1,763.0,0.0,380.34,Recurrente,Tarjeta,True,3,763.0,0.0,763.0,380.34,382.66,50.15,False
ORD-000332,2025-11-05,VER-01,Golfo,Tienda,Oficina,Organizador de escritorio,2,313.3,0.1,105.41,Recurrente,Tarjeta,False,4,626.6,62.66,563.94,210.82,353.12,62.62,False
ORD-000447,2025-11-05,VER-01,Golfo,Online,Hogar,Juego de sábanas,1,718.96,0.0,313.36,Recurrente,Tarjeta,False,4,718.96,0.0,718.96,313.36,405.6,56.41,False
ORD-000532,2025-11-05,CDMX-01,Centro,Tienda,Oficina,Organizador de escritorio,2,327.42,0.15,104.41,Recurrente,Tarjeta,False,1,654.84,98.23,556.61,208.82,347.79,62.48,False
ORD-000568,2025-11-05,MTY-02,Norte,Tienda,Hogar,Cafetera programable,1,1714.87,0.05,883.86,Nuevo,Tarjeta,False,4,1714.87,85.74,1629.13,883.86,745.27,45.75,False
ORD-001096,2025-11-05,GDL-01,Occidente,Tienda,Oficina,Lámpara LED,2,622.25,0.05,235.42,Nuevo,Transferencia,False,5,1244.5,62.22,1182.28,470.84,711.44,60.18,False
ORD-001492,2025-11-05,CDMX-01,Centro,Tienda,Oficina,Silla ergonómica,1,3237.97,0.1,1806.85,Recurrente,Efectivo,False,5,3237.97,323.8,2914.17,1806.85,1107.32,38.0,False
ORD-001786,2025-11-05,CAN-01,Sureste,Tienda,Oficina,Lámpara LED,2,593.14,0.1,240.32,Recurrente,Efectivo,False,3,1186.28,118.63,1067.65,480.64,587.01,54.98,False
ORD-002867,2025-11-05,MTY-02,Norte,Tienda,Deportes,Mochila deportiva,4,825.79,0.0,331.13,Nuevo,Tarjeta,False,4,3303.16,0.0,3303.16,1324.52,1978.64,59.9,False
ORD-000971,2025-11-06,MTY-01,Norte,Tienda,Electrónica,Monitor 24 pulgadas,6,3727.15,0.2,2350.73,Recurrente,Transferencia,False,4,22362.9,4472.58,17890.32,14104.38,3785.94,21.16,True
ORD-001391,2025-11-06,CHH-01,Norte,Tienda,Electrónica,Teclado mecánico,1,1307.16,0.2,709.57,Empresa,Tarjeta,False,4,1307.16,261.43,1045.73,709.57,336.16,32.15,False
ORD-001609,2025-11-06,MTY-02,Norte,Tienda,Oficina,Silla ergonómica,1,3119.29,0.0,1818.49,Recurrente,Efectivo,False,5,3119.29,0.0,3119.29,1818.49,1300.8,41.7,False
ORD-001820,2025-11-06,VER-01,Golfo,Tienda,Hogar,Juego de sábanas,2,682.5,0.0,311.65,Empresa,Efectivo,False,1,1365.0,0.0,1365.0,623.3,741.7,54.34,False
ORD-001840,2025-11-06,GDL-01,Occidente,Online,Electrónica,Teclado mecánico,4,1306.06,0.1,709.09,Recurrente,Efectivo,False,5,5224.24,522.42,4701.82,2836.36,1865.46,39.68,False
ORD-002294,2025-11-06,ZAP-01,Occidente,Tienda,Oficina,Lámpara LED,1,601.55,0.15,237.36,Recurrente,Tarjeta,False,4,601.55,90.23,511.32,237.36,273.96,53.58,False
ORD-002401,2025-11-06,MTY-01,Norte,Tienda,Deportes,Mochila deportiva,5,836.38,0.05,339.77,Recurrente,Transferencia,False,3,4181.9,209.1,3972.8,1698.85,2273.95,57.24,False
ORD-002805,2025-11-06,GDL-02,Occidente,Tienda,Hogar,Juego de sábanas,1,695.74,0.2,307.17,Recurrente,Tarjeta,False,5,695.74,139.15,556.59,307.17,249.42,44.81,False
ORD-003568,2025-11-06,ZAP-01,Occidente,Tienda,Electrónica,Monitor 24 pulgadas,3,3458.71,0.0,2343.19,Nuevo,Tarjeta,False,5,10376.13,0.0,10376.13,7029.57,3346.56,32.25,True
ORD-000539,2025-11-07,MTY-01,Norte,Online,Electrónica,Audífonos Bluetooth,2,799.32,0.0,394.69,Recurrente,Efectivo,False,4,1598.64,0.0,1598.64,789.38,809.26,50.62,False
ORD-000556,2025-11-07,CAN-01,Sureste,Online,Deportes,Tapete de yoga,2,429.47,0.0,159.63,Nuevo,Efectivo,True,4,858.94,0.0,858.94,319.26,539.68,62.83,False
ORD-001009,2025-11-07,GDL-02,Occidente,Online,Electrónica,Audífonos Bluetooth,5,736.21,0.1,398.91,Recurrente,Tarjeta,False,5,3681.05,368.1,3312.95,1994.55,1318.4,39.8,False
ORD-001039,2025-11-07,GDL-02,Occidente,Tienda,Deportes,Mancuernas 10 kg,3,999.38,0.15,502.56,Recurrente,Transferencia,False,4,2998.14,449.72,2548.42,1507.68,1040.74,40.84,False
ORD-001273,2025-11-07,CAN-01,Sureste,Tienda,Deportes,Mochila deportiva,1,810.43,0.05,342.45,Recurrente,Efectivo,False,4,810.43,40.52,769.91,342.45,427.46,55.52,False
ORD-002115,2025-11-07,CAN-01,Sureste,Tienda,Hogar,Juego de sábanas,1,702.87,0.05,310.74,Nuevo,Efectivo,False,4,702.87,35.14,667.73,310.74,356.99,53.46,False
ORD-002177,2025-11-07,GDL-01,Occidente,Tienda,Electrónica,Teclado mecánico,1,1379.74,0.1,711.49,Recurrente,Transferencia,False,3,1379.74,137.97,1241.77,711.49,530.28,42.7,False
ORD-002309,2025-11-07,VER-01,Golfo,Online,Electrónica,Teclado mecánico,3,1352.98,0.0,732.7,Recurrente,Tarjeta,True,3,4058.94,0.0,4058.94,2198.1,1860.84,45.85,False
ORD-002765,2025-11-07,CDMX-01,Centro,Online,Electrónica,Audífonos Bluetooth,2,782.1,0.0,393.44,Empresa,Efectivo,False,4,1564.2,0.0,1564.2,786.88,777.32,49.69,False
ORD-003243,2025-11-07,MTY-02,Norte,Tienda,Electrónica,Audífonos Bluetooth,3,786.96,0.1,383.61,Recurrente,Tarjeta,False,3,2360.88,236.09,2124.79,1150.83,973.96,45.84,False
ORD-003261,2025-11-07,MTY-01,Norte,Tienda,Electrónica,Monitor 24 pulgadas,2,3704.21,0.15,2405.28,Empresa,Tarjeta,False,3,7408.42,1111.26,6297.16,4810.56,1486.6,23.61,True
ORD-000195,2025-11-08,CDMX-02,Centro,Online,Deportes,Mochila deportiva,1,803.53,0.1,348.79,Recurrente,Efectivo,False,4,803.53,80.35,723.18,348.79,374.39,51.77,False
ORD-000517,2025-11-08,VER-01,Golfo,Online,Electrónica,Monitor 24 pulgadas,1,3717.51,0.3,2384.24,Nuevo,Tarjeta,True,5,3717.51,1115.25,2602.26,2384.24,218.02,8.38,False
ORD-001209,2025-11-08,VER-01,Golfo,Online,Oficina,Silla ergonómica,1,3152.02,0.15,1841.3,Recurrente,Efectivo,False,3,3152.02,472.8,2679.22,1841.3,837.92,31.27,False
ORD-001317,2025-11-08,CDMX-02,Centro,Tienda,Oficina,Lámpara LED,2,603.0,0.0,237.67,Nuevo,Efectivo,False,3,1206.0,0.0,1206.0,475.34,730.66,60.59,False
ORD-001347,2025-11-08,MTY-01,Norte,Tienda,Oficina,Lámpara LED,1,610.24,0.15,240.25,Recurrente,Tarjeta,False,4,610.24,91.54,518.7,240.25,278.45,53.68,False
ORD-002193,2025-11-08,VER-01,Golfo,Tienda,Hogar,Cafetera programable,3,1673.79,0.0,860.03,Nuevo,Tarjeta,True,3,5021.37,0.0,5021.37,2580.09,2441.28,48.62,False
ORD-003087,2025-11-08,MTY-01,Norte,Tienda,Electrónica,Teclado mecánico,2,1331.63,0.1,702.2,Nuevo,Efectivo,False,5,2663.26,266.33,2396.93,1404.4,992.53,41.41,False
ORD-003463,2025-11-08,MER-01,Sureste,Online,Electrónica,Audífonos Bluetooth,5,735.4,0.1,389.44,Recurrente,Tarjeta,False,2,3677.0,367.7,3309.3,1947.2,1362.1,41.16,False
ORD-000999,2025-11-09,CHH-01,Norte,Online,Electrónica,Audífonos Bluetooth,4,779.4,0.05,387.65,Empresa,Efectivo,False,5,3117.6,155.88,2961.72,1550.6,1411.12,47.65,False
ORD-001393,2025-11-09,GDL-02,Occidente,Tienda,Deportes,Tapete de yoga,1,441.86,0.0,162.73,Recurrente,Tarjeta,False,4,441.86,0.0,441.86,162.73,279.13,63.17,False
ORD-001457,2025-11-09,CDMX-01,Centro,Online,Deportes,Tapete de yoga,2,443.43,0.2,161.9,Empresa,Tarjeta,False,2,886.86,177.37,709.49,323.8,385.69,54.36,False
ORD-001659,2025-11-09,ZAP-01,Occidente,Tienda,Hogar,Cafetera programable,2,1623.62,0.2,873.13,Recurrente,Tarjeta,False,4,3247.24,649.45,2597.79,1746.26,851.53,32.78,False
ORD-001732,2025-11-09,MTY-01,Norte,Tienda,Oficina,Silla ergonómica,1,3251.28,0.2,1821.01,Recurrente,Efectivo,False,3,3251.28,650.26,2601.02,1821.01,780.01,29.99,False
ORD-001874,2025-11-09,GDL-02,Occidente,Tienda,Hogar,Cafetera programable,1,1610.73,0.05,869.38,Nuevo,Efectivo,False,5,1610.73,80.54,1530.19,869.38,660.81,43.18,False
ORD-002397,2025-11-09,GDL-02,Occidente,Tienda,Electrónica,Monitor 24 pulgadas,1,3627.12,0.1,2335.6,Recurrente,Tarjeta,False,4,3627.12,362.71,3264.41,2335.6,928.81,28.45,False
ORD-002585,2025-11-09,PUE-01,Centro,Tienda,Hogar,Licuadora,2,1116.03,0.1,547.19,Recurrente,Tarjeta,False,4,2232.06,223.21,2008.85,1094.38,914.47,45.52,False
ORD-002607,2025-11-09,ZAP-01,Occidente,Tienda,Hogar,Licuadora,2,1087.95,0.15,572.44,Nuevo,Tarjeta,False,4,2175.9,326.38,1849.52,1144.88,704.64,38.1,False
ORD-002690,2025-11-09,CDMX-02,Centro,Online,Oficina,Organizador de escritorio,2,320.82,0.05,103.34,Nuevo,Efectivo,False,5,641.64,32.08,609.56,206.68,402.88,66.09,False
ORD-003581,2025-11-09,CDMX-02,Centro,Tienda,Hogar,Licuadora,3,1097.79,0.2,565.52,Nuevo,Efectivo,False,4,3293.37,658.67,2634.7,1696.56,938.14,35.61,False
ORD-000012,2025-11-10,PUE-01,Centro,Tienda,Electrónica,Audífonos Bluetooth,2,785.73,0.2,381.48,Recurrente,Transferencia,True,3,1571.46,314.29,1257.17,762.96,494.21,39.31,False
ORD-000099,2025-11-10,MER-01,Sureste,Tienda,Oficina,Organizador de escritorio,1,315.17,0.2,103.8,Recurrente,Tarjeta,False,4,315.17,63.03,252.14,103.8,148.34,58.83,False
ORD-000133,2025-11-10,ZAP-01,Occidente,Tienda,Hogar,Cafetera programable,1,1665.18,0.0,871.0,Recurrente,Transferencia,False,4,1665.18,0.0,1665.18,871.0,794.18,47.69,False
ORD-000536,2025-11-10,VER-01,Golfo,Online,Electrónica,Teclado mecánico,3,1311.17,0.0,704.09,Nuevo,Transferencia,False,4,3933.51,0.0,3933.51,2112.27,1821.24,46.3,False
ORD-000775,2025-11-10,GDL-01,Occidente,Online,Electrónica,Monitor 24 pulgadas,1,3694.59,0.0,2302.71,Empresa,Tarjeta,False,4,3694.59,0.0,3694.59,2302.71,1391.88,37.67,False
ORD-001077,2025-11-10,CDMX-02,Centro,Tienda,Electrónica,Teclado mecánico,1,1365.39,0.05,697.38,Recurrente,Tarjeta,False,5,1365.39,68.27,1297.12,697.38,599.74,46.24,False
ORD-001263,2025-11-10,VER-01,Golfo,Tienda,Hogar,Licuadora,4,1146.83,0.3,563.3,Recurrente,Efectivo,True,3,4587.32,1376.2,3211.12,2253.2,957.92,29.83,False
ORD-001962,2025-11-10,CDMX-02,Centro,Tienda,Electrónica,Monitor 24 pulgadas,5,3733.35,0.1,2325.66,Nuevo,Transferencia,False,5,18666.75,1866.68,16800.07,11628.3,5171.77,30.78,True
ORD-002008,2025-11-10,CDMX-02,Centro,Tienda,Deportes,Tapete de yoga,2,460.35,0.1,163.35,Recurrente,Tarjeta,False,5,920.7,92.07,828.63,326.7,501.93,60.57,False
ORD-002257,2025-11-10,MTY-01,Norte,Tienda,Hogar,Cafetera programable,1,1648.11,0.05,888.49,Recurrente,Transferencia,False,5,1648.11,82.41,1565.7,888.49,677.21,43.25,False
ORD-002499,2025-11-10,MTY-02,Norte,Tienda,Oficina,Lámpara LED,2,564.42,0.3,242.3,Recurrente,Tarjeta,False,4,1128.84,338.65,790.19,484.6,305.59,38.67,False
ORD-002612,2025-11-10,VER-01,Golfo,Tienda,Oficina,Silla ergonómica,2,3300.72,0.05,1841.2,Recurrente,Efectivo,False,5,6601.44,330.07,6271.37,3682.4,2588.97,41.28,True
ORD-003002,2025-11-10,GDL-01,Occidente,Online,Hogar,Licuadora,3,1105.55,0.0,550.82,Recurrente,Tarjeta,False,4,3316.65,0.0,3316.65,1652.46,1664.19,50.18,False
ORD-000042,2025-11-11,MER-01,Sureste,Tienda,Hogar,Juego de sábanas,2,710.64,0.3,310.21,Nuevo,Tarjeta,False,5,1421.28,426.38,994.9,620.42,374.48,37.64,False
ORD-000200,2025-11-11,CDMX-01,Centro,Online,Hogar,Juego de sábanas,2,716.5,0.1,304.49,Empresa,Tarjeta,False,4,1433.0,143.3,1289.7,608.98,680.72,52.78,False
ORD-001029,2025-11-11,VER-01,Golfo,Tienda,Deportes,Tapete de yoga,4,440.4,0.15,162.66,Empresa,Tarjeta,False,3,1761.6,264.24,1497.36,650.64,846.72,56.55,False
ORD-001672,2025-11-11,MER-01,Sureste,Tienda,Deportes,Tapete de yoga,1,440.16,0.2,159.98,Nuevo,Efectivo,False,4,440.16,88.03,352.13,159.98,192.15,54.57,False
ORD-001696,2025-11-11,MER-01,Sureste,Online,Deportes,Mochila deportiva,3,818.26,0.1,334.88,Nuevo,Tarjeta,False,3,2454.78,245.48,2209.3,1004.64,1204.66,54.53,False
ORD-001743,2025-11-11,CHH-01,Norte,Tienda,Deportes,Tapete de yoga,2,448.95,0.0,163.23,Recurrente,Transferencia,False,4,897.9,0.0,897.9,326.46,571.44,63.64,False
ORD-001868,2025-11-11,MER-01,Sureste,Tienda,Electrónica,Monitor 24 pulgadas,5,3622.74,0.15,2354.83,Empresa,Tarjeta,False,2,18113.7,2717.06,15396.64,11774.15,3622.49,23.53,True
ORD-001907,2025-11-11,MTY-02,Norte,Online,Deportes,Mochila deportiva,2,811.46,0.1,342.85,Nuevo,Tarjeta,False,4,1622.92,162.29,1460.63,685.7,774.93,53.05,False
ORD-001939,2025-11-11,PUE-01,Centro,Tienda,Electrónica,Audífonos Bluetooth,4,784.72,0.05,383.85,Recurrente,Tarjeta,False,5,3138.88,156.94,2981.94,1535.4,1446.54,48.51,False
ORD-002387,2025-11-11,PUE-01,Centro,Tienda,Electrónica,Audífonos Bluetooth,2,807.25,0.05,385.5,Recurrente,Tarjeta,False,4,1614.5,80.73,1533.77,771.0,762.77,49.73,False
ORD-002660,2025-11-11,MER-01,Sureste,Tienda,Electrónica,Audífonos Bluetooth,4,717.45,0.1,372.13,Nuevo,Tarjeta,False,4,2869.8,286.98,2582.82,1488.52,1094.3,42.37,False
ORD-002716,2025-11-11,MER-01,Sureste,Tienda,Hogar,Licuadora,2,1094.47,0.0,568.19,Recurrente,Tarjeta,False,2,2188.94,0.0,2188.94,1136.38,1052.56,48.09,False
ORD-002851,2025-11-11,MTY-01,Norte,Tienda,Hogar,Licuadora,4,1082.9,0.1,558.85,Recurrente,Efectivo,False,3,4331.6,433.16,3898.44,2235.4,1663.04,42.66,False
ORD-002894,2025-11-11,ZAP-01,Occidente,Tienda,Deportes,Tapete de yoga,2,420.34,0.05,159.2,Recurrente,Tarjeta,False,3,840.68,42.03,798.65,318.4,480.25,60.13,False
ORD-003273,2025-11-11,CDMX-02,Centro,Tienda,Oficina,Lámpara LED,2,586.04,0.2,238.38,Empresa,Tarjeta,False,5,1172.08,234.42,937.66,476.76,460.9,49.15,False
ORD-000232,2025-11-12,MTY-02,Norte,Tienda,Deportes,Tapete de yoga,1,436.39,0.2,161.56,Recurrente,Tarjeta,True,3,436.39,87.28,349.11,161.56,187.55,53.72,False
ORD-000330,2025-11-12,GDL-01,Occidente,Online,Hogar,Cafetera programable,1,1599.89,0.3,852.32,Empresa,Efectivo,False,5,1599.89,479.97,1119.92,852.32,267.6,23.89,False
ORD-001965,2025-11-12,ZAP-01,Occidente,Online,Electrónica,Audífonos Bluetooth,1,748.59,0.0,397.72,Recurrente,Transferencia,False,4,748.59,0.0,748.59,397.72,350.87,46.87,False
ORD-002218,2025-11-12,CAN-01,Sureste,Tienda,Hogar,Licuadora,1,1094.87,0.05,562.23,Recurrente,Efectivo,False,5,1094.87,54.74,1040.13,562.23,477.9,45.95,False
ORD-002794,2025-11-12,CHH-01,Norte,Tienda,Deportes,Mochila deportiva,2,784.61,0.0,346.16,Recurrente,Tarjeta,False,3,1569.22,0.0,1569.22,692.32,876.9,55.88,False
ORD-002835,2025-11-12,VER-01,Golfo,Tienda,Electrónica,Audífonos Bluetooth,1,757.25,0.1,381.92,Nuevo,Tarjeta,False,1,757.25,75.73,681.52,381.92,299.6,43.96,False
ORD-003034,2025-11-12,CAN-01,Sureste,Tienda,Oficina,Lámpara LED,5,610.77,0.2,244.17,Nuevo,Tarjeta,False,3,3053.85,610.77,2443.08,1220.85,1222.23,50.03,False
ORD-003267,2025-11-12,GDL-02,Occidente,Online,Deportes,Mancuernas 10 kg,6,984.63,0.1,512.18,Recurrente,Tarjeta,False,3,5907.78,590.78,5317.0,3073.08,2243.92,42.2,False
ORD-000051,2025-11-13,CHH-01,Norte,Online,Electrónica,Teclado mecánico,3,1349.81,0.3,724.03,Nuevo,Efectivo,False,1,4049.43,1214.83,2834.6,2172.09,662.51,23.37,False
ORD-000114,2025-11-13,PUE-01,Centro,Tienda,Hogar,Cafetera programable,3,1657.8,0.05,870.79,Empresa,Tarjeta,False,5,4973.4,248.67,4724.73,2612.37,2112.36,44.71,False
ORD-000172,2025-11-13,MTY-02,Norte,Tienda,Deportes,Tapete de yoga,1,465.26,0.05,161.24,Nuevo,Tarjeta,False,4,465.26,23.26,442.0,161.24,280.76,63.52,False
ORD-001311,2025-11-13,ZAP-01,Occidente,Tienda,Hogar,Juego de sábanas,1,672.43,0.05,312.44,Recurrente,Transferencia,True,4,672.43,33.62,638.81,312.44,326.37,51.09,False
ORD-001895,2025-11-13,CHH-01,Norte,Tienda,Hogar,Cafetera programable,2,1702.95,0.1,863.23,Recurrente,Tarjeta,False,3,3405.9,340.59,3065.31,1726.46,1338.85,43.68,False
ORD-002318,2025-11-13,ZAP-01,Occidente,Tienda,Hogar,Juego de sábanas,3,678.13,0.1,301.08,Empresa,Efectivo,False,4,2034.39,203.44,1830.95,903.24,927.71,50.67,False
ORD-002322,2025-11-13,CDMX-01,Centro,Online,Electrónica,Audífonos Bluetooth,6,796.18,0.0,378.48,Recurrente,Tarjeta,False,3,4777.08,0.0,4777.08,2270.88,2506.2,52.46,False
ORD-002740,2025-11-13,MTY-01,Norte,Tienda,Oficina,Silla ergonómica,2,3076.79,0.0,1779.16,Recurrente,Tarjeta,False,5,6153.58,0.0,6153.58,3558.32,2595.26,42.17,True
ORD-003110,2025-11-13,MTY-02,Norte,Tienda,Deportes,Mancuernas 10 kg,1,937.85,0.1,521.75,Recurrente,Tarjeta,True,4,937.85,93.79,844.06,521.75,322.31,38.19,False
ORD-000060,2025-11-14,GDL-02,Occidente,Online,Oficina,Silla ergonómica,5,3252.94,0.0,1827.01,Recurrente,Efectivo,False,3,16264.7,0.0,16264.7,9135.05,7129.65,43.84,True
ORD-000810,2025-11-14,GDL-01,Occidente,Tienda,Electrónica,Monitor 24 pulgadas,2,3810.88,0.1,2321.44,Recurrente,Tarjeta,False,1,7621.76,762.18,6859.58,4642.88,2216.7,32.32,True
ORD-000820,2025-11-14,VER-01,Golfo,Tienda,Deportes,Mancuernas 10 kg,2,1023.36,0.05,508.39,Empresa,Efectivo,True,5,2046.72,102.34,1944.38,1016.78,927.6,47.71,False
ORD-000826,2025-11-14,MTY-02,Norte,Tienda,Hogar,Juego de sábanas,1,689.83,0.1,315.8,Recurrente,Tarjeta,False,2,689.83,68.98,620.85,315.8,305.05,49.13,False
ORD-001585,2025-11-14,MTY-01,Norte,Tienda,Deportes,Mochila deportiva,5,824.05,0.15,333.9,Recurrente,Tarjeta,True,5,4120.25,618.04,3502.21,1669.5,1832.71,52.33,False
ORD-001587,2025-11-14,CHH-01,Norte,Tienda,Hogar,Cafetera programable,2,1658.92,0.05,893.36,Recurrente,Tarjeta,False,4,3317.84,165.89,3151.95,1786.72,1365.23,43.31,False
ORD-002586,2025-11-14,CHH-01,Norte,Online,Oficina,Silla ergonómica,2,3161.78,0.05,1817.88,Recurrente,Tarjeta,False,5,6323.56,316.18,6007.38,3635.76,2371.62,39.48,False
ORD-002591,2025-11-14,VER-01,Golfo,Tienda,Hogar,Juego de sábanas,2,720.75,0.05,305.06,Recurrente,Transferencia,False,5,1441.5,72.08,1369.42,610.12,759.3,55.45,False
ORD-002817,2025-11-14,CHH-01,Norte,Online,Electrónica,Monitor 24 pulgadas,4,3621.48,0.2,2351.47,Empresa,Tarjeta,False,4,14485.92,2897.18,11588.74,9405.88,2182.86,18.84,True
ORD-003107,2025-11-14,CHH-01,Norte,Online,Electrónica,Audífonos Bluetooth,1,748.24,0.0,389.32,Recurrente,Tarjeta,False,4,748.24,0.0,748.24,389.32,358.92,47.97,False
ORD-003128,2025-11-14,PUE-01,Centro,Tienda,Deportes,Tapete de yoga,2,442.27,0.15,159.89,Empresa,Efectivo,False,5,884.54,132.68,751.86,319.78,432.08,57.47,False
ORD-000160,2025-11-15,CDMX-02,Centro,Tienda,Deportes,Tapete de yoga,3,445.11,0.1,160.24,Nuevo,Tarjeta,False,5,1335.33,133.53,1201.8,480.72,721.08,60.0,False
ORD-000448,2025-11-15,GDL-01,Occidente,Online,Hogar,Cafetera programable,1,1683.62,0.0,859.52,Recurrente,Tarjeta,False,5,1683.62,0.0,1683.62,859.52,824.1,48.95,False
ORD-000715,2025-11-15,GDL-01,Occidente,Tienda,Deportes,Mancuernas 10 kg,1,1006.91,0.0,517.24,Recurrente,Tarjeta,False,3,1006.91,0.0,1006.91,517.24,489.67,48.63,False
ORD-000794,2025-11-15,CHH-01,Norte,Online,Electrónica,Monitor 24 pulgadas,3,3554.72,0.05,2292.96,Recurrente,Tarjeta,False,5,10664.16,533.21,10130.95,6878.88,3252.07,32.1,True
ORD-001234,2025-11-15,MTY-01,Norte,Online,Deportes,Mochila deportiva,1,840.24,0.0,332.58,Recurrente,Tarjeta,False,4,840.24,0.0,840.24,332.58,507.66,60.42,False
ORD-001926,2025-11-15,CAN-01,Sureste,Tienda,Electrónica,Monitor 24 pulgadas,1,3461.9,0.3,2352.1,Recurrente,Tarjeta,False,5,3461.9,1038.57,2423.33,2352.1,71.23,2.94,False
ORD-002086,2025-11-15,CHH-01,Norte,Tienda,Electrónica,Teclado mecánico,3,1326.79,0.05,722.5,Recurrente,Efectivo,False,2,3980.37,199.02,3781.35,2167.5,1613.85,42.68,False
ORD-002478,2025-11-15,GDL-01,Occidente,Tienda,Electrónica,Audífonos Bluetooth,5,782.8,0.5,384.99,Recurrente,Efectivo,False,5,3914.0,1957.0,1957.0,1924.95,32.05,1.64,False
ORD-003512,2025-11-15,GDL-02,Occidente,Tienda,Deportes,Mochila deportiva,5,832.04,0.2,343.62,Empresa,Efectivo,False,3,4160.2,832.04,3328.16,1718.1,1610.06,48.38,False
ORD-003573,2025-11-15,GDL-02,Occidente,Online,Electrónica,Teclado mecánico,3,1284.07,0.05,699.3,Recurrente,Tarjeta,False,2,3852.21,192.61,3659.6,2097.9,1561.7,42.67,False
ORD-000105,2025-11-16,CDMX-02,Centro,Tienda,Deportes,Mochila deportiva,1,782.89,0.0,336.23,Recurrente,Tarjeta,False,5,782.89,0.0,782.89,336.23,446.66,57.05,False
ORD-000950,2025-11-16,GDL-02,Occidente,Online,Electrónica,Teclado mecánico,2,1321.83,0.05,723.67,Recurrente,Efectivo,False,5,2643.66,132.18,2511.48,1447.34,1064.14,42.37,False
ORD-001259,2025-11-16,MTY-01,Norte,Tienda,Electrónica,Monitor 24 pulgadas,3,3816.93,0.05,2335.33,Recurrente,Tarjeta,False,3,11450.79,572.54,10878.25,7005.99,3872.26,35.6,True
ORD-001691,2025-11-16,GDL-01,Occidente,Online,Deportes,Mancuernas 10 kg,1,1029.48,0.15,516.39,Nuevo,Tarjeta,False,5,1029.48,154.42,875.06,516.39,358.67,40.99,False
ORD-003194,2025-11-16,CDMX-01,Centro,Tienda,Electrónica,Teclado mecánico,4,1345.99,0.2,748.34,Nuevo,Tarjeta,False,3,5383.96,1076.79,4307.17,2993.36,1313.81,30.5,False
ORD-000854,2025-11-17,VER-01,Golfo,Online,Oficina,Lámpara LED,1,591.05,0.1,238.26,Recurrente,Tarjeta,False,5,591.05,59.1,531.95,238.26,293.69,55.21,False
ORD-001159,2025-11-17,GDL-02,Occidente,Tienda,Oficina,Organizador de escritorio,1,302.07,0.15,104.53,Empresa,Efectivo,False,2,302.07,45.31,256.76,104.53,152.23,59.29,False
ORD-001803,2025-11-17,PUE-01,Centro,Tienda,Deportes,Mancuernas 10 kg,3,1002.73,0.05,519.74,Nuevo,Tarjeta,False,4,3008.19,150.41,2857.78,1559.22,1298.56,45.44,False
ORD-001872,2025-11-17,CDMX-02,Centro,Online,Oficina,Organizador de escritorio,2,318.08,0.2,104.18,Nuevo,Tarjeta,False,5,636.16,127.23,508.93,208.36,300.57,59.06,False
ORD-002000,2025-11-17,CAN-01,Sureste,Tienda,Hogar,Licuadora,5,1135.49,0.1,557.43,Recurrente,Tarjeta,False,4,5677.45,567.74,5109.71,2787.15,2322.56,45.45,False
ORD-002178,2025-11-17,VER-01,Golfo,Online,Deportes,Mancuernas 10 kg,1,999.62,0.1,532.98,Recurrente,Tarjeta,False,3,999.62,99.96,899.66,532.98,366.68,40.76,False
ORD-002611,2025-11-17,CDMX-02,Centro,Online,Electrónica,Audífonos Bluetooth,3,781.37,0.1,389.33,Recurrente,Tarjeta,False,4,2344.11,234.41,2109.7,1167.99,941.71,44.64,False
ORD-003201,2025-11-17,MTY-01,Norte,Tienda,Oficina,Organizador de escritorio,3,308.56,0.2,105.77,Nuevo,Tarjeta,False,4,925.68,185.14,740.54,317.31,423.23,57.15,False
ORD-003231,2025-11-17,MER-01,Sureste,Tienda,Oficina,Lámpara LED,3,609.81,0.0,238.78,Recurrente,Tarjeta,False,4,1829.43,0.0,1829.43,716.34,1113.09,60.84,False
ORD-000301,2025-11-18,CDMX-01,Centro,Online,Hogar,Juego de sábanas,5,678.55,0.0,305.69,Recurrente,Tarjeta,False,5,3392.75,0.0,3392.75,1528.45,1864.3,54.95,False
ORD-000309,2025-11-18,GDL-02,Occidente,Online,Electrónica,Audífonos Bluetooth,1,824.21,0.0,393.39,Nuevo,Tarjeta,False,5,824.21,0.0,824.21,393.39,430.82,52.27,False
ORD-000801,2025-11-18,CDMX-02,Centro,Online,Oficina,Silla ergonómica,3,3172.14,0.15,1873.03,Recurrente,Tarjeta,False,2,9516.42,1427.46,8088.96,5619.09,2469.87,30.53,True
ORD-000933,2025-11-18,GDL-02,Occidente,Tienda,Deportes,Tapete de yoga,4,434.85,0.15,159.84,Nuevo,Efectivo,False,3,1739.4,260.91,1478.49,639.36,839.13,56.76,False
ORD-001072,2025-11-18,CHH-01,Norte,Online,Oficina,Organizador de escritorio,4,320.26,0.2,106.08,Nuevo,Tarjeta,False,4,1281.04,256.21,1024.83,424.32,600.51,58.6,False
ORD-001582,2025-11-18,MTY-02,Norte,Online,Hogar,Cafetera programable,2,1688.29,0.05,873.65,Nuevo,Tarjeta,False,3,3376.58,168.83,3207.75,1747.3,1460.45,45.53,False
ORD-001726,2025-11-18,PUE-01,Centro,Tienda,Electrónica,Monitor 24 pulgadas,1,3537.15,0.15,2330.1,Recurrente,Tarjeta,False,1,3537.15,530.57,3006.58,2330.1,676.48,22.5,False
ORD-002351,2025-11-18,ZAP-01,Occidente,Tienda,Hogar,Cafetera programable,3,1655.17,0.0,866.82,Nuevo,Efectivo,True,3,4965.51,0.0,4965.51,2600.46,2365.05,47.63,False
ORD-002432,2025-11-18,CDMX-02,Centro,Tienda,Deportes,Tapete de yoga,2,453.35,0.0,158.95,Recurrente,Tarjeta,False,4,906.7,0.0,906.7,317.9,588.8,64.94,False
ORD-002770,2025-11-18,CDMX-02,Centro,Tienda,Hogar,Licuadora,4,1140.2,0.0,560.82,Recurrente,Tarjeta,False,5,4560.8,0.0,4560.8,2243.28,2317.52,50.81,False
ORD-003063,2025-11-18,ZAP-01,Occidente,Tienda,Hogar,Cafetera programable,1,1591.67,0.0,880.59,Recurrente,Tarjeta,False,2,1591.67,0.0,1591.67,880.59,711.08,44.68,False
ORD-003370,2025-11-18,VER-01,Golfo,Online,Deportes,Mochila deportiva,1,780.28,0.0,344.13,Nuevo,Tarjeta,False,5,780.28,0.0,780.28,344.13,436.15,55.9,False
ORD-003374,2025-11-18,MER-01,Sureste,Tienda,Hogar,Juego de sábanas,1,712.73,0.15,318.79,Recurrente,Transferencia,False,4,712.73,106.91,605.82,318.79,287.03,47.38,False
ORD-003384,2025-11-18,CAN-01,Sureste,Tienda,Electrónica,Audífonos Bluetooth,1,752.03,0.0,393.81,Recurrente,Transferencia,False,4,752.03,0.0,752.03,393.81,358.22,47.63,False
ORD-000013,2025-11-19,MTY-01,Norte,Online,Oficina,Silla ergonómica,1,3295.21,0.0,1832.24,Recurrente,Tarjeta,False,5,3295.21,0.0,3295.21,1832.24,1462.97,44.4,False
ORD-000095,2025-11-19,GDL-01,Occidente,Online,Deportes,Mochila deportiva,4,844.97,0.1,347.1,Recurrente,Tarjeta,False,5,3379.88,337.99,3041.89,1388.4,1653.49,54.36,False
ORD-000220,2025-11-19,CAN-01,Sureste,Tienda,Hogar,Licuadora,1,1098.84,0.1,550.93,Recurrente,Efectivo,False,3,1098.84,109.88,988.96,550.93,438.03,44.29,False
ORD-000248,2025-11-19,CHH-01,Norte,Tienda,Electrónica,Monitor 24 pulgadas,6,3771.96,0.0,2322.72,Nuevo,Efectivo,False,4,22631.76,0.0,22631.76,13936.32,8695.44,38.42,True
ORD-000347,2025-11-19,GDL-02,Occidente,Online,Hogar,Juego de sábanas,2,693.01,0.2,310.67,Recurrente,Transferencia,False,4,1386.02,277.2,1108.82,621.34,487.48,43.96,False
ORD-001749,2025-11-19,ZAP-01,Occidente,Tienda,Deportes,Mochila deportiva,1,836.48,0.15,341.89,Recurrente,Tarjeta,False,3,836.48,125.47,711.01,341.89,369.12,51.91,False
ORD-001834,2025-11-19,MTY-01,Norte,Tienda,Deportes,Mochila deportiva,3,822.17,0.1,349.66,Recurrente,Tarjeta,False,1,2466.51,246.65,2219.86,1048.98,1170.88,52.75,False
ORD-002286,2025-11-19,GDL-02,Occidente,Tienda,Oficina,Organizador de escritorio,3,313.89,0.0,108.17,Recurrente,Efectivo,False,5,941.67,0.0,941.67,324.51,617.16,65.54,False
ORD-002354,2025-11-19,CDMX-02,Centro,Tienda,Oficina,Organizador de escritorio,2,313.58,0.1,106.65,Nuevo,Tarjeta,False,4,627.16,62.72,564.44,213.3,351.14,62.21,False
ORD-002647,2025-11-19,CAN-01,Sureste,Online,Hogar,Licuadora,1,1106.55,0.2,548.79,Recurrente,Tarjeta,False,5,1106.55,221.31,885.24,548.79,336.45,38.01,False
ORD-003031,2025-11-19,GDL-01,Occidente,Tienda,Deportes,Tapete de yoga,1,452.63,0.0,158.89,Recurrente,Tarjeta,False,3,452.63,0.0,452.63,158.89,293.74,64.9,False
ORD-003428,2025-11-19,VER-01,Golfo,Tienda,Oficina,Lámpara LED,1,600.05,0.0,240.55,Recurrente,Tarjeta,False,4,600.05,0.0,600.05,240.55,359.5,59.91,False
ORD-000151,2025-11-20,MTY-02,Norte,Online,Electrónica,Audífonos Bluetooth,4,800.72,0.1,388.97,Recurrente,Transferencia,False,4,3202.88,320.29,2882.59,1555.88,1326.71,46.02,False
ORD-000558,2025-11-20,ZAP-01,Occidente,Online,Deportes,Mancuernas 10 kg,5,973.13,0.2,518.0,Recurrente,Transferencia,False,4,4865.65,973.13,3892.52,2590.0,1302.52,33.46,False
ORD-000690,2025-11-20,PUE-01,Centro,Tienda,Electrónica,Monitor 24 pulgadas,1,3819.84,0.2,2360.11,Recurrente,Tarjeta,False,3,3819.84,763.97,3055.87,2360.11,695.76,22.77,False
ORD-000865,2025-11-20,VER-01,Golfo,Tienda,Electrónica,Audífonos Bluetooth,1,764.11,0.0,387.33,Recurrente,Tarjeta,False,4,764.11,0.0,764.11,387.33,376.78,49.31,False
ORD-000878,2025-11-20,CAN-01,Sureste,Tienda,Electrónica,Monitor 24 pulgadas,1,3638.68,0.1,2394.26,Recurrente,Transferencia,True,4,3638.68,363.87,3274.81,2394.26,880.55,26.89,False
ORD-000927,2025-11-20,MTY-02,Norte,Tienda,Hogar,Juego de sábanas,1,697.82,0.0,309.53,Nuevo,Tarjeta,False,4,697.82,0.0,697.82,309.53,388.29,55.64,False
ORD-001016,2025-11-20,CHH-01,Norte,Tienda,Electrónica,Teclado mecánico,2,1314.69,0.0,731.29,Nuevo,Tarjeta,False,3,2629.38,0.0,2629.38,1462.58,1166.8,44.38,False
ORD-001320,2025-11-20,MTY-02,Norte,Tienda,Oficina,Lámpara LED,5,626.91,0.1,245.05,Nuevo,Tarjeta,False,5,3134.55,313.46,2821.09,1225.25,1595.84,56.57,False
ORD-001483,2025-11-20,MTY-02,Norte,Online,Electrónica,Teclado mecánico,1,1371.49,0.0,724.65,Recurrente,Tarjeta,False,3,1371.49,0.0,1371.49,724.65,646.84,47.16,False
ORD-001515,2025-11-20,CDMX-01,Centro,Tienda,Deportes,Tapete de yoga,4,448.87,0.05,162.66,Recurrente,Tarjeta,False,4,1795.48,89.77,1705.71,650.64,1055.07,61.86,False
ORD-001523,2025-11-20,VER-01,Golfo,Tienda,Hogar,Licuadora,5,1124.21,0.05,559.84,Recurrente,Tarjeta,False,3,5621.05,281.05,5340.0,2799.2,2540.8,47.58,False
ORD-001527,2025-11-20,GDL-02,Occidente,Tienda,Hogar,Juego de sábanas,1,740.28,0.1,305.05,Recurrente,Tarjeta,False,4,740.28,74.03,666.25,305.05,361.2,54.21,False
ORD-001637,2025-11-20,MTY-02,Norte,Tienda,Deportes,Tapete de yoga,3,441.96,0.1,157.71,Recurrente,Tarjeta,False,2,1325.88,132.59,1193.29,473.13,720.16,60.35,False
ORD-001755,2025-11-20,GDL-01,Occidente,Online,Electrónica,Monitor 24 pulgadas,1,3745.38,0.1,2300.81,Recurrente,Tarjeta,False,4,3745.38,374.54,3370.84,2300.81,1070.03,31.74,False
ORD-001934,2025-11-20,MTY-01,Norte,Tienda,Hogar,Cafetera programable,2,1602.9,0.05,862.04,Recurrente,Tarjeta,False,5,3205.8,160.29,3045.51,1724.08,1321.43,43.39,False
ORD-002104,2025-11-20,MER-01,Sureste,Online,Electrónica,Audífonos Bluetooth,1,764.63,0.0,382.33,Recurrente,Tarjeta,False,4,764.63,0.0,764.63,382.33,382.3,50.0,False
ORD-002465,2025-11-20,CAN-01,Sureste,Online,Electrónica,Audífonos Bluetooth,1,784.63,0.0,386.98,Recurrente,Tarjeta,False,4,784.63,0.0,784.63,386.98,397.65,50.68,False
ORD-002571,2025-11-20,PUE-01,Centro,Online,Oficina,Silla ergonómica,3,3252.0,0.0,1845.59,Recurrente,Efectivo,False,5,9756.0,0.0,9756.0,5536.77,4219.23,43.25,True
ORD-002695,2025-11-20,GDL-01,Occidente,Tienda,Electrónica,Monitor 24 pulgadas,1,3475.44,0.15,2329.51,Recurrente,Tarjeta,False,4,3475.44,521.32,2954.12,2329.51,624.61,21.14,False
ORD-003001,2025-11-20,PUE-01,Centro,Tienda,Electrónica,Teclado mecánico,1,1311.32,0.1,711.24,Nuevo,Tarjeta,False,3,1311.32,131.13,1180.19,711.24,468.95,39.74,False
ORD-003155,2025-11-20,CAN-01,Sureste,Tienda,Electrónica,Monitor 24 pulgadas,2,3650.76,0.1,2350.63,Nuevo,Efectivo,False,4,7301.52,730.15,6571.37,4701.26,1870.11,28.46,True
ORD-003535,2025-11-20,MER-01,Sureste,Tienda,Deportes,Mancuernas 10 kg,1,1019.38,0.1,530.14,Nuevo,Efectivo,False,5,1019.38,101.94,917.44,530.14,387.3,42.22,False
ORD-000023,2025-11-21,CDMX-01,Centro,Tienda,Electrónica,Teclado mecánico,1,1338.76,0.15,717.09,Recurrente,Transferencia,False,4,1338.76,200.81,1137.95,717.09,420.86,36.98,False
ORD-000389,2025-11-21,CDMX-02,Centro,Tienda,Deportes,Tapete de yoga,1,427.15,0.0,163.31,Nuevo,Tarjeta,False,1,427.15,0.0,427.15,163.31,263.84,61.77,False
ORD-001091,2025-11-21,CDMX-01,Centro,Tienda,Oficina,Organizador de escritorio,2,321.88,0.0,107.17,Empresa,Efectivo,False,2,643.76,0.0,643.76,214.34,429.42,66.7,False
ORD-001122,2025-11-21,VER-01,Golfo,Tienda,Electrónica,Audífonos Bluetooth,2,759.46,0.05,383.22,Recurrente,Transferencia,False,3,1518.92,75.95,1442.97,766.44,676.53,46.88,False
ORD-001420,2025-11-21,CHH-01,Norte,Tienda,Deportes,Tapete de yoga,2,435.17,0.0,162.88,Recurrente,Tarjeta,False,4,870.34,0.0,870.34,325.76,544.58,62.57,False
ORD-001424,2025-11-21,MER-01,Sureste,Online,Oficina,Organizador de escritorio,3,313.34,0.1,104.04,Recurrente,Tarjeta,False,4,940.02,94.0,846.02,312.12,533.9,63.11,False
ORD-001638,2025-11-21,CDMX-01,Centro,Tienda,Hogar,Cafetera programable,2,1625.94,0.0,867.21,Nuevo,Tarjeta,False,5,3251.88,0.0,3251.88,1734.42,1517.46,46.66,False
ORD-002366,2025-11-21,CHH-01,Norte,Tienda,Hogar,Cafetera programable,2,1632.31,0.0,862.51,Recurrente,Transferencia,False,3,3264.62,0.0,3264.62,1725.02,1539.6,47.16,False
ORD-002618,2025-11-21,GDL-02,Occidente,Tienda,Hogar,Juego de sábanas,5,703.75,0.15,311.69,Nuevo,Efectivo,False,5,3518.75,527.81,2990.94,1558.45,1432.49,47.89,False
ORD-002626,2025-11-21,GDL-02,Occidente,Tienda,Oficina,Organizador de escritorio,3,317.03,0.15,103.67,Recurrente,Tarjeta,False,4,951.09,142.66,808.43,311.01,497.42,61.53,False
ORD-003437,2025-11-21,GDL-02,Occidente,Tienda,Oficina,Organizador de escritorio,6,317.26,0.0,109.49,Recurrente,Efectivo,False,4,1903.56,0.0,1903.56,656.94,1246.62,65.49,False
ORD-000300,2025-11-22,GDL-02,Occidente,Tienda,Oficina,Organizador de escritorio,1,310.47,0.2,104.83,Nuevo,Tarjeta,False,3,310.47,62.09,248.38,104.83,143.55,57.79,False
ORD-000365,2025-11-22,MER-01,Sureste,Tienda,Oficina,Organizador de escritorio,6,314.72,0.1,103.21,Recurrente,Tarjeta,False,5,1888.32,188.83,1699.49,619.26,1080.23,63.56,False
ORD-000430,2025-11-22,MTY-02,Norte,Tienda,Deportes,Mancuernas 10 kg,4,958.55,0.2,526.72,Nuevo,Tarjeta,False,3,3834.2,766.84,3067.36,2106.88,960.48,31.31,False
ORD-000553,2025-11-22,CAN-01,Sureste,Tienda,Oficina,Lámpara LED,4,606.52,0.05,228.11,Recurrente,Efectivo,False,4,2426.08,121.3,2304.78,912.44,1392.34,60.41,False
ORD-000832,2025-11-22,MTY-02,Norte,Tienda,Hogar,Licuadora,2,1094.42,0.3,551.36,Nuevo,Tarjeta,False,5,2188.84,656.65,1532.19,1102.72,429.47,28.03,False
ORD-001069,2025-11-22,GDL-02,Occidente,Tienda,Oficina,Silla ergonómica,1,3267.46,0.0,1829.0,Empresa,Tarjeta,False,5,3267.46,0.0,3267.46,1829.0,1438.46,44.02,False
ORD-001154,2025-11-22,CAN-01,Sureste,Tienda,Hogar,Cafetera programable,3,1610.09,0.15,877.9,Recurrente,Tarjeta,False,5,4830.27,724.54,4105.73,2633.7,1472.03,35.85,False
ORD-001238,2025-11-22,GDL-01,Occidente,Tienda,Hogar,Juego de sábanas,2,701.36,0.1,311.99,Recurrente,Tarjeta,False,4,1402.72,140.27,1262.45,623.98,638.47,50.57,False
ORD-001371,2025-11-22,VER-01,Golfo,Online,Oficina,Organizador de escritorio,2,327.7,0.1,106.7,Recurrente,Tarjeta,False,4,655.4,65.54,589.86,213.4,376.46,63.82,False
ORD-002182,2025-11-22,CHH-01,Norte,Tienda,Oficina,Silla ergonómica,1,3091.12,0.0,1834.64,Nuevo,Tarjeta,False,4,3091.12,0.0,3091.12,1834.64,1256.48,40.65,False
ORD-002360,2025-11-22,MTY-01,Norte,Tienda,Oficina,Lámpara LED,1,613.2,0.0,235.5,Nuevo,Tarjeta,False,4,613.2,0.0,613.2,235.5,377.7,61.59,False
ORD-002486,2025-11-22,MTY-02,Norte,Tienda,Deportes,Mochila deportiva,3,808.76,0.1,350.43,Recurrente,Efectivo,False,4,2426.28,242.63,2183.65,1051.29,1132.36,51.86,False
ORD-003519,2025-11-22,CHH-01,Norte,Tienda,Oficina,Silla ergonómica,1,3300.82,0.15,1813.92,Nuevo,Efectivo,False,5,3300.82,495.12,2805.7,1813.92,991.78,35.35,False
ORD-000275,2025-11-23,CDMX-01,Centro,Online,Deportes,Tapete de yoga,5,440.52,0.15,157.99,Empresa,Tarjeta,False,4,2202.6,330.39,1872.21,789.95,1082.26,57.81,False
ORD-000582,2025-11-23,GDL-01,Occidente,Tienda,Oficina,Lámpara LED,2,588.69,0.1,243.78,Recurrente,Tarjeta,False,4,1177.38,117.74,1059.64,487.56,572.08,53.99,False
ORD-000627,2025-11-23,MTY-01,Norte,Tienda,Hogar,Cafetera programable,1,1669.4,0.0,886.37,Nuevo,Efectivo,False,3,1669.4,0.0,1669.4,886.37,783.03,46.9,False
ORD-002198,2025-11-23,CDMX-01,Centro,Online,Deportes,Mancuernas 10 kg,1,1001.28,0.05,518.53,Recurrente,Efectivo,False,5,1001.28,50.06,951.22,518.53,432.69,45.49,False
ORD-002237,2025-11-23,CHH-01,Norte,Tienda,Oficina,Lámpara LED,1,599.41,0.05,234.63,Recurrente,Efectivo,False,1,599.41,29.97,569.44,234.63,334.81,58.8,False
ORD-002244,2025-11-23,MTY-02,Norte,Tienda,Electrónica,Teclado mecánico,2,1331.23,0.1,715.21,Recurrente,Tarjeta,False,5,2662.46,266.25,2396.21,1430.42,965.79,40.3,False
ORD-002599,2025-11-23,ZAP-01,Occidente,Tienda,Deportes,Mancuernas 10 kg,5,1021.2,0.1,513.38,Nuevo,Efectivo,False,5,5106.0,510.6,4595.4,2566.9,2028.5,44.14,False
ORD-002866,2025-11-23,GDL-01,Occidente,Tienda,Deportes,Mochila deportiva,3,795.56,0.05,338.47,Recurrente,Tarjeta,False,4,2386.68,119.33,2267.35,1015.41,1251.94,55.22,False
ORD-003033,2025-11-23,PUE-01,Centro,Online,Hogar,Cafetera programable,1,1596.95,0.2,871.09,Nuevo,Tarjeta,False,4,1596.95,319.39,1277.56,871.09,406.47,31.82,False
ORD-000630,2025-11-24,PUE-01,Centro,Tienda,Electrónica,Audífonos Bluetooth,1,781.93,0.05,388.29,Recurrente,Tarjeta,False,5,781.93,39.1,742.83,388.29,354.54,47.73,False
ORD-000807,2025-11-24,ZAP-01,Occidente,Online,Hogar,Cafetera programable,1,1643.0,0.0,889.97,Empresa,Tarjeta,False,5,1643.0,0.0,1643.0,889.97,753.03,45.83,False
ORD-000888,2025-11-24,CAN-01,Sureste,Tienda,Hogar,Juego de sábanas,3,731.35,0.0,313.71,Recurrente,Tarjeta,False,2,2194.05,0.0,2194.05,941.13,1252.92,57.11,False
ORD-001078,2025-11-24,MTY-02,Norte,Tienda,Oficina,Lámpara LED,2,613.6,0.1,244.61,Recurrente,Tarjeta,False,5,1227.2,122.72,1104.48,489.22,615.26,55.71,False
ORD-001896,2025-11-24,CDMX-02,Centro,Online,Deportes,Mancuernas 10 kg,1,972.72,0.05,530.77,Empresa,Efectivo,False,4,972.72,48.64,924.08,530.77,393.31,42.56,False
ORD-001929,2025-11-24,MER-01,Sureste,Tienda,Deportes,Tapete de yoga,2,446.5,0.1,160.7,Nuevo,Tarjeta,False,3,893.0,89.3,803.7,321.4,482.3,60.01,False
ORD-002423,2025-11-24,MTY-02,Norte,Tienda,Hogar,Juego de sábanas,2,700.53,0.1,312.35,Nuevo,Tarjeta,False,4,1401.06,140.11,1260.95,624.7,636.25,50.46,False
ORD-002459,2025-11-24,CDMX-01,Centro,Tienda,Hogar,Cafetera programable,2,1607.82,0.0,871.41,Recurrente,Tarjeta,False,4,3215.64,0.0,3215.64,1742.82,1472.82,45.8,False
ORD-002545,2025-11-24,ZAP-01,Occidente,Online,Electrónica,Teclado mecánico,2,1283.45,0.0,731.05,Nuevo,Transferencia,False,4,2566.9,0.0,2566.9,1462.1,1104.8,43.04,False
ORD-002549,2025-11-24,PUE-01,Centro,Tienda,Oficina,Silla ergonómica,3,3179.91,0.0,1791.63,Recurrente,Tarjeta,False,1,9539.73,0.0,9539.73,5374.89,4164.84,43.66,True
ORD-002853,2025-11-24,CHH-01,Norte,Tienda,Hogar,Licuadora,2,1070.07,0.05,565.55,Recurrente,Tarjeta,False,5,2140.14,107.01,2033.13,1131.1,902.03,44.37,False
ORD-000238,2025-11-25,GDL-02,Occidente,Online,Electrónica,Audífonos Bluetooth,1,788.24,0.15,380.83,Recurrente,Tarjeta,False,5,788.24,118.24,670.0,380.83,289.17,43.16,False
ORD-000366,2025-11-25,CHH-01,Norte,Tienda,Hogar,Cafetera programable,3,1615.77,0.1,856.82,Recurrente,Tarjeta,False,3,4847.31,484.73,4362.58,2570.46,1792.12,41.08,False
ORD-000603,2025-11-25,GDL-01,Occidente,Tienda,Deportes,Mancuernas 10 kg,3,987.67,0.15,518.88,Nuevo,Efectivo,False,4,2963.01,444.45,2518.56,1556.64,961.92,38.19,False
ORD-000683,2025-11-25,GDL-01,Occidente,Online,Oficina,Lámpara LED,2,606.06,0.0,233.65,Recurrente,Tarjeta,False,4,1212.12,0.0,1212.12,467.3,744.82,61.45,False
ORD-000685,2025-11-25,MTY-02,Norte,Tienda,Deportes,Mancuernas 10 kg,1,1004.54,0.1,517.04,Nuevo,Tarjeta,False,3,1004.54,100.45,904.09,517.04,387.05,42.81,False
ORD-001036,2025-11-25,VER-01,Golfo,Tienda,Oficina,Lámpara LED,3,586.18,0.0,237.86,Recurrente,Tarjeta,False,5,1758.54,0.0,1758.54,713.58,1044.96,59.42,False
ORD-001434,2025-11-25,GDL-02,Occidente,Online,Deportes,Mochila deportiva,1,812.38,0.15,333.46,Nuevo,Tarjeta,False,4,812.38,121.86,690.52,333.46,357.06,51.71,False
ORD-001920,2025-11-25,GDL-02,Occidente,Tienda,Deportes,Tapete de yoga,3,416.35,0.0,160.0,Recurrente,Tarjeta,False,4,1249.05,0.0,1249.05,480.0,769.05,61.57,False
ORD-002498,2025-11-25,MER-01,Sureste,Online,Electrónica,Monitor 24 pulgadas,3,3628.91,0.0,2291.28,Nuevo,Transferencia,False,4,10886.73,0.0,10886.73,6873.84,4012.89,36.86,True
ORD-002879,2025-11-25,PUE-01,Centro,Online,Electrónica,Audífonos Bluetooth,1,781.27,0.0,388.67,Recurrente,Transferencia,True,4,781.27,0.0,781.27,388.67,392.6,50.25,False
ORD-002957,2025-11-25,CDMX-01,Centro,Tienda,Electrónica,Teclado mecánico,2,1350.62,0.3,722.5,Recurrente,Tarjeta,False,4,2701.24,810.37,1890.87,1445.0,445.87,23.58,False
ORD-003425,2025-11-25,MER-01,Sureste,Tienda,Oficina,Lámpara LED,6,607.76,0.1,239.79,Recurrente,Tarjeta,False,4,3646.56,364.66,3281.9,1438.74,1843.16,56.16,False
ORD-000063,2025-11-26,MTY-02,Norte,Online,Electrónica,Monitor 24 pulgadas,3,3529.02,0.05,2319.79,Recurrente,Tarjeta,False,2,10587.06,529.35,10057.71,6959.37,3098.34,30.81,True
ORD-000966,2025-11-26,GDL-02,Occidente,Tienda,Electrónica,Audífonos Bluetooth,1,776.14,0.1,370.23,Nuevo,Tarjeta,False,4,776.14,77.61,698.53,370.23,328.3,47.0,False
ORD-001161,2025-11-26,CAN-01,Sureste,Tienda,Deportes,Mancuernas 10 kg,1,1012.32,0.0,510.85,Recurrente,Tarjeta,False,1,1012.32,0.0,1012.32,510.85,501.47,49.54,False
ORD-001268,2025-11-26,PUE-01,Centro,Online,Oficina,Silla ergonómica,2,3266.99,0.0,1829.83,Nuevo,Tarjeta,False,4,6533.98,0.0,6533.98,3659.66,2874.32,43.99,True
ORD-001677,2025-11-26,GDL-02,Occidente,Online,Oficina,Organizador de escritorio,6,313.26,0.05,103.79,Nuevo,Tarjeta,False,4,1879.56,93.98,1785.58,622.74,1162.84,65.12,False
ORD-001999,2025-11-26,VER-01,Golfo,Tienda,Oficina,Lámpara LED,4,615.19,0.2,242.93,Recurrente,Transferencia,False,5,2460.76,492.15,1968.61,971.72,996.89,50.64,False
ORD-002657,2025-11-26,GDL-01,Occidente,Online,Deportes,Tapete de yoga,1,460.42,0.05,159.73,Empresa,Efectivo,False,4,460.42,23.02,437.4,159.73,277.67,63.48,False
ORD-002895,2025-11-26,MER-01,Sureste,Tienda,Deportes,Tapete de yoga,1,430.08,0.0,158.7,Nuevo,Tarjeta,False,5,430.08,0.0,430.08,158.7,271.38,63.1,False
ORD-003440,2025-11-26,PUE-01,Centro,Tienda,Hogar,Licuadora,3,1142.8,0.1,559.19,Recurrente,Tarjeta,False,5,3428.4,342.84,3085.56,1677.57,1407.99,45.63,False
ORD-000118,2025-11-27,CDMX-02,Centro,Tienda,Oficina,Lámpara LED,2,586.6,0.05,243.3,Empresa,Tarjeta,False,5,1173.2,58.66,1114.54,486.6,627.94,56.34,False
ORD-000182,2025-11-27,MER-01,Sureste,Tienda,Hogar,Juego de sábanas,3,706.41,0.05,311.63,Empresa,Transferencia,False,4,2119.23,105.96,2013.27,934.89,1078.38,53.56,False
ORD-000586,2025-11-27,MTY-02,Norte,Online,Oficina,Organizador de escritorio,6,320.4,0.1,100.17,Nuevo,Efectivo,False,4,1922.4,192.24,1730.16,601.02,1129.14,65.26,False
ORD-001619,2025-11-27,MTY-02,Norte,Online,Hogar,Cafetera programable,2,1668.01,0.1,856.87,Nuevo,Efectivo,False,5,3336.02,333.6,3002.42,1713.74,1288.68,42.92,False
ORD-002059,2025-11-27,CDMX-01,Centro,Tienda,Electrónica,Monitor 24 pulgadas,1,3576.08,0.2,2380.53,Recurrente,Tarjeta,False,1,3576.08,715.22,2860.86,2380.53,480.33,16.79,False
ORD-002208,2025-11-27,CDMX-02,Centro,Tienda,Electrónica,Audífonos Bluetooth,4,782.48,0.1,394.59,Nuevo,Tarjeta,False,5,3129.92,312.99,2816.93,1578.36,1238.57,43.97,False
ORD-002436,2025-11-27,GDL-02,Occidente,Tienda,Electrónica,Audífonos Bluetooth,2,776.32,0.05,386.31,Recurrente,Tarjeta,False,3,1552.64,77.63,1475.01,772.62,702.39,47.62,False
ORD-000719,2025-11-28,ZAP-01,Occidente,Tienda,Oficina,Organizador de escritorio,1,314.85,0.1,103.36,Recurrente,Efectivo,False,3,314.85,31.49,283.36,103.36,180.0,63.52,False
ORD-001000,2025-11-28,MER-01,Sureste,Tienda,Electrónica,Audífonos Bluetooth,1,724.24,0.05,381.13,Recurrente,Tarjeta,False,4,724.24,36.21,688.03,381.13,306.9,44.61,False
ORD-001398,2025-11-28,CHH-01,Norte,Tienda,Oficina,Organizador de escritorio,2,317.69,0.15,106.37,Nuevo,Efectivo,False,3,635.38,95.31,540.07,212.74,327.33,60.61,False
ORD-002594,2025-11-28,MER-01,Sureste,Tienda,Hogar,Juego de sábanas,6,756.64,0.1,306.62,Recurrente,Transferencia,False,4,4539.84,453.98,4085.86,1839.72,2246.14,54.97,False
ORD-003448,2025-11-28,MTY-01,Norte,Online,Hogar,Juego de sábanas,2,713.37,0.15,308.95,Nuevo,Tarjeta,False,3,1426.74,214.01,1212.73,617.9,594.83,49.05,False
ORD-000324,2025-11-29,CDMX-02,Centro,Tienda,Deportes,Mancuernas 10 kg,2,957.74,0.3,533.05,Nuevo,Tarjeta,False,5,1915.48,574.64,1340.84,1066.1,274.74,20.49,False
ORD-001038,2025-11-29,GDL-02,Occidente,Tienda,Oficina,Organizador de escritorio,3,307.66,0.0,105.77,Recurrente,Transferencia,False,3,922.98,0.0,922.98,317.31,605.67,65.62,False
ORD-001079,2025-11-29,CAN-01,Sureste,Online,Oficina,Organizador de escritorio,1,329.35,0.1,106.05,Recurrente,Tarjeta,False,4,329.35,32.94,296.41,106.05,190.36,64.22,False
ORD-001202,2025-11-29,ZAP-01,Occidente,Online,Oficina,Organizador de escritorio,2,304.84,0.05,104.4,Recurrente,Tarjeta,True,5,609.68,30.48,579.2,208.8,370.4,63.95,False
ORD-001298,2025-11-29,CHH-01,Norte,Online,Oficina,Organizador de escritorio,3,323.65,0.0,107.51,Recurrente,Tarjeta,False,4,970.95,0.0,970.95,322.53,648.42,66.78,False
ORD-001429,2025-11-29,GDL-02,Occidente,Tienda,Electrónica,Teclado mecánico,2,1316.03,0.1,730.41,Recurrente,Transferencia,False,4,2632.06,263.21,2368.85,1460.82,908.03,38.33,False
ORD-001432,2025-11-29,PUE-01,Centro,Online,Hogar,Juego de sábanas,1,709.84,0.15,306.77,Nuevo,Tarjeta,False,4,709.84,106.48,603.36,306.77,296.59,49.16,False
ORD-001673,2025-11-29,CDMX-02,Centro,Tienda,Deportes,Mochila deportiva,1,841.49,0.05,338.62,Nuevo,Tarjeta,False,3,841.49,42.07,799.42,338.62,460.8,57.64,False
ORD-002515,2025-11-29,CDMX-02,Centro,Online,Hogar,Cafetera programable,4,1639.39,0.2,851.14,Recurrente,Tarjeta,False,5,6557.56,1311.51,5246.05,3404.56,1841.49,35.1,False
ORD-002715,2025-11-29,CDMX-01,Centro,Tienda,Oficina,Organizador de escritorio,1,314.0,0.05,104.69,Recurrente,Tarjeta,False,5,314.0,15.7,298.3,104.69,193.61,64.9,False
ORD-002898,2025-11-29,GDL-01,Occidente,Tienda,Hogar,Cafetera programable,1,1635.1,0.0,899.29,Recurrente,Tarjeta,False,5,1635.1,0.0,1635.1,899.29,735.81,45.0,False
ORD-000078,2025-11-30,CHH-01,Norte,Online,Hogar,Juego de sábanas,5,719.41,0.3,299.04,Recurrente,Tarjeta,True,5,3597.05,1079.12,2517.93,1495.2,1022.73,40.62,False
ORD-000676,2025-11-30,GDL-01,Occidente,Tienda,Deportes,Mochila deportiva,5,826.63,0.1,335.67,Recurrente,Tarjeta,False,4,4133.15,413.32,3719.83,1678.35,2041.48,54.88,False
ORD-000855,2025-11-30,PUE-01,Centro,Tienda,Oficina,Organizador de escritorio,3,335.84,0.0,105.72,Nuevo,Tarjeta,False,3,1007.52,0.0,1007.52,317.16,690.36,68.52,False
ORD-000917,2025-11-30,MTY-01,Norte,Online,Deportes,Tapete de yoga,5,431.11,0.05,162.41,Recurrente,Efectivo,False,2,2155.55,107.78,2047.77,812.05,1235.72,60.34,False
ORD-001660,2025-11-30,MER-01,Sureste,Tienda,Hogar,Cafetera programable,1,1657.5,0.1,873.97,Nuevo,Tarjeta,False,4,1657.5,165.75,1491.75,873.97,617.78,41.41,False
ORD-001924,2025-11-30,MTY-02,Norte,Tienda,Electrónica,Monitor 24 pulgadas,1,3691.65,0.0,2327.13,Recurrente,Efectivo,False,4,3691.65,0.0,3691.65,2327.13,1364.52,36.96,False
ORD-002393,2025-11-30,PUE-01,Centro,Tienda,Oficina,Organizador de escritorio,2,310.66,0.05,105.23,Recurrente,Tarjeta,False,3,621.32,31.07,590.25,210.46,379.79,64.34,False
ORD-003456,2025-11-30,CAN-01,Sureste,Tienda,Electrónica,Audífonos Bluetooth,3,754.14,0.0,382.41,Empresa,Tarjeta,False,4,2262.42,0.0,2262.42,1147.23,1115.19,49.29,False
ORD-003537,2025-11-30,CDMX-01,Centro,Online,Deportes,Tapete de yoga,2,435.65,0.2,159.55,Nuevo,Tarjeta,False,5,871.3,174.26,697.04,319.1,377.94,54.22,False
ORD-000370,2025-12-01,PUE-01,Centro,Tienda,Hogar,Juego de sábanas,2,692.99,0.0,302.4,Empresa,Efectivo,False,4,1385.98,0.0,1385.98,604.8,781.18,56.36,False
ORD-000600,2025-12-01,CHH-01,Norte,Tienda,Hogar,Juego de sábanas,1,723.4,0.0,316.95,Nuevo,Tarjeta,False,4,723.4,0.0,723.4,316.95,406.45,56.19,False
ORD-000666,2025-12-01,CDMX-02,Centro,Tienda,Deportes,Mancuernas 10 kg,3,969.5,0.0,527.37,Recurrente,Tarjeta,False,4,2908.5,0.0,2908.5,1582.11,1326.39,45.6,False
ORD-001171,2025-12-01,CHH-01,Norte,Online,Oficina,Organizador de escritorio,1,312.05,0.1,103.66,Recurrente,Tarjeta,False,4,312.05,31.2,280.85,103.66,177.19,63.09,False
ORD-002229,2025-12-01,MTY-01,Norte,Online,Deportes,Mancuernas 10 kg,3,946.6,0.0,522.9,Nuevo,Efectivo,False,4,2839.8,0.0,2839.8,1568.7,1271.1,44.76,False
ORD-002386,2025-12-01,ZAP-01,Occidente,Online,Oficina,Organizador de escritorio,2,313.63,0.0,105.43,Nuevo,Tarjeta,True,3,627.26,0.0,627.26,210.86,416.4,66.38,False
ORD-002661,2025-12-01,GDL-02,Occidente,Tienda,Deportes,Mancuernas 10 kg,3,948.0,0.1,531.22,Nuevo,Tarjeta,False,3,2844.0,284.4,2559.6,1593.66,965.94,37.74,False
ORD-002692,2025-12-01,ZAP-01,Occidente,Online,Oficina,Lámpara LED,2,642.05,0.2,241.56,Empresa,Tarjeta,False,5,1284.1,256.82,1027.28,483.12,544.16,52.97,False
ORD-003336,2025-12-01,VER-01,Golfo,Tienda,Deportes,Mochila deportiva,2,826.14,0.05,328.19,Nuevo,Efectivo,False,3,1652.28,82.61,1569.67,656.38,913.29,58.18,False
ORD-000707,2025-12-02,GDL-02,Occidente,Tienda,Deportes,Mochila deportiva,3,828.54,0.1,340.57,Nuevo,Tarjeta,False,5,2485.62,248.56,2237.06,1021.71,1215.35,54.33,False
ORD-000924,2025-12-02,GDL-02,Occidente,Tienda,Oficina,Silla ergonómica,1,3239.5,0.1,1796.03,Nuevo,Tarjeta,False,5,3239.5,323.95,2915.55,1796.03,1119.52,38.4,False
ORD-001139,2025-12-02,GDL-01,Occidente,Tienda,Electrónica,Teclado mecánico,2,1324.87,0.15,717.9,Recurrente,Efectivo,True,5,2649.74,397.46,2252.28,1435.8,816.48,36.25,False
ORD-001229,2025-12-02,CAN-01,Sureste,Tienda,Electrónica,Audífonos Bluetooth,1,743.04,0.1,384.04,Nuevo,Tarjeta,False,5,743.04,74.3,668.74,384.04,284.7,42.57,False
ORD-001525,2025-12-02,CDMX-02,Centro,Tienda,Oficina,Lámpara LED,2,596.91,0.2,241.39,Recurrente,Efectivo,False,5,1193.82,238.76,955.06,482.78,472.28,49.45,False
ORD-001603,2025-12-02,GDL-02,Occidente,Online,Electrónica,Monitor 24 pulgadas,1,3599.97,0.1,2312.56,Recurrente,Transferencia,False,5,3599.97,360.0,3239.97,2312.56,927.41,28.62,False
ORD-002428,2025-12-02,MTY-02,Norte,Tienda,Deportes,Tapete de yoga,1,442.82,0.0,159.36,Nuevo,Tarjeta,False,4,442.82,0.0,442.82,159.36,283.46,64.01,False
ORD-003221,2025-12-02,ZAP-01,Occidente,Tienda,Hogar,Juego de sábanas,3,687.4,0.05,309.01,Recurrente,Efectivo,False,4,2062.2,103.11,1959.09,927.03,1032.06,52.68,False
ORD-003259,2025-12-02,CHH-01,Norte,Online,Hogar,Licuadora,3,1081.25,0.2,546.5,Recurrente,Tarjeta,False,4,3243.75,648.75,2595.0,1639.5,955.5,36.82,False
ORD-000191,2025-12-03,CAN-01,Sureste,Tienda,Electrónica,Teclado mecánico,3,1346.38,0.05,708.65,Recurrente,Efectivo,False,3,4039.14,201.96,3837.18,2125.95,1711.23,44.6,False
ORD-000263,2025-12-03,CAN-01,Sureste,Tienda,Deportes,Tapete de yoga,1,452.41,0.0,159.42,Recurrente,Tarjeta,False,5,452.41,0.0,452.41,159.42,292.99,64.76,False
ORD-002414,2025-12-03,MER-01,Sureste,Online,Electrónica,Teclado mecánico,1,1301.45,0.2,719.97,Nuevo,Tarjeta,True,3,1301.45,260.29,1041.16,719.97,321.19,30.85,False
ORD-002623,2025-12-03,VER-01,Golfo,Tienda,Hogar,Cafetera programable,3,1634.8,0.05,870.41,Nuevo,Transferencia,True,3,4904.4,245.22,4659.18,2611.23,2047.95,43.96,False
ORD-002780,2025-12-03,MER-01,Sureste,Online,Oficina,Lámpara LED,1,611.05,0.15,239.71,Recurrente,Tarjeta,False,5,611.05,91.66,519.39,239.71,279.68,53.85,False
ORD-003153,2025-12-03,CDMX-01,Centro,Tienda,Oficina,Organizador de escritorio,2,322.96,0.0,104.58,Recurrente,Efectivo,True,2,645.92,0.0,645.92,209.16,436.76,67.62,False
ORD-003397,2025-12-03,ZAP-01,Occidente,Tienda,Oficina,Organizador de escritorio,1,319.06,0.3,102.4,Nuevo,Tarjeta,False,5,319.06,95.72,223.34,102.4,120.94,54.15,False
ORD-000180,2025-12-04,MER-01,Sureste,Tienda,Electrónica,Teclado mecánico,3,1388.96,0.3,745.39,Recurrente,Tarjeta,False,4,4166.88,1250.06,2916.82,2236.17,680.65,23.34,False
ORD-000293,2025-12-04,MTY-01,Norte,Tienda,Deportes,Mochila deportiva,2,815.59,0.15,339.76,Recurrente,Transferencia,False,3,1631.18,244.68,1386.5,679.52,706.98,50.99,False
ORD-000373,2025-12-04,GDL-01,Occidente,Tienda,Electrónica,Monitor 24 pulgadas,1,3462.43,0.0,2412.91,Recurrente,Efectivo,False,5,3462.43,0.0,3462.43,2412.91,1049.52,30.31,False
ORD-000573,2025-12-04,MER-01,Sureste,Online,Oficina,Lámpara LED,1,617.25,0.0,240.65,Recurrente,Tarjeta,False,4,617.25,0.0,617.25,240.65,376.6,61.01,False
ORD-001218,2025-12-04,CDMX-02,Centro,Tienda,Hogar,Licuadora,3,1140.81,0.1,576.14,Recurrente,Efectivo,False,4,3422.43,342.24,3080.19,1728.42,1351.77,43.89,False
ORD-001967,2025-12-04,CHH-01,Norte,Tienda,Oficina,Lámpara LED,1,584.9,0.05,243.26,Recurrente,Tarjeta,False,2,584.9,29.24,555.66,243.26,312.4,56.22,False
ORD-002589,2025-12-04,MTY-01,Norte,Online,Oficina,Organizador de escritorio,5,314.1,0.1,106.79,Recurrente,Efectivo,False,5,1570.5,157.05,1413.45,533.95,879.5,62.22,False
ORD-002833,2025-12-04,GDL-02,Occidente,Online,Electrónica,Audífonos Bluetooth,2,796.09,0.0,389.55,Recurrente,Tarjeta,False,4,1592.18,0.0,1592.18,779.1,813.08,51.07,False
ORD-003435,2025-12-04,PUE-01,Centro,Tienda,Oficina,Organizador de escritorio,3,323.32,0.0,105.48,Recurrente,Tarjeta,False,2,969.96,0.0,969.96,316.44,653.52,67.38,False
ORD-000163,2025-12-05,MER-01,Sureste,Tienda,Deportes,Tapete de yoga,5,434.89,0.0,160.45,Empresa,Efectivo,False,4,2174.45,0.0,2174.45,802.25,1372.2,63.11,False
ORD-000307,2025-12-05,ZAP-01,Occidente,Tienda,Deportes,Tapete de yoga,4,458.04,0.0,159.47,Recurrente,Tarjeta,False,4,1832.16,0.0,1832.16,637.88,1194.28,65.18,False
ORD-000393,2025-12-05,ZAP-01,Occidente,Online,Hogar,Licuadora,5,1060.59,0.2,566.89,Recurrente,Efectivo,False,1,5302.95,1060.59,4242.36,2834.45,1407.91,33.19,False
ORD-000604,2025-12-05,GDL-01,Occidente,Online,Hogar,Cafetera programable,1,1670.88,0.0,869.22,Nuevo,Tarjeta,False,5,1670.88,0.0,1670.88,869.22,801.66,47.98,False
ORD-000968,2025-12-05,GDL-01,Occidente,Tienda,Oficina,Lámpara LED,1,614.42,0.05,238.22,Nuevo,Tarjeta,False,4,614.42,30.72,583.7,238.22,345.48,59.19,False
ORD-001119,2025-12-05,CDMX-01,Centro,Tienda,Deportes,Mochila deportiva,2,848.75,0.5,343.32,Recurrente,Tarjeta,False,3,1697.5,848.75,848.75,686.64,162.11,19.1,False
ORD-001288,2025-12-05,CHH-01,Norte,Tienda,Electrónica,Audífonos Bluetooth,2,772.54,0.0,387.61,Empresa,Tarjeta,True,4,1545.08,0.0,1545.08,775.22,769.86,49.83,False
ORD-001379,2025-12-05,MER-01,Sureste,Tienda,Electrónica,Monitor 24 pulgadas,1,3593.2,0.15,2376.48,Nuevo,Efectivo,False,3,3593.2,538.98,3054.22,2376.48,677.74,22.19,False
ORD-001462,2025-12-05,CDMX-01,Centro,Tienda,Oficina,Lámpara LED,2,612.25,0.0,236.86,Recurrente,Tarjeta,False,5,1224.5,0.0,1224.5,473.72,750.78,61.31,False
ORD-001501,2025-12-05,GDL-01,Occidente,Tienda,Oficina,Organizador de escritorio,4,319.15,0.15,104.02,Recurrente,Tarjeta,False,2,1276.6,191.49,1085.11,416.08,669.03,61.66,False
ORD-001505,2025-12-05,MTY-02,Norte,Online,Oficina,Organizador de escritorio,1,323.38,0.15,104.1,Empresa,Transferencia,False,4,323.38,48.51,274.87,104.1,170.77,62.13,False
ORD-001810,2025-12-05,CDMX-01,Centro,Tienda,Oficina,Silla ergonómica,1,3204.43,0.15,1818.89,Nuevo,Efectivo,False,2,3204.43,480.66,2723.77,1818.89,904.88,33.22,False
ORD-001992,2025-12-05,CDMX-02,Centro,Online,Oficina,Silla ergonómica,4,3252.55,0.05,1844.04,Recurrente,Tarjeta,False,3,13010.2,650.51,12359.69,7376.16,4983.53,40.32,True
ORD-002321,2025-12-05,VER-01,Golfo,Online,Oficina,Organizador de escritorio,3,322.48,0.15,104.68,Recurrente,Tarjeta,True,5,967.44,145.12,822.32,314.04,508.28,61.81,False
ORD-002476,2025-12-05,PUE-01,Centro,Online,Oficina,Organizador de escritorio,3,321.66,0.05,105.86,Recurrente,Tarjeta,False,5,964.98,48.25,916.73,317.58,599.15,65.36,False
ORD-002511,2025-12-05,CDMX-02,Centro,Tienda,Deportes,Tapete de yoga,2,429.99,0.05,156.68,Nuevo,Transferencia,False,3,859.98,43.0,816.98,313.36,503.62,61.64,False
ORD-002709,2025-12-05,CDMX-02,Centro,Tienda,Deportes,Mochila deportiva,1,830.07,0.0,342.22,Nuevo,Tarjeta,False,4,830.07,0.0,830.07,342.22,487.85,58.77,False
ORD-000148,2025-12-06,ZAP-01,Occidente,Online,Hogar,Cafetera programable,4,1642.66,0.1,888.78,Nuevo,Tarjeta,False,4,6570.64,657.06,5913.58,3555.12,2358.46,39.88,False
ORD-001021,2025-12-06,CAN-01,Sureste,Online,Oficina,Organizador de escritorio,1,315.6,0.0,104.42,Recurrente,Transferencia,False,3,315.6,0.0,315.6,104.42,211.18,66.91,False
ORD-001598,2025-12-06,GDL-01,Occidente,Tienda,Electrónica,Teclado mecánico,3,1326.03,0.05,707.93,Nuevo,Tarjeta,False,3,3978.09,198.9,3779.19,2123.79,1655.4,43.8,False
ORD-001627,2025-12-06,VER-01,Golfo,Tienda,Hogar,Juego de sábanas,1,719.96,0.1,308.21,Nuevo,Tarjeta,False,5,719.96,72.0,647.96,308.21,339.75,52.43,False
ORD-001690,2025-12-06,GDL-02,Occidente,Tienda,Electrónica,Monitor 24 pulgadas,1,3698.06,0.15,2350.01,Empresa,Tarjeta,True,4,3698.06,554.71,3143.35,2350.01,793.34,25.24,False
ORD-002002,2025-12-06,MTY-02,Norte,Tienda,Hogar,Cafetera programable,2,1658.91,0.1,878.93,Nuevo,Efectivo,False,5,3317.82,331.78,2986.04,1757.86,1228.18,41.13,False
ORD-002954,2025-12-06,VER-01,Golfo,Tienda,Deportes,Mancuernas 10 kg,1,977.35,0.0,513.58,Empresa,Tarjeta,False,1,977.35,0.0,977.35,513.58,463.77,47.45,False
ORD-003585,2025-12-06,CHH-01,Norte,Tienda,Oficina,Lámpara LED,4,632.11,0.05,237.08,Nuevo,Transferencia,False,4,2528.44,126.42,2402.02,948.32,1453.7,60.52,False
ORD-000199,2025-12-07,CAN-01,Sureste,Tienda,Oficina,Lámpara LED,4,603.04,0.0,239.28,Recurrente,Tarjeta,False,4,2412.16,0.0,2412.16,957.12,1455.04,60.32,False
ORD-000423,2025-12-07,CAN-01,Sureste,Tienda,Deportes,Mancuernas 10 kg,3,1025.36,0.2,506.12,Recurrente,Efectivo,False,5,3076.08,615.22,2460.86,1518.36,942.5,38.3,False
ORD-000922,2025-12-07,MTY-02,Norte,Online,Electrónica,Teclado mecánico,2,1361.13,0.1,734.16,Recurrente,Tarjeta,True,3,2722.26,272.23,2450.03,1468.32,981.71,40.07,False
ORD-001140,2025-12-07,MER-01,Sureste,Tienda,Electrónica,Teclado mecánico,1,1330.95,0.2,737.26,Recurrente,Tarjeta,False,4,1330.95,266.19,1064.76,737.26,327.5,30.76,False
ORD-001873,2025-12-07,GDL-01,Occidente,Tienda,Hogar,Cafetera programable,1,1660.7,0.0,854.96,Nuevo,Tarjeta,False,5,1660.7,0.0,1660.7,854.96,805.74,48.52,False
ORD-002367,2025-12-07,CDMX-01,Centro,Tienda,Hogar,Juego de sábanas,2,736.93,0.15,306.29,Nuevo,Tarjeta,False,3,1473.86,221.08,1252.78,612.58,640.2,51.1,False
ORD-003024,2025-12-07,GDL-02,Occidente,Tienda,Hogar,Cafetera programable,2,1649.97,0.0,837.98,Recurrente,Efectivo,False,2,3299.94,0.0,3299.94,1675.96,1623.98,49.21,False
ORD-003342,2025-12-07,GDL-02,Occidente,Tienda,Hogar,Cafetera programable,2,1618.56,0.1,867.13,Recurrente,Efectivo,False,3,3237.12,323.71,2913.41,1734.26,1179.15,40.47,False
ORD-000168,2025-12-08,VER-01,Golfo,Tienda,Oficina,Lámpara LED,3,604.95,0.05,245.79,Recurrente,Tarjeta,False,5,1814.85,90.74,1724.11,737.37,986.74,57.23,False
ORD-000572,2025-12-08,GDL-02,Occidente,Online,Hogar,Juego de sábanas,1,698.85,0.05,308.48,Nuevo,Transferencia,True,4,698.85,34.94,663.91,308.48,355.43,53.54,False
ORD-000612,2025-12-08,CDMX-01,Centro,Online,Electrónica,Teclado mecánico,1,1272.89,0.15,719.06,Empresa,Efectivo,False,1,1272.89,190.93,1081.96,719.06,362.9,33.54,False
ORD-000689,2025-12-08,CHH-01,Norte,Online,Hogar,Licuadora,2,1086.7,0.05,566.75,Recurrente,Tarjeta,False,1,2173.4,108.67,2064.73,1133.5,931.23,45.1,False
ORD-000916,2025-12-08,CAN-01,Sureste,Online,Electrónica,Teclado mecánico,6,1346.62,0.05,701.76,Recurrente,Tarjeta,False,2,8079.72,403.99,7675.73,4210.56,3465.17,45.14,True
ORD-001365,2025-12-08,MER-01,Sureste,Tienda,Hogar,Juego de sábanas,4,735.02,0.0,305.96,Nuevo,Tarjeta,False,4,2940.08,0.0,2940.08,1223.84,1716.24,58.37,False
ORD-001574,2025-12-08,MTY-01,Norte,Tienda,Electrónica,Teclado mecánico,2,1332.12,0.3,708.7,Recurrente,Efectivo,False,4,2664.24,799.27,1864.97,1417.4,447.57,24.0,False
ORD-001591,2025-12-08,PUE-01,Centro,Tienda,Hogar,Juego de sábanas,1,707.06,0.0,312.55,Nuevo,Tarjeta,False,4,707.06,0.0,707.06,312.55,394.51,55.8,False
ORD-001909,2025-12-08,GDL-01,Occidente,Tienda,Oficina,Organizador de escritorio,1,312.07,0.05,106.24,Recurrente,Tarjeta,False,5,312.07,15.6,296.47,106.24,190.23,64.17,False
ORD-002255,2025-12-08,CHH-01,Norte,Tienda,Electrónica,Monitor 24 pulgadas,2,3617.7,0.05,2368.65,Nuevo,Tarjeta,False,2,7235.4,361.77,6873.63,4737.3,2136.33,31.08,True
ORD-002666,2025-12-08,CAN-01,Sureste,Online,Hogar,Licuadora,1,1126.29,0.2,563.74,Recurrente,Tarjeta,False,4,1126.29,225.26,901.03,563.74,337.29,37.43,False
ORD-002672,2025-12-08,ZAP-01,Occidente,Tienda,Deportes,Mancuernas 10 kg,2,961.65,0.0,512.12,Nuevo,Tarjeta,False,5,1923.3,0.0,1923.3,1024.24,899.06,46.75,False
ORD-003274,2025-12-08,CAN-01,Sureste,Online,Hogar,Licuadora,1,1049.92,0.0,563.4,Recurrente,Efectivo,False,5,1049.92,0.0,1049.92,563.4,486.52,46.34,False
ORD-001047,2025-12-09,MTY-02,Norte,Tienda,Oficina,Lámpara LED,1,608.93,0.1,239.86,Recurrente,Transferencia,False,4,608.93,60.89,548.04,239.86,308.18,56.23,False
ORD-001114,2025-12-09,MTY-02,Norte,Tienda,Hogar,Juego de sábanas,2,721.23,0.0,308.52,Nuevo,Transferencia,False,4,1442.46,0.0,1442.46,617.04,825.42,57.22,False
ORD-001309,2025-12-09,GDL-02,Occidente,Online,Oficina,Organizador de escritorio,1,317.46,0.15,102.99,Nuevo,Efectivo,False,3,317.46,47.62,269.84,102.99,166.85,61.83,False
ORD-001740,2025-12-09,VER-01,Golfo,Online,Deportes,Mochila deportiva,1,845.73,0.1,351.08,Nuevo,Efectivo,False,3,845.73,84.57,761.16,351.08,410.08,53.88,False
ORD-001806,2025-12-09,PUE-01,Centro,Tienda,Oficina,Silla ergonómica,5,3083.74,0.0,1803.6,Recurrente,Tarjeta,False,1,15418.7,0.0,15418.7,9018.0,6400.7,41.51,True
ORD-001973,2025-12-09,CDMX-01,Centro,Online,Deportes,Mochila deportiva,4,836.29,0.3,333.17,Nuevo,Efectivo,False,5,3345.16,1003.55,2341.61,1332.68,1008.93,43.09,False
ORD-002200,2025-12-09,MTY-01,Norte,Online,Electrónica,Audífonos Bluetooth,2,749.64,0.0,398.49,Empresa,Tarjeta,False,4,1499.28,0.0,1499.28,796.98,702.3,46.84,False
ORD-002340,2025-12-09,GDL-01,Occidente,Tienda,Electrónica,Monitor 24 pulgadas,1,3761.47,0.15,2360.88,Recurrente,Efectivo,False,2,3761.47,564.22,3197.25,2360.88,836.37,26.16,False
ORD-002389,2025-12-09,MER-01,Sureste,Tienda,Hogar,Licuadora,1,1114.96,0.2,573.19,Recurrente,Tarjeta,False,5,1114.96,222.99,891.97,573.19,318.78,35.74,False
ORD-002536,2025-12-09,CHH-01,Norte,Tienda,Electrónica,Audífonos Bluetooth,3,777.19,0.1,388.58,Recurrente,Tarjeta,False,4,2331.57,233.16,2098.41,1165.74,932.67,44.45,False
ORD-002555,2025-12-09,CDMX-01,Centro,Tienda,Hogar,Licuadora,3,1113.33,0.0,562.24,Empresa,Tarjeta,False,3,3339.99,0.0,3339.99,1686.72,1653.27,49.5,False
ORD-002578,2025-12-09,CDMX-01,Centro,Tienda,Electrónica,Monitor 24 pulgadas,1,3618.77,0.05,2322.72,Recurrente,Tarjeta,False,5,3618.77,180.94,3437.83,2322.72,1115.11,32.44,False
ORD-003126,2025-12-09,MTY-02,Norte,Tienda,Oficina,Organizador de escritorio,5,314.69,0.1,102.86,Nuevo,Tarjeta,False,5,1573.45,157.35,1416.1,514.3,901.8,63.68,False
ORD-000523,2025-12-10,VER-01,Golfo,Tienda,Oficina,Silla ergonómica,5,3262.81,0.1,1801.75,Empresa,Tarjeta,False,5,16314.05,1631.4,14682.65,9008.75,5673.9,38.64,True
ORD-002143,2025-12-10,GDL-02,Occidente,Tienda,Deportes,Mochila deportiva,2,808.95,0.0,334.52,Recurrente,Tarjeta,False,4,1617.9,0.0,1617.9,669.04,948.86,58.65,False
ORD-002602,2025-12-10,MTY-01,Norte,Online,Electrónica,Audífonos Bluetooth,6,765.07,0.3,392.5,Empresa,Tarjeta,False,5,4590.42,1377.13,3213.29,2355.0,858.29,26.71,False
ORD-002620,2025-12-10,MTY-02,Norte,Online,Hogar,Cafetera programable,1,1524.22,0.0,846.58,Recurrente,Tarjeta,False,2,1524.22,0.0,1524.22,846.58,677.64,44.46,False
ORD-002764,2025-12-10,CAN-01,Sureste,Online,Electrónica,Monitor 24 pulgadas,4,3575.72,0.1,2263.39,Recurrente,Efectivo,False,4,14302.88,1430.29,12872.59,9053.56,3819.03,29.67,True
ORD-002800,2025-12-10,ZAP-01,Occidente,Tienda,Deportes,Tapete de yoga,2,440.45,0.1,163.97,Recurrente,Tarjeta,False,2,880.9,88.09,792.81,327.94,464.87,58.64,False
ORD-003000,2025-12-10,CDMX-01,Centro,Online,Electrónica,Monitor 24 pulgadas,1,3483.9,0.05,2351.63,Empresa,Transferencia,False,4,3483.9,174.2,3309.7,2351.63,958.07,28.95,False
ORD-003055,2025-12-10,GDL-01,Occidente,Online,Electrónica,Monitor 24 pulgadas,1,3577.13,0.05,2398.37,Empresa,Transferencia,False,5,3577.13,178.86,3398.27,2398.37,999.9,29.42,False
ORD-003098,2025-12-10,CHH-01,Norte,Tienda,Oficina,Lámpara LED,4,619.88,0.0,240.77,Recurrente,Efectivo,False,5,2479.52,0.0,2479.52,963.08,1516.44,61.16,False
ORD-003268,2025-12-10,VER-01,Golfo,Tienda,Hogar,Cafetera programable,1,1608.82,0.1,862.51,Nuevo,Efectivo,False,3,1608.82,160.88,1447.94,862.51,585.43,40.43,False
ORD-000171,2025-12-11,MTY-01,Norte,Tienda,Electrónica,Audífonos Bluetooth,1,771.47,0.2,389.52,Nuevo,Tarjeta,False,1,771.47,154.29,617.18,389.52,227.66,36.89,False
ORD-000283,2025-12-11,CDMX-01,Centro,Tienda,Deportes,Tapete de yoga,2,419.15,0.0,156.33,Recurrente,Tarjeta,False,4,838.3,0.0,838.3,312.66,525.64,62.7,False
ORD-000317,2025-12-11,CHH-01,Norte,Tienda,Hogar,Cafetera programable,1,1705.43,0.3,885.93,Recurrente,Tarjeta,False,4,1705.43,511.63,1193.8,885.93,307.87,25.79,False
ORD-000833,2025-12-11,CAN-01,Sureste,Online,Oficina,Silla ergonómica,3,3122.41,0.0,1876.6,Recurrente,Transferencia,False,4,9367.23,0.0,9367.23,5629.8,3737.43,39.9,True
ORD-000853,2025-12-11,MTY-02,Norte,Tienda,Electrónica,Audífonos Bluetooth,2,763.0,0.0,373.42,Recurrente,Tarjeta,False,4,1526.0,0.0,1526.0,746.84,779.16,51.06,False
ORD-000883,2025-12-11,MER-01,Sureste,Online,Electrónica,Teclado mecánico,1,1281.34,0.1,726.82,Empresa,Efectivo,False,4,1281.34,128.13,1153.21,726.82,426.39,36.97,False
ORD-001152,2025-12-11,ZAP-01,Occidente,Online,Deportes,Mancuernas 10 kg,6,974.53,0.0,526.54,Recurrente,Tarjeta,False,5,5847.18,0.0,5847.18,3159.24,2687.94,45.97,False
ORD-001887,2025-12-11,VER-01,Golfo,Tienda,Deportes,Tapete de yoga,3,425.09,0.1,161.23,Nuevo,Transferencia,True,5,1275.27,127.53,1147.74,483.69,664.05,57.86,False
ORD-002046,2025-12-11,MTY-01,Norte,Tienda,Electrónica,Monitor 24 pulgadas,3,3516.71,0.3,2326.47,Recurrente,Tarjeta,False,5,10550.13,3165.04,7385.09,6979.41,405.68,5.49,True
ORD-002334,2025-12-11,CDMX-01,Centro,Tienda,Hogar,Juego de sábanas,2,675.86,0.15,309.86,Nuevo,Tarjeta,True,2,1351.72,202.76,1148.96,619.72,529.24,46.06,False
ORD-003041,2025-12-11,CDMX-01,Centro,Online,Electrónica,Monitor 24 pulgadas,4,3538.17,0.05,2333.48,Recurrente,Tarjeta,False,5,14152.68,707.63,13445.05,9333.92,4111.13,30.58,True
ORD-003189,2025-12-11,ZAP-01,Occidente,Tienda,Hogar,Licuadora,1,1104.98,0.1,555.08,Recurrente,Efectivo,False,5,1104.98,110.5,994.48,555.08,439.4,44.18,False
ORD-003270,2025-12-11,CDMX-01,Centro,Tienda,Deportes,Mancuernas 10 kg,1,961.63,0.05,518.43,Nuevo,Efectivo,False,4,961.63,48.08,913.55,518.43,395.12,43.25,False
ORD-000246,2025-12-12,MER-01,Sureste,Online,Hogar,Licuadora,1,1095.66,0.1,560.76,Recurrente,Tarjeta,False,5,1095.66,109.57,986.09,560.76,425.33,43.13,False
ORD-000651,2025-12-12,VER-01,Golfo,Tienda,Electrónica,Teclado mecánico,4,1340.92,0.05,704.4,Recurrente,Tarjeta,False,5,5363.68,268.18,5095.5,2817.6,2277.9,44.7,False
ORD-000696,2025-12-12,MER-01,Sureste,Tienda,Oficina,Silla ergonómica,1,3209.62,0.2,1826.93,Recurrente,Efectivo,False,5,3209.62,641.92,2567.7,1826.93,740.77,28.85,False
ORD-000841,2025-12-12,CAN-01,Sureste,Tienda,Hogar,Juego de sábanas,1,733.58,0.15,305.58,Nuevo,Tarjeta,False,4,733.58,110.04,623.54,305.58,317.96,50.99,False
ORD-000870,2025-12-12,MTY-01,Norte,Tienda,Oficina,Organizador de escritorio,3,315.44,0.1,106.12,Nuevo,Tarjeta,False,3,946.32,94.63,851.69,318.36,533.33,62.62,False
ORD-001186,2025-12-12,GDL-02,Occidente,Online,Electrónica,Monitor 24 pulgadas,1,3493.33,0.0,2345.8,Nuevo,Efectivo,False,4,3493.33,0.0,3493.33,2345.8,1147.53,32.85,False
ORD-002698,2025-12-12,CAN-01,Sureste,Tienda,Oficina,Lámpara LED,2,609.2,0.05,241.21,Nuevo,Efectivo,False,2,1218.4,60.92,1157.48,482.42,675.06,58.32,False
ORD-002758,2025-12-12,MER-01,Sureste,Tienda,Deportes,Tapete de yoga,1,435.64,0.1,159.19,Empresa,Tarjeta,False,5,435.64,43.56,392.08,159.19,232.89,59.4,False
ORD-003132,2025-12-12,CDMX-02,Centro,Tienda,Electrónica,Monitor 24 pulgadas,2,3698.45,0.0,2328.72,Nuevo,Tarjeta,False,5,7396.9,0.0,7396.9,4657.44,2739.46,37.04,True
ORD-000046,2025-12-13,MER-01,Sureste,Tienda,Oficina,Silla ergonómica,2,3204.47,0.2,1832.91,Recurrente,Tarjeta,False,5,6408.94,1281.79,5127.15,3665.82,1461.33,28.5,False
ORD-000745,2025-12-13,PUE-01,Centro,Tienda,Oficina,Organizador de escritorio,2,327.61,0.05,108.27,Empresa,Tarjeta,True,2,655.22,32.76,622.46,216.54,405.92,65.21,False
ORD-001169,2025-12-13,PUE-01,Centro,Tienda,Hogar,Cafetera programable,2,1615.53,0.1,855.07,Nuevo,Transferencia,False,4,3231.06,323.11,2907.95,1710.14,1197.81,41.19,False
ORD-001265,2025-12-13,GDL-01,Occidente,Tienda,Electrónica,Monitor 24 pulgadas,1,3662.57,0.05,2388.81,Recurrente,Tarjeta,False,4,3662.57,183.13,3479.44,2388.81,1090.63,31.34,False
ORD-001760,2025-12-13,CAN-01,Sureste,Tienda,Oficina,Organizador de escritorio,2,322.14,0.0,104.15,Recurrente,Efectivo,True,5,644.28,0.0,644.28,208.3,435.98,67.67,False
ORD-001763,2025-12-13,MTY-02,Norte,Tienda,Oficina,Organizador de escritorio,5,327.28,0.0,106.4,Recurrente,Transferencia,False,2,1636.4,0.0,1636.4,532.0,1104.4,67.49,False
ORD-001989,2025-12-13,PUE-01,Centro,Online,Deportes,Mancuernas 10 kg,2,998.82,0.1,526.05,Recurrente,Efectivo,False,2,1997.64,199.76,1797.88,1052.1,745.78,41.48,False
ORD-002048,2025-12-13,CDMX-02,Centro,Online,Electrónica,Monitor 24 pulgadas,2,3601.57,0.1,2439.7,Empresa,Efectivo,False,3,7203.14,720.31,6482.83,4879.4,1603.43,24.73,True
ORD-002563,2025-12-13,ZAP-01,Occidente,Online,Electrónica,Audífonos Bluetooth,3,758.05,0.0,383.54,Nuevo,Transferencia,False,3,2274.15,0.0,2274.15,1150.62,1123.53,49.4,False
ORD-002581,2025-12-13,PUE-01,Centro,Tienda,Hogar,Juego de sábanas,2,711.68,0.0,305.75,Recurrente,Transferencia,False,4,1423.36,0.0,1423.36,611.5,811.86,57.04,False
ORD-002993,2025-12-13,CHH-01,Norte,Tienda,Electrónica,Monitor 24 pulgadas,2,3554.12,0.0,2354.9,Nuevo,Tarjeta,False,4,7108.24,0.0,7108.24,4709.8,2398.44,33.74,True
ORD-003327,2025-12-13,CAN-01,Sureste,Tienda,Deportes,Mochila deportiva,1,798.8,0.05,344.12,Nuevo,Transferencia,False,1,798.8,39.94,758.86,344.12,414.74,54.65,False
ORD-003350,2025-12-13,GDL-01,Occidente,Tienda,Oficina,Organizador de escritorio,3,318.53,0.1,105.5,Recurrente,Efectivo,False,2,955.59,95.56,860.03,316.5,543.53,63.2,False
ORD-003401,2025-12-13,MTY-02,Norte,Tienda,Deportes,Mochila deportiva,1,820.75,0.0,326.31,Nuevo,Tarjeta,False,5,820.75,0.0,820.75,326.31,494.44,60.24,False
ORD-000551,2025-12-14,CDMX-01,Centro,Tienda,Hogar,Cafetera programable,3,1666.58,0.0,855.05,Nuevo,Efectivo,False,2,4999.74,0.0,4999.74,2565.15,2434.59,48.69,False
ORD-000642,2025-12-14,GDL-01,Occidente,Online,Electrónica,Teclado mecánico,2,1312.15,0.1,738.81,Empresa,Tarjeta,False,5,2624.3,262.43,2361.87,1477.62,884.25,37.44,False
ORD-001560,2025-12-14,CDMX-01,Centro,Online,Hogar,Cafetera programable,2,1648.21,0.0,872.62,Recurrente,Tarjeta,False,4,3296.42,0.0,3296.42,1745.24,1551.18,47.06,False
ORD-001652,2025-12-14,CAN-01,Sureste,Online,Deportes,Mochila deportiva,1,805.88,0.15,347.19,Nuevo,Efectivo,False,3,805.88,120.88,685.0,347.19,337.81,49.32,False
ORD-002217,2025-12-14,CDMX-01,Centro,Online,Hogar,Juego de sábanas,2,704.56,0.0,308.91,Empresa,Tarjeta,False,4,1409.12,0.0,1409.12,617.82,791.3,56.16,False
ORD-002935,2025-12-14,CHH-01,Norte,Online,Deportes,Mochila deportiva,4,824.34,0.15,336.36,Recurrente,Transferencia,False,4,3297.36,494.6,2802.76,1345.44,1457.32,52.0,False
ORD-002995,2025-12-14,MTY-02,Norte,Tienda,Hogar,Cafetera programable,2,1610.17,0.0,859.48,Nuevo,Tarjeta,True,4,3220.34,0.0,3220.34,1718.96,1501.38,46.62,False
ORD-003218,2025-12-14,GDL-02,Occidente,Tienda,Electrónica,Teclado mecánico,1,1277.44,0.1,708.96,Recurrente,Efectivo,False,5,1277.44,127.74,1149.7,708.96,440.74,38.34,False
ORD-003508,2025-12-14,CHH-01,Norte,Tienda,Hogar,Licuadora,1,1100.33,0.0,572.93,Recurrente,Tarjeta,False,4,1100.33,0.0,1100.33,572.93,527.4,47.93,False
ORD-003520,2025-12-14,VER-01,Golfo,Tienda,Electrónica,Teclado mecánico,1,1345.71,0.0,721.8,Nuevo,Transferencia,False,4,1345.71,0.0,1345.71,721.8,623.91,46.36,False
ORD-003587,2025-12-14,CDMX-01,Centro,Tienda,Deportes,Mochila deportiva,5,882.76,0.05,344.13,Recurrente,Efectivo,False,3,4413.8,220.69,4193.11,1720.65,2472.46,58.96,False
ORD-000717,2025-12-15,PUE-01,Centro,Tienda,Electrónica,Teclado mecánico,1,1270.22,0.15,721.9,Recurrente,Tarjeta,False,4,1270.22,190.53,1079.69,721.9,357.79,33.14,False
ORD-001729,2025-12-15,MER-01,Sureste,Online,Hogar,Licuadora,1,1090.15,0.2,560.49,Recurrente,Tarjeta,False,5,1090.15,218.03,872.12,560.49,311.63,35.73,False
ORD-002274,2025-12-15,MTY-02,Norte,Tienda,Oficina,Lámpara LED,2,596.54,0.0,238.38,Recurrente,Transferencia,False,4,1193.08,0.0,1193.08,476.76,716.32,60.04,False
ORD-002884,2025-12-15,VER-01,Golfo,Tienda,Electrónica,Teclado mecánico,1,1327.91,0.15,719.5,Empresa,Tarjeta,False,5,1327.91,199.19,1128.72,719.5,409.22,36.26,False
ORD-003509,2025-12-15,MTY-02,Norte,Online,Hogar,Juego de sábanas,3,723.87,0.1,310.36,Empresa,Tarjeta,False,5,2171.61,217.16,1954.45,931.08,1023.37,52.36,False
ORD-000311,2025-12-16,CAN-01,Sureste,Tienda,Deportes,Tapete de yoga,1,440.86,0.05,156.89,Recurrente,Tarjeta,False,5,440.86,22.04,418.82,156.89,261.93,62.54,False
ORD-000903,2025-12-16,VER-01,Golfo,Tienda,Oficina,Lámpara LED,3,583.62,0.0,242.93,Recurrente,Tarjeta,False,5,1750.86,0.0,1750.86,728.79,1022.07,58.38,False
ORD-001409,2025-12-16,MER-01,Sureste,Tienda,Hogar,Cafetera programable,3,1679.64,0.05,883.73,Recurrente,Tarjeta,False,3,5038.92,251.95,4786.97,2651.19,2135.78,44.62,False
ORD-001991,2025-12-16,CDMX-02,Centro,Tienda,Electrónica,Monitor 24 pulgadas,5,3622.77,0.05,2310.52,Empresa,Tarjeta,False,5,18113.85,905.69,17208.16,11552.6,5655.56,32.87,True
ORD-002040,2025-12-16,CDMX-02,Centro,Tienda,Hogar,Juego de sábanas,2,690.44,0.1,307.76,Nuevo,Tarjeta,False,5,1380.88,138.09,1242.79,615.52,627.27,50.47,False
ORD-002140,2025-12-16,MTY-01,Norte,Tienda,Hogar,Juego de sábanas,1,728.65,0.05,307.55,Empresa,Tarjeta,False,4,728.65,36.43,692.22,307.55,384.67,55.57,False
ORD-002717,2025-12-16,CAN-01,Sureste,Tienda,Deportes,Mancuernas 10 kg,3,960.14,0.0,532.86,Nuevo,Tarjeta,False,2,2880.42,0.0,2880.42,1598.58,1281.84,44.5,False
ORD-002815,2025-12-16,CDMX-02,Centro,Online,Deportes,Mancuernas 10 kg,2,951.75,0.1,509.73,Recurrente,Tarjeta,False,4,1903.5,190.35,1713.15,1019.46,693.69,40.49,False
ORD-003340,2025-12-16,MTY-01,Norte,Tienda,Hogar,Cafetera programable,1,1642.66,0.05,860.72,Recurrente,Tarjeta,False,3,1642.66,82.13,1560.53,860.72,699.81,44.84,False
ORD-003551,2025-12-16,CAN-01,Sureste,Online,Hogar,Cafetera programable,1,1670.75,0.2,846.69,Nuevo,Tarjeta,False,4,1670.75,334.15,1336.6,846.69,489.91,36.65,False
ORD-003599,2025-12-16,CDMX-01,Centro,Tienda,Oficina,Lámpara LED,3,616.46,0.0,235.48,Nuevo,Efectivo,False,3,1849.38,0.0,1849.38,706.44,1142.94,61.8,False
ORD-000606,2025-12-17,MTY-02,Norte,Online,Electrónica,Teclado mecánico,2,1346.69,0.1,719.95,Recurrente,Tarjeta,False,3,2693.38,269.34,2424.04,1439.9,984.14,40.6,False
ORD-000653,2025-12-17,CDMX-02,Centro,Online,Deportes,Tapete de yoga,5,436.9,0.0,160.16,Recurrente,Tarjeta,False,5,2184.5,0.0,2184.5,800.8,1383.7,63.34,False
ORD-000726,2025-12-17,GDL-01,Occidente,Online,Deportes,Mochila deportiva,2,823.66,0.15,337.26,Recurrente,Efectivo,False,2,1647.32,247.1,1400.22,674.52,725.7,51.83,False
ORD-000995,2025-12-17,ZAP-01,Occidente,Tienda,Hogar,Cafetera programable,1,1649.02,0.2,866.7,Nuevo,Tarjeta,False,3,1649.02,329.8,1319.22,866.7,452.52,34.3,False
ORD-001028,2025-12-17,ZAP-01,Occidente,Tienda,Oficina,Organizador de escritorio,1,334.98,0.1,104.54,Nuevo,Tarjeta,False,4,334.98,33.5,301.48,104.54,196.94,65.32,False
ORD-001433,2025-12-17,GDL-01,Occidente,Online,Electrónica,Teclado mecánico,2,1340.13,0.0,726.56,Nuevo,Efectivo,False,5,2680.26,0.0,2680.26,1453.12,1227.14,45.78,False
ORD-003156,2025-12-17,MER-01,Sureste,Tienda,Hogar,Juego de sábanas,2,697.77,0.05,312.69,Recurrente,Tarjeta,False,4,1395.54,69.78,1325.76,625.38,700.38,52.83,False
ORD-003454,2025-12-17,CHH-01,Norte,Tienda,Deportes,Mochila deportiva,1,769.74,0.0,335.62,Recurrente,Tarjeta,False,5,769.74,0.0,769.74,335.62,434.12,56.4,False
ORD-000008,2025-12-18,CAN-01,Sureste,Online,Electrónica,Teclado mecánico,1,1300.91,0.15,725.92,Recurrente,Efectivo,False,4,1300.91,195.14,1105.77,725.92,379.85,34.35,False
ORD-000189,2025-12-18,GDL-02,Occidente,Online,Electrónica,Monitor 24 pulgadas,3,3499.93,0.0,2308.8,Nuevo,Transferencia,False,4,10499.79,0.0,10499.79,6926.4,3573.39,34.03,True
ORD-000952,2025-12-18,MTY-02,Norte,Tienda,Hogar,Cafetera programable,3,1687.67,0.05,859.91,Nuevo,Tarjeta,False,5,5063.01,253.15,4809.86,2579.73,2230.13,46.37,False
ORD-001043,2025-12-18,MTY-01,Norte,Online,Electrónica,Audífonos Bluetooth,1,753.78,0.0,381.49,Recurrente,Tarjeta,False,2,753.78,0.0,753.78,381.49,372.29,49.39,False
ORD-001172,2025-12-18,GDL-01,Occidente,Tienda,Oficina,Lámpara LED,1,611.22,0.1,240.04,Nuevo,Tarjeta,False,5,611.22,61.12,550.1,240.04,310.06,56.36,False
ORD-001699,2025-12-18,CDMX-01,Centro,Tienda,Electrónica,Teclado mecánico,2,1324.24,0.1,718.2,Recurrente,Tarjeta,False,2,2648.48,264.85,2383.63,1436.4,947.23,39.74,False
ORD-002061,2025-12-18,CHH-01,Norte,Tienda,Deportes,Mancuernas 10 kg,2,976.53,0.15,519.87,Recurrente,Efectivo,False,3,1953.06,292.96,1660.1,1039.74,620.36,37.37,False
ORD-002795,2025-12-18,PUE-01,Centro,Tienda,Oficina,Lámpara LED,1,581.87,0.0,233.89,Nuevo,Tarjeta,False,4,581.87,0.0,581.87,233.89,347.98,59.8,False
ORD-003479,2025-12-18,GDL-01,Occidente,Tienda,Electrónica,Teclado mecánico,5,1318.75,0.1,715.97,Recurrente,Tarjeta,False,5,6593.75,659.38,5934.37,3579.85,2354.52,39.68,False
ORD-000080,2025-12-19,PUE-01,Centro,Online,Deportes,Mancuernas 10 kg,2,949.91,0.05,500.88,Nuevo,Tarjeta,False,4,1899.82,94.99,1804.83,1001.76,803.07,44.5,False
ORD-000327,2025-12-19,MTY-01,Norte,Tienda,Oficina,Lámpara LED,2,597.37,0.3,232.13,Recurrente,Efectivo,False,5,1194.74,358.42,836.32,464.26,372.06,44.49,False
ORD-000438,2025-12-19,MTY-02,Norte,Tienda,Hogar,Cafetera programable,1,1632.36,0.0,871.65,Nuevo,Tarjeta,False,4,1632.36,0.0,1632.36,871.65,760.71,46.6,False
ORD-000477,2025-12-19,ZAP-01,Occidente,Tienda,Deportes,Mochila deportiva,3,810.07,0.1,341.82,Recurrente,Transferencia,False,5,2430.21,243.02,2187.19,1025.46,1161.73,53.12,False
ORD-000535,2025-12-19,ZAP-01,Occidente,Tienda,Oficina,Lámpara LED,1,604.86,0.15,246.39,Recurrente,Tarjeta,False,3,604.86,90.73,514.13,246.39,267.74,52.08,False
ORD-000747,2025-12-19,CDMX-02,Centro,Tienda,Electrónica,Audífonos Bluetooth,1,788.64,0.15,384.01,Nuevo,Tarjeta,False,4,788.64,118.3,670.34,384.01,286.33,42.71,False
ORD-000932,2025-12-19,CDMX-02,Centro,Tienda,Deportes,Mochila deportiva,2,825.05,0.0,343.4,Recurrente,Transferencia,False,3,1650.1,0.0,1650.1,686.8,963.3,58.38,False
ORD-002873,2025-12-19,MTY-02,Norte,Online,Oficina,Organizador de escritorio,4,329.03,0.15,101.17,Recurrente,Efectivo,False,5,1316.12,197.42,1118.7,404.68,714.02,63.83,False
ORD-003045,2025-12-19,CHH-01,Norte,Online,Oficina,Lámpara LED,1,603.91,0.0,242.52,Nuevo,Efectivo,False,3,603.91,0.0,603.91,242.52,361.39,59.84,False
ORD-003590,2025-12-19,VER-01,Golfo,Online,Oficina,Silla ergonómica,1,3223.08,0.1,1856.52,Nuevo,Tarjeta,False,5,3223.08,322.31,2900.77,1856.52,1044.25,36.0,False
ORD-000202,2025-12-20,MTY-02,Norte,Tienda,Deportes,Tapete de yoga,2,445.52,0.1,157.08,Recurrente,Tarjeta,False,3,891.04,89.1,801.94,314.16,487.78,60.82,False
ORD-000322,2025-12-20,MER-01,Sureste,Online,Deportes,Mancuernas 10 kg,1,999.97,0.05,535.52,Recurrente,Transferencia,False,5,999.97,50.0,949.97,535.52,414.45,43.63,False
ORD-000559,2025-12-20,MER-01,Sureste,Tienda,Oficina,Organizador de escritorio,3,327.53,0.0,106.92,Recurrente,Tarjeta,False,5,982.59,0.0,982.59,320.76,661.83,67.36,False
ORD-000743,2025-12-20,GDL-01,Occidente,Tienda,Electrónica,Monitor 24 pulgadas,3,3560.29,0.3,2339.58,Recurrente,Efectivo,False,5,10680.87,3204.26,7476.61,7018.74,457.87,6.12,True
ORD-000948,2025-12-20,CHH-01,Norte,Online,Oficina,Lámpara LED,2,624.51,0.15,242.89,Recurrente,Tarjeta,False,4,1249.02,187.35,1061.67,485.78,575.89,54.24,False
ORD-001136,2025-12-20,CHH-01,Norte,Tienda,Oficina,Silla ergonómica,2,3157.51,0.2,1853.0,Nuevo,Transferencia,False,4,6315.02,1263.0,5052.02,3706.0,1346.02,26.64,False
ORD-001146,2025-12-20,PUE-01,Centro,Tienda,Hogar,Juego de sábanas,3,740.18,0.05,312.25,Recurrente,Tarjeta,False,5,2220.54,111.03,2109.51,936.75,1172.76,55.59,False
ORD-001155,2025-12-20,VER-01,Golfo,Tienda,Hogar,Juego de sábanas,1,722.06,0.1,314.92,Recurrente,Tarjeta,False,1,722.06,72.21,649.85,314.92,334.93,51.54,False
ORD-001641,2025-12-20,ZAP-01,Occidente,Tienda,Hogar,Juego de sábanas,1,717.82,0.0,314.05,Recurrente,Tarjeta,False,4,717.82,0.0,717.82,314.05,403.77,56.25,False
ORD-002087,2025-12-20,GDL-01,Occidente,Online,Deportes,Tapete de yoga,5,435.72,0.1,161.38,Nuevo,Tarjeta,True,5,2178.6,217.86,1960.74,806.9,1153.84,58.85,False
ORD-002100,2025-12-20,GDL-01,Occidente,Online,Oficina,Organizador de escritorio,6,307.3,0.0,104.63,Recurrente,Tarjeta,False,4,1843.8,0.0,1843.8,627.78,1216.02,65.95,False
ORD-002372,2025-12-20,GDL-01,Occidente,Online,Deportes,Mochila deportiva,2,843.94,0.0,334.23,Recurrente,Tarjeta,False,1,1687.88,0.0,1687.88,668.46,1019.42,60.4,False
ORD-003257,2025-12-20,GDL-02,Occidente,Tienda,Deportes,Mancuernas 10 kg,5,985.24,0.0,524.53,Recurrente,Tarjeta,False,2,4926.2,0.0,4926.2,2622.65,2303.55,46.76,False
ORD-003286,2025-12-20,GDL-02,Occidente,Tienda,Electrónica,Teclado mecánico,1,1348.04,0.3,713.62,Recurrente,Tarjeta,False,4,1348.04,404.41,943.63,713.62,230.01,24.38,False
ORD-003321,2025-12-20,MTY-02,Norte,Tienda,Deportes,Tapete de yoga,2,447.29,0.05,162.29,Nuevo,Efectivo,False,2,894.58,44.73,849.85,324.58,525.27,61.81,False
ORD-001270,2025-12-21,GDL-01,Occidente,Tienda,Deportes,Tapete de yoga,1,438.05,0.0,156.49,Recurrente,Efectivo,False,4,438.05,0.0,438.05,156.49,281.56,64.28,False
ORD-002533,2025-12-21,ZAP-01,Occidente,Tienda,Oficina,Organizador de escritorio,2,325.16,0.15,103.34,Recurrente,Tarjeta,False,5,650.32,97.55,552.77,206.68,346.09,62.61,False
ORD-002583,2025-12-21,MER-01,Sureste,Tienda,Deportes,Mancuernas 10 kg,1,960.35,0.05,523.98,Nuevo,Efectivo,False,3,960.35,48.02,912.33,523.98,388.35,42.57,False
ORD-003281,2025-12-21,MTY-02,Norte,Online,Oficina,Organizador de escritorio,3,323.01,0.15,105.17,Recurrente,Efectivo,False,4,969.03,145.35,823.68,315.51,508.17,61.7,False
ORD-003527,2025-12-21,MTY-01,Norte,Tienda,Hogar,Cafetera programable,4,1692.49,0.0,870.4,Recurrente,Tarjeta,False,5,6769.96,0.0,6769.96,3481.6,3288.36,48.57,True
ORD-000228,2025-12-22,PUE-01,Centro,Online,Oficina,Organizador de escritorio,5,312.98,0.05,106.09,Recurrente,Transferencia,False,4,1564.9,78.24,1486.66,530.45,956.21,64.32,False
ORD-000239,2025-12-22,MER-01,Sureste,Tienda,Hogar,Juego de sábanas,1,729.36,0.1,313.54,Nuevo,Tarjeta,False,5,729.36,72.94,656.42,313.54,342.88,52.23,False
ORD-000346,2025-12-22,CDMX-02,Centro,Tienda,Deportes,Mancuernas 10 kg,1,970.74,0.0,528.95,Recurrente,Tarjeta,False,3,970.74,0.0,970.74,528.95,441.79,45.51,False
ORD-000951,2025-12-22,CHH-01,Norte,Online,Deportes,Tapete de yoga,1,443.68,0.2,160.88,Nuevo,Tarjeta,False,4,443.68,88.74,354.94,160.88,194.06,54.67,False
ORD-001529,2025-12-22,CAN-01,Sureste,Tienda,Deportes,Tapete de yoga,1,434.16,0.1,164.76,Recurrente,Tarjeta,False,3,434.16,43.42,390.74,164.76,225.98,57.83,False
ORD-001703,2025-12-22,CDMX-02,Centro,Tienda,Hogar,Juego de sábanas,1,726.41,0.0,302.16,Nuevo,Tarjeta,False,5,726.41,0.0,726.41,302.16,424.25,58.4,False
ORD-001756,2025-12-22,VER-01,Golfo,Tienda,Hogar,Cafetera programable,5,1607.55,0.15,854.01,Nuevo,Tarjeta,False,4,8037.75,1205.66,6832.09,4270.05,2562.04,37.5,True
ORD-001827,2025-12-22,PUE-01,Centro,Online,Hogar,Juego de sábanas,3,727.56,0.0,311.5,Empresa,Efectivo,False,4,2182.68,0.0,2182.68,934.5,1248.18,57.19,False
ORD-002270,2025-12-22,PUE-01,Centro,Online,Deportes,Tapete de yoga,2,445.78,0.1,158.1,Recurrente,Tarjeta,False,2,891.56,89.16,802.4,316.2,486.2,60.59,False
ORD-003491,2025-12-22,CDMX-02,Centro,Tienda,Oficina,Organizador de escritorio,3,321.57,0.0,105.73,Recurrente,Tarjeta,False,4,964.71,0.0,964.71,317.19,647.52,67.12,False
ORD-000066,2025-12-23,CDMX-01,Centro,Tienda,Electrónica,Audífonos Bluetooth,3,756.46,0.1,381.28,Recurrente,Tarjeta,False,5,2269.38,226.94,2042.44,1143.84,898.6,44.0,False
ORD-000109,2025-12-23,CDMX-02,Centro,Online,Deportes,Mochila deportiva,2,819.73,0.05,339.58,Nuevo,Efectivo,True,4,1639.46,81.97,1557.49,679.16,878.33,56.39,False
ORD-000958,2025-12-23,VER-01,Golfo,Online,Electrónica,Teclado mecánico,5,1348.9,0.0,731.96,Nuevo,Efectivo,False,5,6744.5,0.0,6744.5,3659.8,3084.7,45.74,True
ORD-001894,2025-12-23,VER-01,Golfo,Tienda,Hogar,Cafetera programable,1,1655.21,0.0,877.26,Nuevo,Tarjeta,False,3,1655.21,0.0,1655.21,877.26,777.95,47.0,False
ORD-001966,2025-12-23,CDMX-01,Centro,Tienda,Hogar,Licuadora,1,1069.24,0.2,555.55,Recurrente,Tarjeta,False,5,1069.24,213.85,855.39,555.55,299.84,35.05,False
ORD-002416,2025-12-23,PUE-01,Centro,Online,Deportes,Mancuernas 10 kg,1,936.51,0.0,509.04,Recurrente,Tarjeta,True,4,936.51,0.0,936.51,509.04,427.47,45.65,False
ORD-002447,2025-12-23,GDL-02,Occidente,Tienda,Deportes,Tapete de yoga,2,439.26,0.15,157.59,Nuevo,Efectivo,False,4,878.52,131.78,746.74,315.18,431.56,57.79,False
ORD-002783,2025-12-23,CHH-01,Norte,Tienda,Oficina,Silla ergonómica,4,3130.03,0.0,1835.81,Nuevo,Efectivo,False,4,12520.12,0.0,12520.12,7343.24,5176.88,41.35,True
ORD-002922,2025-12-23,GDL-01,Occidente,Tienda,Hogar,Licuadora,1,1091.49,0.0,557.03,Recurrente,Tarjeta,False,2,1091.49,0.0,1091.49,557.03,534.46,48.97,False
ORD-003331,2025-12-23,MER-01,Sureste,Tienda,Electrónica,Teclado mecánico,3,1254.1,0.0,703.52,Recurrente,Tarjeta,False,5,3762.3,0.0,3762.3,2110.56,1651.74,43.9,False
ORD-000150,2025-12-24,MTY-02,Norte,Tienda,Electrónica,Monitor 24 pulgadas,1,3694.29,0.1,2349.38,Recurrente,Transferencia,False,5,3694.29,369.43,3324.86,2349.38,975.48,29.34,False
ORD-000478,2025-12-24,ZAP-01,Occidente,Tienda,Oficina,Organizador de escritorio,1,321.55,0.1,105.26,Empresa,Tarjeta,True,2,321.55,32.16,289.39,105.26,184.13,63.63,False
ORD-000649,2025-12-24,MTY-02,Norte,Tienda,Deportes,Mochila deportiva,3,834.33,0.05,336.93,Recurrente,Efectivo,False,4,2502.99,125.15,2377.84,1010.79,1367.05,57.49,False
ORD-000778,2025-12-24,MTY-02,Norte,Tienda,Hogar,Juego de sábanas,2,680.45,0.15,308.31,Empresa,Transferencia,False,2,1360.9,204.14,1156.76,616.62,540.14,46.69,False
ORD-001138,2025-12-24,ZAP-01,Occidente,Tienda,Hogar,Juego de sábanas,2,725.87,0.2,311.87,Empresa,Tarjeta,False,3,1451.74,290.35,1161.39,623.74,537.65,46.29,False
ORD-001357,2025-12-24,VER-01,Golfo,Tienda,Electrónica,Monitor 24 pulgadas,1,3605.59,0.0,2340.06,Empresa,Tarjeta,False,4,3605.59,0.0,3605.59,2340.06,1265.53,35.1,False
ORD-002085,2025-12-24,MTY-01,Norte,Online,Hogar,Licuadora,1,1091.32,0.15,560.61,Recurrente,Tarjeta,False,5,1091.32,163.7,927.62,560.61,367.01,39.56,False
ORD-002554,2025-12-24,MTY-02,Norte,Online,Deportes,Mancuernas 10 kg,1,1004.29,0.1,524.52,Nuevo,Tarjeta,False,3,1004.29,100.43,903.86,524.52,379.34,41.97,False
ORD-002865,2025-12-24,GDL-02,Occidente,Tienda,Electrónica,Monitor 24 pulgadas,1,3536.04,0.0,2362.38,Recurrente,Tarjeta,False,4,3536.04,0.0,3536.04,2362.38,1173.66,33.19,False
ORD-003120,2025-12-24,CDMX-02,Centro,Tienda,Oficina,Lámpara LED,1,576.54,0.1,240.06,Recurrente,Tarjeta,False,3,576.54,57.65,518.89,240.06,278.83,53.74,False
ORD-003227,2025-12-24,GDL-02,Occidente,Online,Deportes,Mochila deportiva,2,825.32,0.2,329.56,Nuevo,Tarjeta,False,4,1650.64,330.13,1320.51,659.12,661.39,50.09,False
ORD-003407,2025-12-24,GDL-02,Occidente,Tienda,Electrónica,Monitor 24 pulgadas,3,3568.08,0.2,2383.73,Nuevo,Tarjeta,False,2,10704.24,2140.85,8563.39,7151.19,1412.2,16.49,True
ORD-003409,2025-12-24,VER-01,Golfo,Tienda,Hogar,Cafetera programable,4,1616.93,0.1,877.42,Recurrente,Tarjeta,False,4,6467.72,646.77,5820.95,3509.68,2311.27,39.71,False
ORD-000215,2025-12-25,CDMX-01,Centro,Tienda,Hogar,Licuadora,5,1081.19,0.05,557.14,Nuevo,Transferencia,False,3,5405.95,270.3,5135.65,2785.7,2349.95,45.76,False
ORD-000369,2025-12-25,MER-01,Sureste,Tienda,Deportes,Mancuernas 10 kg,2,1010.63,0.1,532.35,Nuevo,Tarjeta,False,4,2021.26,202.13,1819.13,1064.7,754.43,41.47,False
ORD-000731,2025-12-25,MTY-01,Norte,Online,Oficina,Organizador de escritorio,2,320.18,0.1,105.75,Nuevo,Tarjeta,False,4,640.36,64.04,576.32,211.5,364.82,63.3,False
ORD-000779,2025-12-25,GDL-02,Occidente,Tienda,Hogar,Cafetera programable,2,1694.88,0.0,876.96,Recurrente,Tarjeta,False,4,3389.76,0.0,3389.76,1753.92,1635.84,48.26,False
ORD-000783,2025-12-25,VER-01,Golfo,Tienda,Electrónica,Teclado mecánico,1,1334.93,0.15,703.44,Recurrente,Tarjeta,False,3,1334.93,200.24,1134.69,703.44,431.25,38.01,False
ORD-001500,2025-12-25,PUE-01,Centro,Tienda,Deportes,Mochila deportiva,2,837.47,0.2,336.78,Nuevo,Transferencia,False,4,1674.94,334.99,1339.95,673.56,666.39,49.73,False
ORD-001783,2025-12-25,VER-01,Golfo,Tienda,Electrónica,Teclado mecánico,1,1350.08,0.1,717.52,Nuevo,Tarjeta,False,4,1350.08,135.01,1215.07,717.52,497.55,40.95,False
ORD-002246,2025-12-25,PUE-01,Centro,Tienda,Electrónica,Teclado mecánico,4,1329.19,0.05,743.45,Recurrente,Tarjeta,True,5,5316.76,265.84,5050.92,2973.8,2077.12,41.12,False
ORD-002319,2025-12-25,MTY-01,Norte,Tienda,Oficina,Organizador de escritorio,2,325.81,0.05,104.16,Nuevo,Tarjeta,False,5,651.62,32.58,619.04,208.32,410.72,66.35,False
ORD-002477,2025-12-25,PUE-01,Centro,Tienda,Deportes,Tapete de yoga,1,433.78,0.15,161.89,Nuevo,Tarjeta,False,3,433.78,65.07,368.71,161.89,206.82,56.09,False
ORD-002630,2025-12-25,CDMX-01,Centro,Tienda,Electrónica,Teclado mecánico,1,1281.53,0.15,731.8,Nuevo,Efectivo,False,4,1281.53,192.23,1089.3,731.8,357.5,32.82,False
ORD-002921,2025-12-25,CAN-01,Sureste,Tienda,Electrónica,Audífonos Bluetooth,2,790.04,0.15,381.76,Recurrente,Efectivo,False,5,1580.08,237.01,1343.07,763.52,579.55,43.15,False
ORD-003225,2025-12-25,MTY-01,Norte,Tienda,Oficina,Lámpara LED,2,577.97,0.0,247.89,Nuevo,Efectivo,False,4,1155.94,0.0,1155.94,495.78,660.16,57.11,False
ORD-003366,2025-12-25,MTY-01,Norte,Tienda,Electrónica,Audífonos Bluetooth,1,781.26,0.1,397.65,Nuevo,Transferencia,False,4,781.26,78.13,703.13,397.65,305.48,43.45,False
ORD-003465,2025-12-25,MTY-01,Norte,Tienda,Hogar,Juego de sábanas,1,720.75,0.15,316.78,Recurrente,Tarjeta,False,3,720.75,108.11,612.64,316.78,295.86,48.29,False
ORD-000823,2025-12-26,MTY-01,Norte,Online,Oficina,Lámpara LED,1,633.85,0.2,245.42,Recurrente,Tarjeta,False,4,633.85,126.77,507.08,245.42,261.66,51.6,False
ORD-000881,2025-12-26,MTY-02,Norte,Tienda,Hogar,Cafetera programable,1,1701.57,0.0,886.37,Nuevo,Tarjeta,False,4,1701.57,0.0,1701.57,886.37,815.2,47.91,False
ORD-001107,2025-12-26,GDL-01,Occidente,Tienda,Deportes,Mancuernas 10 kg,5,994.77,0.05,524.95,Nuevo,Tarjeta,False,3,4973.85,248.69,4725.16,2624.75,2100.41,44.45,False
ORD-001207,2025-12-26,VER-01,Golfo,Online,Deportes,Tapete de yoga,1,437.96,0.1,158.66,Nuevo,Efectivo,False,5,437.96,43.8,394.16,158.66,235.5,59.75,False
ORD-001669,2025-12-26,VER-01,Golfo,Online,Deportes,Tapete de yoga,3,452.38,0.2,161.89,Recurrente,Tarjeta,False,5,1357.14,271.43,1085.71,485.67,600.04,55.27,False
ORD-001733,2025-12-26,MTY-01,Norte,Online,Oficina,Organizador de escritorio,2,330.88,0.0,108.0,Recurrente,Tarjeta,False,4,661.76,0.0,661.76,216.0,445.76,67.36,False
ORD-002175,2025-12-26,CAN-01,Sureste,Online,Oficina,Organizador de escritorio,2,313.27,0.15,104.4,Nuevo,Efectivo,False,4,626.54,93.98,532.56,208.8,323.76,60.79,False
ORD-002588,2025-12-26,CAN-01,Sureste,Tienda,Hogar,Cafetera programable,1,1710.22,0.1,864.52,Recurrente,Efectivo,False,4,1710.22,171.02,1539.2,864.52,674.68,43.83,False
ORD-002914,2025-12-26,CDMX-02,Centro,Tienda,Hogar,Juego de sábanas,1,730.87,0.15,319.29,Recurrente,Tarjeta,False,4,730.87,109.63,621.24,319.29,301.95,48.6,False
ORD-002940,2025-12-26,MER-01,Sureste,Tienda,Deportes,Mancuernas 10 kg,3,1025.55,0.0,513.34,Recurrente,Tarjeta,False,5,3076.65,0.0,3076.65,1540.02,1536.63,49.94,False
ORD-000541,2025-12-27,CAN-01,Sureste,Online,Deportes,Mochila deportiva,1,808.99,0.1,345.16,Nuevo,Tarjeta,False,3,808.99,80.9,728.09,345.16,382.93,52.59,False
ORD-000733,2025-12-27,GDL-01,Occidente,Tienda,Electrónica,Audífonos Bluetooth,1,790.45,0.1,382.98,Recurrente,Tarjeta,False,5,790.45,79.05,711.4,382.98,328.42,46.17,False
ORD-001378,2025-12-27,GDL-02,Occidente,Tienda,Oficina,Silla ergonómica,1,3283.37,0.1,1799.58,Nuevo,Tarjeta,False,3,3283.37,328.34,2955.03,1799.58,1155.45,39.1,False
ORD-001411,2025-12-27,MTY-01,Norte,Online,Electrónica,Teclado mecánico,3,1382.63,0.1,702.55,Nuevo,Tarjeta,False,5,4147.89,414.79,3733.1,2107.65,1625.45,43.54,False
ORD-002600,2025-12-27,CHH-01,Norte,Tienda,Electrónica,Teclado mecánico,1,1385.18,0.1,706.49,Recurrente,Transferencia,False,4,1385.18,138.52,1246.66,706.49,540.17,43.33,False
ORD-002857,2025-12-27,CAN-01,Sureste,Online,Hogar,Cafetera programable,4,1691.71,0.05,878.78,Recurrente,Tarjeta,True,3,6766.84,338.34,6428.5,3515.12,2913.38,45.32,True
ORD-003498,2025-12-27,MTY-01,Norte,Tienda,Deportes,Mochila deportiva,1,824.23,0.2,338.68,Recurrente,Tarjeta,False,5,824.23,164.85,659.38,338.68,320.7,48.64,False
ORD-000158,2025-12-28,CHH-01,Norte,Tienda,Oficina,Lámpara LED,2,619.79,0.1,239.38,Recurrente,Efectivo,False,2,1239.58,123.96,1115.62,478.76,636.86,57.09,False
ORD-000216,2025-12-28,CDMX-01,Centro,Tienda,Deportes,Mochila deportiva,1,835.32,0.1,333.64,Nuevo,Tarjeta,False,5,835.32,83.53,751.79,333.64,418.15,55.62,False
ORD-000413,2025-12-28,MER-01,Sureste,Online,Deportes,Mancuernas 10 kg,3,973.18,0.05,523.19,Nuevo,Tarjeta,False,5,2919.54,145.98,2773.56,1569.57,1203.99,43.41,False
ORD-000435,2025-12-28,ZAP-01,Occidente,Online,Hogar,Licuadora,1,1100.82,0.0,558.62,Nuevo,Tarjeta,False,5,1100.82,0.0,1100.82,558.62,542.2,49.25,False
ORD-000489,2025-12-28,CHH-01,Norte,Tienda,Oficina,Organizador de escritorio,6,314.17,0.15,104.95,Recurrente,Tarjeta,False,4,1885.02,282.75,1602.27,629.7,972.57,60.7,False
ORD-000931,2025-12-28,GDL-02,Occidente,Tienda,Deportes,Mochila deportiva,1,804.18,0.2,342.19,Recurrente,Tarjeta,False,4,804.18,160.84,643.34,342.19,301.15,46.81,False
ORD-001302,2025-12-28,GDL-02,Occidente,Tienda,Electrónica,Teclado mecánico,3,1295.8,0.1,696.11,Nuevo,Transferencia,False,3,3887.4,388.74,3498.66,2088.33,1410.33,40.31,False
ORD-001758,2025-12-28,CDMX-01,Centro,Tienda,Deportes,Mancuernas 10 kg,4,989.26,0.05,528.32,Recurrente,Tarjeta,False,5,3957.04,197.85,3759.19,2113.28,1645.91,43.78,False
ORD-002215,2025-12-28,MTY-01,Norte,Online,Electrónica,Audífonos Bluetooth,1,760.66,0.1,383.78,Nuevo,Transferencia,False,5,760.66,76.07,684.59,383.78,300.81,43.94,False
ORD-002233,2025-12-28,ZAP-01,Occidente,Online,Oficina,Organizador de escritorio,1,305.09,0.15,102.86,Recurrente,Efectivo,False,4,305.09,45.76,259.33,102.86,156.47,60.34,False
ORD-002297,2025-12-28,MER-01,Sureste,Tienda,Hogar,Cafetera programable,1,1544.56,0.1,863.66,Recurrente,Transferencia,False,4,1544.56,154.46,1390.1,863.66,526.44,37.87,False
ORD-002919,2025-12-28,VER-01,Golfo,Tienda,Hogar,Cafetera programable,3,1657.13,0.15,900.45,Recurrente,Efectivo,False,4,4971.39,745.71,4225.68,2701.35,1524.33,36.07,False
ORD-002996,2025-12-28,VER-01,Golfo,Online,Oficina,Silla ergonómica,2,3020.2,0.3,1848.4,Recurrente,Tarjeta,False,3,6040.4,1812.12,4228.28,3696.8,531.48,12.57,False
ORD-003248,2025-12-28,GDL-01,Occidente,Online,Electrónica,Teclado mecánico,3,1314.58,0.3,711.41,Recurrente,Tarjeta,False,4,3943.74,1183.12,2760.62,2134.23,626.39,22.69,False
ORD-000002,2025-12-29,CHH-01,Norte,Online,Oficina,Organizador de escritorio,1,324.0,0.05,105.37,Recurrente,Transferencia,False,4,324.0,16.2,307.8,105.37,202.43,65.77,False
ORD-000957,2025-12-29,MTY-02,Norte,Online,Oficina,Lámpara LED,1,621.08,0.05,243.59,Recurrente,Tarjeta,False,5,621.08,31.05,590.03,243.59,346.44,58.72,False
ORD-001147,2025-12-29,MTY-01,Norte,Tienda,Hogar,Licuadora,3,1093.68,0.0,560.75,Nuevo,Efectivo,False,2,3281.04,0.0,3281.04,1682.25,1598.79,48.73,False
ORD-001257,2025-12-29,ZAP-01,Occidente,Tienda,Electrónica,Monitor 24 pulgadas,1,3532.03,0.05,2320.16,Recurrente,Tarjeta,False,5,3532.03,176.6,3355.43,2320.16,1035.27,30.85,False
ORD-002098,2025-12-29,CAN-01,Sureste,Online,Hogar,Juego de sábanas,5,698.73,0.05,312.39,Recurrente,Efectivo,False,4,3493.65,174.68,3318.97,1561.95,1757.02,52.94,False
ORD-002280,2025-12-29,MTY-01,Norte,Tienda,Electrónica,Teclado mecánico,2,1333.94,0.1,723.03,Recurrente,Tarjeta,False,5,2667.88,266.79,2401.09,1446.06,955.03,39.77,False
ORD-003439,2025-12-29,CDMX-02,Centro,Tienda,Electrónica,Monitor 24 pulgadas,5,3584.13,0.05,2345.35,Recurrente,Efectivo,False,4,17920.65,896.03,17024.62,11726.75,5297.87,31.12,True
ORD-003469,2025-12-29,MER-01,Sureste,Online,Electrónica,Teclado mecánico,1,1333.5,0.15,719.61,Nuevo,Tarjeta,False,4,1333.5,200.02,1133.48,719.61,413.87,36.51,False
ORD-003510,2025-12-29,CDMX-01,Centro,Tienda,Hogar,Juego de sábanas,1,703.95,0.0,313.62,Recurrente,Efectivo,False,5,703.95,0.0,703.95,313.62,390.33,55.45,False
ORD-000058,2025-12-30,CAN-01,Sureste,Online,Deportes,Mochila deportiva,1,817.04,0.0,329.54,Recurrente,Efectivo,False,4,817.04,0.0,817.04,329.54,487.5,59.67,False
ORD-000684,2025-12-30,ZAP-01,Occidente,Online,Deportes,Mancuernas 10 kg,1,957.95,0.3,534.49,Recurrente,Tarjeta,False,4,957.95,287.38,670.57,534.49,136.08,20.29,False
ORD-001216,2025-12-30,ZAP-01,Occidente,Online,Hogar,Juego de sábanas,1,748.71,0.1,308.48,Recurrente,Tarjeta,False,5,748.71,74.87,673.84,308.48,365.36,54.22,False
ORD-001405,2025-12-30,MER-01,Sureste,Online,Oficina,Lámpara LED,2,617.52,0.0,241.53,Nuevo,Tarjeta,False,5,1235.04,0.0,1235.04,483.06,751.98,60.89,False
ORD-001611,2025-12-30,CDMX-01,Centro,Tienda,Oficina,Silla ergonómica,5,3214.59,0.0,1786.79,Nuevo,Efectivo,False,2,16072.95,0.0,16072.95,8933.95,7139.0,44.42,True
ORD-002015,2025-12-30,MER-01,Sureste,Tienda,Hogar,Juego de sábanas,1,723.83,0.15,309.74,Nuevo,Efectivo,False,5,723.83,108.57,615.26,309.74,305.52,49.66,False
ORD-002071,2025-12-30,MTY-01,Norte,Tienda,Oficina,Lámpara LED,2,610.4,0.0,239.94,Nuevo,Efectivo,False,4,1220.8,0.0,1220.8,479.88,740.92,60.69,False
ORD-002157,2025-12-30,VER-01,Golfo,Tienda,Oficina,Silla ergonómica,1,3142.55,0.05,1785.14,Recurrente,Tarjeta,False,4,3142.55,157.13,2985.42,1785.14,1200.28,40.2,False
ORD-002540,2025-12-30,VER-01,Golfo,Tienda,Oficina,Organizador de escritorio,4,320.86,0.2,105.15,Empresa,Tarjeta,False,5,1283.44,256.69,1026.75,420.6,606.15,59.04,False
ORD-001316,2025-12-31,MTY-01,Norte,Online,Hogar,Juego de sábanas,1,715.35,0.15,306.4,Empresa,Tarjeta,False,4,715.35,107.3,608.05,306.4,301.65,49.61,False
ORD-001555,2025-12-31,MER-01,Sureste,Tienda,Deportes,Mancuernas 10 kg,2,964.79,0.2,523.49,Nuevo,Tarjeta,False,5,1929.58,385.92,1543.66,1046.98,496.68,32.18,False
ORD-002065,2025-12-31,VER-01,Golfo,Online,Deportes,Mancuernas 10 kg,1,1004.01,0.05,525.7,Recurrente,Efectivo,False,5,1004.01,50.2,953.81,525.7,428.11,44.88,False
ORD-002500,2025-12-31,GDL-01,Occidente,Tienda,Hogar,Cafetera programable,2,1670.03,0.1,865.56,Recurrente,Efectivo,False,4,3340.06,334.01,3006.05,1731.12,1274.93,42.41,False
ORD-003004,2025-12-31,PUE-01,Centro,Tienda,Deportes,Mochila deportiva,3,836.56,0.2,340.38,Recurrente,Transferencia,False,5,2509.68,501.94,2007.74,1021.14,986.6,49.14,False
