order_id,order_date,store_id,region,channel,category,product,units,unit_price,discount_pct,unit_cost,customer_segment,payment_method,returned,satisfaction
ORD-002776,2025-06-02,MTY-01,Norte,Online,Hogar,Licuadora,1,976.48,0.1,559.62,Recurrente,Tarjeta,False,4.0
ORD-001816,2025-08-29,MTY-01,Norte,Online,Electrónica,Monitor 24 pulgadas,2,3359.38,0.05,2439.9,Nuevo,Tarjeta,False,4.0
ORD-000212,2025-08-21,MER-01,Sureste,Online,Oficina,Silla ergonómica,4,2985.82,0.05,1835.28,Nuevo,Tarjeta,False,5.0
ORD-001553,2025-08-20,PUE-01,Centro,Tienda,Electrónica,Monitor 24 pulgadas,3,3216.54,0.3,2354.8,Nuevo,Tarjeta,False,5.0
ORD-003249,2025-07-07,CAN-01,Sureste,Online,Electrónica,Audífonos Bluetooth,1,708.26,0.1,382.22,Nuevo,Tarjeta,False,1.0
ORD-002324,2025-07-12,VER-01,Golfo,Online,Hogar,Cafetera programable,5,1495.98,0.15,868.82,Recurrente,Tarjeta,True,4.0
ORD-001346,2025-07-22,CDMX-01,Centro,Tienda,Hogar,Cafetera programable,1,1401.54,0.0,857.72,Nuevo,Tarjeta,False,5.0
ORD-002012,2025-04-12,MER-01,Sureste,Tienda,Hogar,Juego de sábanas,1,647.99,0.1,303.29,Recurrente,Efectivo,False,5.0
ORD-001069,2025-11-22,GDL-02,Occidente,Tienda,Oficina,Silla ergonómica,1,3267.46,0.0,1829.0,Empresa,Tarjeta,False,5.0
ORD-002631,2025-07-13,GDL-02,Occidente,Tienda,Deportes,Tapete de yoga,1,381.33,0.05,159.28,Recurrente,Efectivo,False,4.0
ORD-002524,2025-10-21,CDMX-02,Centro,Online,Oficina,Lámpara LED,1,577.42,0.05,233.44,Nuevo,Tarjeta,False,4.0
ORD-003234,2025-09-23,MTY-02,Norte,Online,Oficina,Organizador de escritorio,2,287.13,0.1,105.75,Nuevo,Tarjeta,False,5.0
ORD-000724,2025-01-11,VER-01,Golfo,Tienda,Deportes,Tapete de yoga,3,399.49,0.3,161.98,Recurrente,Efectivo,False,5.0
ORD-000195,2025-11-08,CDMX-02,Centro,Online,Deportes,Mochila deportiva,1,803.53,0.1,348.79,Recurrente,Efectivo,False,4.0
ORD-003544,2025-04-20,CAN-01,Sureste,Tienda,Electrónica,Monitor 24 pulgadas,2,3233.24,0.2,2306.21,Recurrente,Tarjeta,False,4.0
ORD-001237,2025-06-03,GDL-01,Occidente,Tienda,Hogar,Licuadora,4,973.18,0.2,547.05,Recurrente,Tarjeta,False,4.0
ORD-002485,2025-06-13,GDL-01,Occidente,Tienda,Oficina,Silla ergonómica,3,2965.26,0.1,1805.9,Recurrente,Efectivo,False,5.0
ORD-002461,2025-04-04,CAN-01,Sureste,Tienda,Oficina,Lámpara LED,1,558.48,0.0,234.56,Recurrente,Tarjeta,False,4.0
ORD-000687,2025-08-04,CDMX-02,Centro,Tienda,Electrónica,Audífonos Bluetooth,1,677.06,0.05,382.6,Recurrente,Transferencia,False,4.0
ORD-000391,2025-05-30,CDMX-01,Centro,Tienda,Oficina,Silla ergonómica,1,2853.62,0.05,1836.62,Nuevo,Efectivo,False,4.0
ORD-003208,2025-02-10,MTY-02,Norte,Online,Deportes,Tapete de yoga,4,404.38,0.1,157.07,Recurrente,Efectivo,True,5.0
ORD-000012,2025-11-10,PUE-01,Centro,Tienda,Electrónica,Audífonos Bluetooth,2,785.73,0.2,381.48,Recurrente,Transferencia,True,3.0
ORD-000676,2025-11-30,GDL-01,Occidente,Tienda,Deportes,Mochila deportiva,5,826.63,0.1,335.67,Recurrente,Tarjeta,False,4.0
ORD-001124,2025-05-22,PUE-01,Centro,Tienda,Oficina,Lámpara LED,2,545.7,0.1,234.39,Nuevo,Tarjeta,False,4.0
ORD-003413,2025-01-02,MTY-01,Norte,Online,Hogar,Cafetera programable,4,1458.92,0.1,862.57,Empresa,Tarjeta,False,4.0
ORD-002928,2025-02-01,GDL-02,Occidente,Online,Oficina,Lámpara LED,1,542.71,0.05,243.02,Nuevo,Efectivo,False,1.0
ORD-002821,2025-03-22,CHH-01,Norte,Tienda,Oficina,Silla ergonómica,2,2900.5,0.15,1849.67,Nuevo,Tarjeta,False,5.0
ORD-000551,2025-12-14,CDMX-01,Centro,Tienda,Hogar,Cafetera programable,3,1666.58,0.0,855.05,Nuevo,Efectivo,False,2.0
ORD-000921,2025-09-11,CDMX-02,Centro,Tienda,Electrónica,Teclado mecánico,2,1183.89,0.2,724.18,Recurrente,Tarjeta,False,4.0
ORD-002915,2025-01-31,ZAP-01,Occidente,Online,Hogar,Cafetera programable,1,1501.54,0.05,879.54,Nuevo,Tarjeta,True,4.0
ORD-003123,2025-05-28,VER-01,Golfo,Tienda,Electrónica,Audífonos Bluetooth,2,702.56,0.0,381.33,Recurrente,Efectivo,False,5.0
ORD-002576,2025-02-19,PUE-01,Centro,Tienda,Hogar,Licuadora,6,964.19,0.05,566.01,Recurrente,Efectivo,False,4.0
ORD-001607,2025-02-24,MTY-02,Norte,Tienda,Deportes,Mancuernas 10 kg,2,880.89,0.05,528.49,Recurrente,Tarjeta,False,3.0
ORD-002849,2025-09-16,MTY-01,Norte,Tienda,Oficina,Organizador de escritorio,5,293.66,0.0,104.51,Nuevo,Efectivo,False,5.0
ORD-002168,2025-06-27,MER-01,Sureste,Tienda,Hogar,Licuadora,3,974.89,0.1,556.64,Recurrente,Efectivo,False,4.0
ORD-000460,2025-09-08,GDL-02,Occidente,Tienda,Hogar,Cafetera programable,3,1495.81,0.0,863.08,Nuevo,Tarjeta,False,5.0
ORD-001921,2025-02-12,ZAP-01,Occidente,Tienda,Electrónica,Monitor 24 pulgadas,4,3365.1,0.15,2410.06,Recurrente,Transferencia,False,5.0
ORD-002528,2025-07-08,CHH-01,Norte,Tienda,Deportes,Mochila deportiva,1,766.44,0.05,342.65,Empresa,Tarjeta,False,5.0
ORD-002465,2025-11-20,CAN-01,Sureste,Online,Electrónica,Audífonos Bluetooth,1,784.63,0.0,386.98,Recurrente,Tarjeta,False,4.0
ORD-002059,2025-11-27,CDMX-01,Centro,Tienda,Electrónica,Monitor 24 pulgadas,1,3576.08,0.2,2380.53,Recurrente,Tarjeta,False,1.0
ORD-000956,2025-05-09,GDL-01,Occidente,Tienda,Hogar,Licuadora,1,983.41,0.05,565.39,Recurrente,Tarjeta,False,4.0
ORD-001905,2025-08-11,GDL-01,Occidente,Tienda,Oficina,Organizador de escritorio,3,284.92,0.05,104.65,Nuevo,Tarjeta,False,3.0
ORD-000526,2025-09-14,GDL-01,Occidente,Online,Oficina,Organizador de escritorio,5,287.31,0.0,105.14,Empresa,Tarjeta,False,4.0
ORD-002656,2025-07-13,MTY-01,Norte,Online,Hogar,Juego de sábanas,1,664.88,0.05,303.46,Recurrente,Efectivo,False,4.0
ORD-001253,2025-04-07,CAN-01,Sureste,Tienda,Deportes,Tapete de yoga,1,405.48,0.15,159.88,Nuevo,Tarjeta,False,3.0
ORD-001006,2025-05-03,GDL-01,Occidente,Tienda,Deportes,Mochila deportiva,3,719.13,0.15,331.24,Recurrente,Tarjeta,False,5.0
ORD-000822,2025-10-31,MTY-02,Norte,Online,Hogar,Juego de sábanas,2,631.82,0.1,306.53,Recurrente,Efectivo,False,5.0
ORD-001024,2025-04-28,VER-01,Golfo,Tienda,Deportes,Mochila deportiva,3,744.34,0.3,333.67,Recurrente,Efectivo,False,4.0
ORD-003068,2025-03-18,CDMX-01,Centro,Tienda,Electrónica,Monitor 24 pulgadas,1,3169.61,0.0,2334.23,Nuevo,Tarjeta,False,5.0
ORD-002809,2025-10-14,MTY-02,Norte,Tienda,Hogar,Juego de sábanas,4,661.67,0.1,311.4,Empresa,Tarjeta,False,3.0
ORD-002646,2025-07-25,ZAP-01,Occidente,Tienda,Hogar,Juego de sábanas,2,638.7,0.1,318.74,Recurrente,Efectivo,False,1.0
ORD-002177,2025-11-07,GDL-01,Occidente,Tienda,Electrónica,Teclado mecánico,1,1379.74,0.1,711.49,Recurrente,Transferencia,False,3.0
ORD-001562,2025-02-28,GDL-01,Occidente,Tienda,Hogar,Juego de sábanas,3,663.0,0.05,301.56,Nuevo,Tarjeta,False,5.0
ORD-002784,2025-06-07,GDL-02,Occidente,Tienda,Electrónica,Teclado mecánico,6,1164.54,0.0,726.73,Nuevo,Tarjeta,False,4.0
ORD-003072,2025-02-11,ZAP-01,Occidente,Tienda,Electrónica,Audífonos Bluetooth,6,679.22,0.0,380.73,Nuevo,Efectivo,False,4.0
ORD-002740,2025-11-13,MTY-01,Norte,Tienda,Oficina,Silla ergonómica,2,3076.79,0.0,1779.16,Recurrente,Tarjeta,False,5.0
ORD-001410,2025-04-19,CAN-01,Sureste,Online,Deportes,Tapete de yoga,2,408.39,0.05,161.55,Recurrente,Efectivo,False,4.0
ORD-001629,2025-01-27,MTY-02,Norte,Tienda,Deportes,Tapete de yoga,5,395.88,0.15,159.87,Empresa,Tarjeta,False,5.0
ORD-000971,2025-11-06,MTY-01,Norte,Tienda,Electrónica,Monitor 24 pulgadas,6,3727.15,0.2,2350.73,Recurrente,Transferencia,False,4.0
ORD-002865,2025-12-24,GDL-02,Occidente,Tienda,Electrónica,Monitor 24 pulgadas,1,3536.04,0.0,2362.38,Recurrente,Tarjeta,False,4.0
ORD-001238,2025-11-22,GDL-01,Occidente,Tienda,Hogar,Juego de sábanas,2,701.36,0.1,311.99,Recurrente,Tarjeta,False,4.0
ORD-001419,2025-10-29,CAN-01,Sureste,Tienda,Electrónica,Audífonos Bluetooth,3,702.65,0.0,385.0,Nuevo,Transferencia,False,5.0
ORD-003354,2025-09-16,ZAP-01,Occidente,Tienda,Hogar,Cafetera programable,6,1475.4,0.05,864.42,Recurrente,Tarjeta,True,4.0
ORD-002065,2025-12-31,VER-01,Golfo,Online,Deportes,Mancuernas 10 kg,1,1004.01,0.05,525.7,Recurrente,Efectivo,False,5.0
ORD-000292,2025-01-06,CDMX-02,Centro,Tienda,Electrónica,Monitor 24 pulgadas,3,3412.73,0.1,2404.48,Recurrente,Tarjeta,False,5.0
ORD-000178,2025-02-02,PUE-01,Centro,Online,Oficina,Silla ergonómica,2,3040.19,0.15,1817.64,Recurrente,Transferencia,False,3.0
ORD-002958,2025-07-10,CDMX-01,Centro,Online,Hogar,Cafetera programable,1,1524.94,0.15,877.56,Nuevo,Tarjeta,False,5.0
ORD-002600,2025-12-27,CHH-01,Norte,Tienda,Electrónica,Teclado mecánico,1,1385.18,0.1,706.49,Recurrente,Transferencia,False,4.0
ORD-002297,2025-12-28,MER-01,Sureste,Tienda,Hogar,Cafetera programable,1,1544.56,0.1,863.66,Recurrente,Transferencia,False,4.0
ORD-002682,2025-07-21,VER-01,Golfo,Tienda,Oficina,Organizador de escritorio,3,294.7,0.1,104.23,Nuevo,Efectivo,True,5.0
ORD-002775,2025-08-09,MTY-01,Norte,Tienda,Hogar,Cafetera programable,3,1514.47,0.0,876.12,Recurrente,Tarjeta,True,4.0
ORD-001684,2025-08-01,GDL-02,Occidente,Tienda,Electrónica,Teclado mecánico,2,1195.82,0.15,721.08,Recurrente,Tarjeta,False,2.0
ORD-002202,2025-04-10,CHH-01,Norte,Tienda,Electrónica,Audífonos Bluetooth,1,689.15,0.05,400.36,Nuevo,Tarjeta,True,4.0
ORD-000624,2025-02-12,VER-01,Golfo,Tienda,Oficina,Organizador de escritorio,3,283.38,0.15,104.34,Nuevo,Efectivo,False,3.0
ORD-003144,2025-02-28,CDMX-01,Centro,Online,Hogar,Cafetera programable,1,1433.94,1.25,856.64,Recurrente,Tarjeta,False,4.0
ORD-002081,2025-04-24,CDMX-01,Centro,Online,Deportes,Mancuernas 10 kg,4,874.13,0.05,514.1,Recurrente,Tarjeta,False,5.0
ORD-003306,2025-06-30,CAN-01,Sureste,Tienda,Electrónica,Teclado mecánico,5,1209.26,0.15,716.24,Recurrente,Tarjeta,False,5.0
ORD-001725,2025-03-14,MTY-01,Norte,Tienda,Oficina,Organizador de escritorio,1,296.51,0.05,104.99,Recurrente,Tarjeta,False,5.0
ORD-001429,2025-11-29,GDL-02,Occidente,Tienda,Electrónica,Teclado mecánico,2,1316.03,0.1,730.41,Recurrente,Transferencia,False,4.0
ORD-002520,2025-03-18,CDMX-02,Centro,Tienda,Hogar,Cafetera programable,2,1514.18,0.1,876.39,Nuevo,Tarjeta,False,4.0
ORD-003564,2025-02-05,MER-01,Sureste,Online,Oficina,Silla ergonómica,1,2931.14,0.1,1787.14,Nuevo,Tarjeta,False,5.0
ORD-000571,2025-11-01,ZAP-01,Occidente,Tienda,Oficina,Silla ergonómica,2,3172.21,0.0,1792.87,Nuevo,Transferencia,False,3.0
ORD-001662,2025-08-23,CAN-01,Sureste,Tienda,Electrónica,Teclado mecánico,1,1172.62,0.3,712.91,Recurrente,Tarjeta,False,3.0
ORD-001972,2025-05-06,ZAP-01,Occidente,Online,Deportes,Mancuernas 10 kg,3,906.33,0.1,519.61,Empresa,Tarjeta,False,4.0
ORD-000039,2025-10-20,CDMX-02,Centro,Tienda,Deportes,Mochila deportiva,2,727.86,0.15,343.55,Recurrente,Tarjeta,False,4.0
ORD-002216,2025-07-16,GDL-01,Occidente,Online,Deportes,Mancuernas 10 kg,3,878.61,0.15,523.53,Empresa,Tarjeta,False,2.0
ORD-001197,2025-06-01,CAN-01,Sureste,Tienda,Electrónica,Teclado mecánico,1,1188.87,0.05,710.13,Recurrente,Transferencia,False,5.0
ORD-000470,2025-10-20,CDMX-01,Centro,Tienda,Oficina,Organizador de escritorio,5,278.4,0.0,103.29,Recurrente,Tarjeta,False,5.0
ORD-002805,2025-11-06,GDL-02,Occidente,Tienda,Hogar,Juego de sábanas,1,695.74,0.2,307.17,Recurrente,Tarjeta,False,5.0
ORD-000659,2025-07-06,CAN-01,Sureste,Tienda,Deportes,Tapete de yoga,5,394.95,0.05,157.2,Nuevo,Efectivo,False,4.0
ORD-000761,2025-01-31,GDL-01,Occidente,Tienda,Oficina,Silla ergonómica,1,2823.36,0.05,1812.74,Nuevo,Efectivo,False,1.0
ORD-001022,2025-08-11,PUE-01,Centro,Tienda,Hogar,Juego de sábanas,1,631.64,0.05,304.87,Nuevo,Efectivo,False,5.0
ORD-000880,2025-01-22,ZAP-01,Occidente,Tienda,Deportes,Mancuernas 10 kg,2,835.45,0.0,523.67,Recurrente,Tarjeta,False,3.0
ORD-001740,2025-12-09,VER-01,Golfo,Online,Deportes,Mochila deportiva,1,845.73,0.1,351.08,Nuevo,Efectivo,False,3.0
ORD-001967,2025-12-04,CHH-01,Norte,Tienda,Oficina,Lámpara LED,1,584.9,0.05,243.26,Recurrente,Tarjeta,False,2.0
ORD-002358,2025-10-07,PUE-01,Centro,Tienda,Oficina,Lámpara LED,1,551.07,0.1,236.19,Recurrente,Tarjeta,False,5.0
ORD-000678,2025-01-05,VER-01,Golfo,Tienda,Electrónica,Audífonos Bluetooth,-1,693.97,0.0,390.21,Recurrente,Tarjeta,False,3.0
ORD-001224,2025-05-14,MER-01,Sureste,Online,Electrónica,Audífonos Bluetooth,1,685.38,0.05,384.36,Nuevo,Efectivo,True,5.0
ORD-001797,2025-04-22,CAN-01,Sureste,Tienda,Electrónica,Teclado mecánico,2,1231.94,0.15,718.36,Nuevo,Tarjeta,False,4.0
ORD-001147,2025-12-29,MTY-01,Norte,Tienda,Hogar,Licuadora,3,1093.68,0.0,560.75,Nuevo,Efectivo,False,2.0
ORD-001087,2025-08-22,CAN-01,Sureste,Online,Oficina,Organizador de escritorio,2,295.8,0.15,103.47,Recurrente,Tarjeta,False,4.0
ORD-000665,2025-10-27,CDMX-02,Centro,Tienda,Deportes,Mochila deportiva,3,719.76,0.0,340.67,Empresa,Efectivo,False,5.0
ORD-002392,2025-04-05,PUE-01,Centro,Tienda,Electrónica,Audífonos Bluetooth,3,683.98,0.1,382.75,Recurrente,Tarjeta,False,4.0
ORD-002880,2025-05-11,MTY-02,Norte,Tienda,Oficina,Lámpara LED,2,540.7,0.0,234.91,Recurrente,Tarjeta,True,4.0
ORD-002009,2025-09-19,VER-01,Golfo,Tienda,Hogar,Cafetera programable,1,1461.5,0.15,876.33,Recurrente,Efectivo,False,5.0
ORD-002472,2025-06-19,CDMX-02,Centro,Tienda,Hogar,Juego de sábanas,1,669.06,0.2,309.84,Recurrente,Tarjeta,False,4.0
ORD-002856,2025-08-17,CAN-01,Sureste,Online,Hogar,Juego de sábanas,2,657.32,0.05,307.84,Recurrente,Efectivo,False,4.0
ORD-003142,2025-02-02,CAN-01,Sureste,Tienda,Hogar,Cafetera programable,1,1539.27,0.3,884.41,Nuevo,Transferencia,False,4.0
ORD-002160,2025-09-11,GDL-02,Occidente,Online,Oficina,Lámpara LED,2,548.39,0.15,236.37,Recurrente,Efectivo,False,4.0
ORD-002574,2025-05-02,PUE-01,Centro,Tienda,Oficina,Silla ergonómica,1,2893.8,0.15,1813.35,Recurrente,Efectivo,False,3.0
ORD-002879,2025-11-25,PUE-01,Centro,Online,Electrónica,Audífonos Bluetooth,1,781.27,0.0,388.67,Recurrente,Transferencia,True,4.0
ORD-003106,2025-06-20,CDMX-02,Centro,Online,Oficina,Organizador de escritorio,2,294.8,0.1,102.68,Empresa,Tarjeta,False,5.0
ORD-001310,2025-01-05,PUE-01,Centro,Tienda,Oficina,Organizador de escritorio,2,291.62,0.05,103.71,Recurrente,Tarjeta,False,5.0
ORD-001822,2025-03-12,CDMX-02,Centro,Tienda,Oficina,Lámpara LED,1,541.66,0.1,244.61,Nuevo,Efectivo,False,5.0
ORD-001419,2025-10-29,CAN-01,Sureste,Tienda,Electrónica,Audífonos Bluetooth,3,702.65,0.0,385.0,Nuevo,Transferencia,False,5.0
ORD-002792,2025-08-16,PUE-01,Centro,Tienda,Oficina,Lámpara LED,6,555.21,0.0,238.92,Recurrente,Tarjeta,False,3.0
ORD-000310,2025-07-15,ZAP-01,Occidente,Online,Hogar,Licuadora,4,1013.45,0.1,554.35,Recurrente,Tarjeta,False,3.0
ORD-002368,2025-05-29,GDL-01,Occidente,Tienda,Oficina,Lámpara LED,1,540.2,0.0,238.08,Recurrente,Tarjeta,False,5.0
ORD-002249,2025-07-20,VER-01,Golfo,Tienda,Oficina,Organizador de escritorio,1,287.41,0.05,105.88,Recurrente,Transferencia,False,3.0
ORD-001115,2025-10-16,GDL-01,Occidente,Tienda,Hogar,Licuadora,6,978.27,0.2,560.12,Recurrente,Efectivo,False,4.0
ORD-001187,2025-07-13,MTY-02,Norte,Tienda,Electrónica,Teclado mecánico,1,1222.9,0.05,719.23,Recurrente,Tarjeta,False,5.0
ORD-003459,2025-01-26,CDMX-01,Centro,Online,Oficina,Silla ergonómica,2,2890.97,0.0,1872.46,Recurrente,Tarjeta,False,3.0
ORD-002801,2025-07-25,VER-01,Golfo,Tienda,Deportes,Mancuernas 10 kg,3,869.32,0.0,510.5,Nuevo,Tarjeta,False,4.0
ORD-001502,2025-08-11,MTY-01,Norte,Online,Oficina,Organizador de escritorio,1,291.29,0.1,107.19,Nuevo,Tarjeta,False,2.0
ORD-000285,2025-01-01,GDL-01,Occidente,Tienda,Hogar,Juego de sábanas,2,643.19,0.3,308.67,Nuevo,Transferencia,False,3.0
ORD-003356,2025-03-14,ZAP-01,Occidente,Tienda,Deportes,Mancuernas 10 kg,2,906.39,0.3,517.38,Recurrente,Tarjeta,False,5.0
ORD-003296,2025-04-30,ZAP-01,Occidente,Online,Hogar,Juego de sábanas,1,650.55,0.15,308.19,Recurrente,Tarjeta,False,2.0
ORD-001146,2025-12-20,PUE-01,Centro,Tienda,Hogar,Juego de sábanas,3,740.18,0.05,312.25,Recurrente,Tarjeta,False,5.0
ORD-001041,2025-07-13,GDL-01,Occidente,Tienda,Oficina,Lámpara LED,3,551.26,0.0,242.77,Empresa,Efectivo,False,5.0
ORD-000660,2025-09-03,MTY-02,Norte,Tienda,Deportes,Mochila deportiva,1,771.77,0.05,338.25,Nuevo,Tarjeta,False,4.0
ORD-003274,2025-12-08,CAN-01,Sureste,Online,Hogar,Licuadora,1,1049.92,0.0,563.4,Recurrente,Efectivo,False,5.0
ORD-002188,2025-09-22,MTY-02,Norte,Tienda,Electrónica,Monitor 24 pulgadas,6,3299.64,0.15,2332.15,Recurrente,Tarjeta,True,4.0
ORD-001602,2025-09-07,MER-01,Sureste,Tienda,Deportes,Mancuernas 10 kg,1,880.46,0.05,520.63,Recurrente,Efectivo,False,5.0
ORD-001770,2025-01-30,MTY-01,Norte,Tienda,Oficina,Organizador de escritorio,2,291.59,0.05,106.75,Recurrente,Tarjeta,True,5.0
ORD-003426,2025-01-24,GDL-02,Occidente,Tienda,Electrónica,Audífonos Bluetooth,6,708.34,0.05,387.18,Nuevo,Tarjeta,False,3.0
ORD-000251,2025-05-03,MTY-02,Norte,Online,Oficina,Lámpara LED,2,549.57,0.0,238.5,Recurrente,Efectivo,False,5.0
ORD-002884,2025-12-15,VER-01,Golfo,Tienda,Electrónica,Teclado mecánico,1,1327.91,0.15,719.5,Empresa,Tarjeta,False,5.0
ORD-003360,2025-08-18,VER-01,Golfo,Tienda,Hogar,Juego de sábanas,1,642.01,0.15,313.41,Recurrente,Tarjeta,False,5.0
ORD-002860,2025-08-04,ZAP-01,Occidente,Tienda,Hogar,Cafetera programable,2,1466.53,0.05,861.08,Recurrente,Efectivo,False,3.0
ORD-000954,2025-09-14,PUE-01,Centro,Tienda,Hogar,Juego de sábanas,4,661.93,0.15,299.84,Empresa,Tarjeta,False,4.0
ORD-003474,2025-09-05,VER-01,Golfo,Tienda,Hogar,Juego de sábanas,5,640.61,0.0,309.67,Nuevo,Tarjeta,False,5.0
ORD-003220,2025-06-13,GDL-01,Occidente,Online,Electrónica,Teclado mecánico,1,1153.07,0.05,707.84,Recurrente,Tarjeta,False,5.0
ORD-003388,2025-07-01,MTY-01,Norte,Online,Hogar,Cafetera programable,2,1498.25,0.05,870.39,Recurrente,Tarjeta,False,3.0
ORD-003093,2025-02-16,GDL-01,,Tienda,Deportes,Mochila deportiva,2,753.42,0.05,340.12,Empresa,Efectivo,False,3.0
ORD-001207,2025-12-26,VER-01,Golfo,Online,Deportes,Tapete de yoga,1,437.96,0.1,158.66,Nuevo,Efectivo,False,5.0
ORD-001105,2025-10-21,PUE-01,,Tienda,Hogar,Cafetera programable,4,1484.53,0.2,888.41,Recurrente,Tarjeta,False,5.0
ORD-003046,2025-01-02,CDMX-02,Centro,Tienda,Electrónica,Monitor 24 pulgadas,1,3390.23,0.0,2359.66,Recurrente,Efectivo,False,4.0
ORD-002163,2025-07-26,CHH-01,Norte,Online,Oficina,Organizador de escritorio,1,284.25,0.0,106.62,Recurrente,Tarjeta,False,5.0
ORD-003148,2025-10-23,MER-01,Sureste,Tienda,Deportes,Tapete de yoga,5,394.67,0.3,157.32,Recurrente,Efectivo,False,4.0
ORD-001328,2025-03-20,GDL-02,Occidente,Tienda,Electrónica,Monitor 24 pulgadas,1,3187.35,0.1,2368.95,Recurrente,Tarjeta,False,2.0
ORD-000617,2025-06-02,CAN-01,Sureste,Online,Electrónica,Monitor 24 pulgadas,4,3295.1,0.15,2352.27,Recurrente,Tarjeta,False,4.0
ORD-000808,2025-08-03,MER-01,Sureste,Online,Hogar,Cafetera programable,3,1494.75,0.2,864.04,Nuevo,Tarjeta,False,4.0
ORD-001164,2025-09-20,CAN-01,Sureste,Tienda,Deportes,Tapete de yoga,4,418.44,0.0,156.91,Recurrente,Efectivo,False,5.0
ORD-000145,2025-02-02,MER-01,Sureste,Tienda,Electrónica,Audífonos Bluetooth,1,701.65,0.1,371.74,Recurrente,Tarjeta,False,5.0
ORD-001837,2025-05-18,PUE-01,Centro,Tienda,Deportes,Mancuernas 10 kg,1,917.88,0.0,534.23,Recurrente,Tarjeta,False,4.0
ORD-003006,2025-06-05,CDMX-02,Centro,Online,Deportes,Mancuernas 10 kg,1,896.89,0.1,528.07,Recurrente,Tarjeta,False,1.0
ORD-000749,2025-02-02,CAN-01,Sureste,Online,Deportes,Mancuernas 10 kg,1,889.47,0.15,513.42,Recurrente,Tarjeta,False,4.0
ORD-002145,2025-09-10,GDL-02,Occidente,Tienda,Deportes,Mochila deportiva,3,752.55,0.1,348.8,Recurrente,Tarjeta,False,4.0
ORD-000737,2025-07-18,PUE-01,Centro,Tienda,Oficina,Silla ergonómica,2,2958.65,0.05,1840.4,Recurrente,Efectivo,False,2.0
ORD-002866,2025-11-23,GDL-01,Occidente,Tienda,Deportes,Mochila deportiva,3,795.56,0.05,338.47,Recurrente,Tarjeta,False,4.0
ORD-000869,2025-06-23,CDMX-02,Centro,Online,Hogar,Licuadora,1,1050.43,0.05,554.32,Nuevo,Tarjeta,False,4.0
ORD-002063,2025-10-05,MER-01,Sureste,Tienda,Electrónica,Teclado mecánico,2,1197.18,0.0,731.84,Nuevo,Tarjeta,False,3.0
ORD-002270,2025-12-22,PUE-01,Centro,Online,Deportes,Tapete de yoga,2,445.78,0.1,158.1,Recurrente,Tarjeta,False,2.0
ORD-002678,2025-03-10,CDMX-02,Centro,Tienda,Oficina,Lámpara LED,1,544.44,0.0,237.93,Empresa,Efectivo,False,1.0
ORD-002636,2025-04-05,CAN-01,Sureste,Tienda,Oficina,Organizador de escritorio,3,285.54,0.1,105.91,Empresa,Tarjeta,False,4.0
ORD-002746,2025-07-02,CDMX-02,Centro,Tienda,Electrónica,Monitor 24 pulgadas,2,3401.72,0.15,2312.2,Nuevo,Transferencia,False,3.0
ORD-002869,2025-07-03,ZAP-01,Occidente,Tienda,Electrónica,Teclado mecánico,2,1197.66,0.1,721.13,Recurrente,Efectivo,False,5.0
ORD-000802,2025-05-16,VER-01,Golfo,Tienda,Hogar,Licuadora,2,1026.69,0.2,563.96,Nuevo,Tarjeta,False,4.0
ORD-001829,2025-03-26,CAN-01,Sureste,Tienda,Hogar,Juego de sábanas,3,627.7,0.0,320.95,Recurrente,Tarjeta,False,5.0
ORD-001825,2025-07-22,ZAP-01,Occidente,Online,Deportes,Mochila deportiva,1,724.8,0.0,343.19,Recurrente,Efectivo,False,
ORD-003550,2025-05-14,PUE-01,Centro,Tienda,Oficina,Organizador de escritorio,1,293.32,0.1,104.22,Recurrente,Efectivo,False,3.0
ORD-002195,2025-09-16,CAN-01,Sureste,Tienda,Deportes,Mancuernas 10 kg,4,867.99,0.05,508.76,Nuevo,Efectivo,False,5.0
ORD-001093,2025-07-12,GDL-01,Occidente,Tienda,Hogar,Juego de sábanas,5,688.88,0.15,304.88,Nuevo,Efectivo,False,5.0
ORD-003340,2025-12-16,MTY-01,Norte,Tienda,Hogar,Cafetera programable,1,1642.66,0.05,860.72,Recurrente,Tarjeta,False,3.0
ORD-002411,2025-09-21,MTY-02,Norte,Tienda,Oficina,Lámpara LED,3,544.47,0.05,242.84,Recurrente,Transferencia,False,4.0
ORD-002855,2025-05-04,GDL-02,Occidente,Online,Electrónica,Teclado mecánico,1,1200.2,0.1,733.01,Empresa,Tarjeta,False,5.0
ORD-000831,2025-04-28,MTY-02,Norte,Tienda,Hogar,Licuadora,5,963.7,0.3,552.0,Recurrente,Efectivo,False,4.0
ORD-001477,2025-03-06,ZAP-01,Occidente,Tienda,Deportes,Mancuernas 10 kg,3,908.63,0.2,528.59,Nuevo,Tarjeta,False,5.0
ORD-002215,2025-12-28,MTY-01,Norte,Online,Electrónica,Audífonos Bluetooth,1,760.66,0.1,383.78,Nuevo,Transferencia,False,5.0
ORD-003110,2025-11-13,MTY-02,Norte,Tienda,Deportes,Mancuernas 10 kg,1,937.85,0.1,521.75,Recurrente,Tarjeta,True,4.0
ORD-000492,2025-08-17,GDL-01,Occidente,Tienda,Deportes,Tapete de yoga,2,412.62,0.0,157.38,Recurrente,Efectivo,False,5.0
ORD-002653,2025-05-15,MER-01,Sureste,Tienda,Deportes,Tapete de yoga,4,391.63,0.1,160.95,Recurrente,Tarjeta,False,2.0
ORD-000779,2025-12-25,GDL-02,Occidente,Tienda,Hogar,Cafetera programable,2,1694.88,0.0,876.96,Recurrente,Tarjeta,False,4.0
ORD-002735,2025-07-02,MER-01,Sureste,Tienda,Deportes,Tapete de yoga,1,388.04,0.0,157.79,Recurrente,Tarjeta,False,2.0
ORD-003198,2025-06-05,CAN-01,Sureste,Online,Electrónica,Teclado mecánico,2,1213.69,0.0,724.36,Recurrente,Efectivo,False,5.0
ORD-002338,2025-10-16,ZAP-01,Occidente,Tienda,Hogar,Cafetera programable,2,1487.63,0.1,885.19,Nuevo,Efectivo,False,5.0
ORD-001527,2025-11-20,GDL-02,Occidente,Tienda,Hogar,Juego de sábanas,1,740.28,0.1,305.05,Recurrente,Tarjeta,False,4.0
ORD-000505,2025-06-27,ZAP-01,Occidente,Online,Oficina,Organizador de escritorio,1,274.35,0.05,103.75,Nuevo,Efectivo,False,5.0
ORD-002398,2025-01-25,CDMX-01,Centro,Online,Oficina,Silla ergonómica,2,2900.58,0.0,1827.93,Nuevo,Transferencia,False,5.0
ORD-001884,2025-02-19,GDL-01,Occidente,Tienda,Hogar,Licuadora,3,1013.12,0.1,567.69,Recurrente,Tarjeta,False,4.0
ORD-002818,2025-07-07,ZAP-01,Occidente,Online,Oficina,Silla ergonómica,2,3001.21,0.1,1825.41,Nuevo,Efectivo,False,4.0
ORD-003190,2025-02-01,ZAP-01,Occidente,Online,Electrónica,Teclado mecánico,5,1186.17,0.3,735.73,Recurrente,Tarjeta,False,2.0
ORD-002034,2025-08-22,CHH-01,Norte,Online,Electrónica,Audífonos Bluetooth,6,670.05,0.1,378.82,Empresa,Tarjeta,False,3.0
ORD-003096,2025-03-11,MTY-01,Norte,Online,Oficina,Silla ergonómica,2,2921.65,0.05,1816.98,Recurrente,Tarjeta,False,5.0
ORD-001376,2025-07-18,MTY-02,Norte,Online,Electrónica,Teclado mecánico,3,1221.73,0.15,719.18,Empresa,Efectivo,False,4.0
ORD-000999,2025-11-09,CHH-01,Norte,Online,Electrónica,Audífonos Bluetooth,4,779.4,0.05,387.65,Empresa,Efectivo,False,5.0
ORD-000987,2025-01-17,ZAP-01,Occidente,Tienda,Oficina,Lámpara LED,1,548.03,0.1,241.04,Recurrente,Efectivo,False,4.0
ORD-002628,2025-08-01,CAN-01,Sureste,Online,Electrónica,Teclado mecánico,1,1167.96,0.0,715.5,Empresa,Tarjeta,False,4.0
ORD-000823,2025-12-26,MTY-01,Norte,Online,Oficina,Lámpara LED,1,633.85,0.2,245.42,Recurrente,Tarjeta,False,4.0
ORD-002395,2025-09-03,ZAP-01,Occidente,Online,Oficina,Organizador de escritorio,2,295.57,0.1,105.65,Nuevo,Tarjeta,False,3.0
ORD-002054,2025-07-01,MTY-01,Norte,Online,Electrónica,Teclado mecánico,1,1238.88,0.0,733.34,Empresa,Tarjeta,False,5.0
ORD-003352,2025-10-28,GDL-01,Occidente,Online,Hogar,Licuadora,3,962.88,0.1,574.23,Nuevo,Tarjeta,False,4.0
ORD-002025,2025-10-02,VER-01,Golfo,Tienda,Hogar,Licuadora,2,1019.78,0.1,556.41,Nuevo,Transferencia,False,5.0
ORD-003294,2025-03-30,CDMX-01,Centro,Online,Electrónica,Monitor 24 pulgadas,1,3421.06,0.1,2346.56,Recurrente,Efectivo,False,5.0
ORD-001160,2025-09-28,PUE-01,Centro,Tienda,Electrónica,Teclado mecánico,1,1193.1,0.05,720.8,Recurrente,Tarjeta,False,5.0
ORD-003163,2025-06-23,CDMX-01,Centro,Tienda,Hogar,Licuadora,1,1020.57,0.0,565.91,Recurrente,Tarjeta,False,4.0
ORD-002967,2025-10-07,CDMX-01,Centro,Tienda,Electrónica,Teclado mecánico,5,1170.67,0.15,722.72,Recurrente,Tarjeta,False,3.0
ORD-002309,2025-11-07,VER-01,Golfo,Online,Electrónica,Teclado mecánico,3,1352.98,0.0,732.7,Recurrente,Tarjeta,True,3.0
ORD-002583,2025-12-21,MER-01,Sureste,Tienda,Deportes,Mancuernas 10 kg,1,960.35,0.05,523.98,Nuevo,Efectivo,False,3.0
ORD-001432,2025-11-29,PUE-01,Centro,Online,Hogar,Juego de sábanas,1,709.84,0.15,306.77,Nuevo,Tarjeta,False,4.0
ORD-000841,2025-12-12,CAN-01,Sureste,Tienda,Hogar,Juego de sábanas,1,733.58,0.15,305.58,Nuevo,Tarjeta,False,4.0
ORD-001727,2025-07-12,CDMX-01,Centro,Tienda,Oficina,Silla ergonómica,1,2997.32,0.0,1858.78,Recurrente,Tarjeta,False,4.0
ORD-000529,2025-02-22,MER-01,Sureste,Tienda,Deportes,Mancuernas 10 kg,1,843.58,0.1,523.12,Nuevo,Tarjeta,False,4.0
ORD-001558,2025-07-04,CHH-01,Norte,Online,Oficina,Organizador de escritorio,1,291.37,0.15,104.9,Nuevo,Efectivo,False,1.0
ORD-001223,2025-11-02,PUE-01,Centro,Tienda,Electrónica,Teclado mecánico,5,1396.7,0.1,701.17,Recurrente,Tarjeta,False,4.0
ORD-000518,2025-04-18,ZAP-01,Occidente,Tienda,Hogar,Cafetera programable,2,1507.31,0.1,891.9,Nuevo,Tarjeta,False,5.0
ORD-002397,2025-11-09,GDL-02,Occidente,Tienda,Electrónica,Monitor 24 pulgadas,1,3627.12,0.1,2335.6,Recurrente,Tarjeta,False,4.0
ORD-002629,2025-10-23,CDMX-01,Centro,Online,Electrónica,Monitor 24 pulgadas,1,3131.6,0.0,2355.56,Recurrente,Tarjeta,False,5.0
ORD-001070,2025-05-26,CDMX-02,Centro,Online,Hogar,Juego de sábanas,1,670.91,0.1,312.25,Empresa,Tarjeta,False,4.0
ORD-000552,2025-07-26,GDL-01,Occidente,Tienda,Electrónica,Monitor 24 pulgadas,1,3295.79,0.1,2364.19,Recurrente,Tarjeta,False,4.0
ORD-000413,2025-12-28,MER-01,Sureste,Online,Deportes,Mancuernas 10 kg,3,973.18,0.05,523.19,Nuevo,Tarjeta,False,5.0
ORD-000533,2025-03-23,GDL-02,Occidente,Online,Deportes,Tapete de yoga,3,409.12,0.1,155.94,Nuevo,Efectivo,False,4.0
ORD-003175,2025-07-20,CDMX-02,Centro,Tienda,Oficina,Organizador de escritorio,2,292.96,0.0,102.65,Recurrente,Tarjeta,False,5.0
ORD-000522,2025-04-26,VER-01,Golfo,Online,Hogar,Juego de sábanas,5,668.42,0.05,308.21,Nuevo,Tarjeta,False,5.0
ORD-003044,2025-04-15,CHH-01,Norte,Tienda,Deportes,Tapete de yoga,2,405.11,0.0,155.09,Recurrente,Efectivo,False,3.0
ORD-001434,2025-11-25,GDL-02,Occidente,Online,Deportes,Mochila deportiva,1,812.38,0.15,333.46,Nuevo,Tarjeta,False,4.0
ORD-002460,2025-02-20,CHH-01,Norte,Online,Oficina,Organizador de escritorio,3,280.23,0.0,107.64,Recurrente,Tarjeta,False,3.0
ORD-002731,2025-07-10,CDMX-02,Centro,Tienda,Oficina,Lámpara LED,1,547.39,0.0,233.76,Nuevo,Efectivo,False,4.0
ORD-003529,2025-08-15,MTY-02,Norte,Tienda,Oficina,Organizador de escritorio,1,291.8,0.1,104.09,Nuevo,Tarjeta,False,3.0
ORD-001856,2025-07-17,CDMX-02,Centro,Tienda,Electrónica,Teclado mecánico,1,1220.41,0.0,718.0,Nuevo,Tarjeta,False,4.0
ORD-001119,2025-12-05,CDMX-01,Centro,Tienda,Deportes,Mochila deportiva,2,848.75,1.25,343.32,Recurrente,Tarjeta,False,3.0
ORD-003475,2025-07-01,MTY-01,Norte,Online,Oficina,Silla ergonómica,5,2813.85,0.05,1817.13,Recurrente,Tarjeta,False,2.0
ORD-002877,2025-08-15,CHH-01,Norte,Online,Electrónica,Teclado mecánico,1,1244.69,0.15,710.77,Recurrente,Tarjeta,False,2.0
ORD-001414,2025-01-26,MTY-01,Norte,Online,Oficina,Lámpara LED,2,534.63,0.05,238.55,Nuevo,Tarjeta,False,4.0
ORD-000515,2025-03-28,CDMX-01,Centro,Tienda,Hogar,Licuadora,3,978.5,0.1,557.8,Recurrente,Tarjeta,False,5.0
ORD-001490,2025-07-11,MER-01,Sureste,Online,Hogar,Juego de sábanas,3,626.82,0.0,318.83,Nuevo,Transferencia,True,1.0
ORD-000562,2025-01-31,MTY-01,Norte,Online,Hogar,Juego de sábanas,1,631.52,0.0,309.92,Recurrente,Tarjeta,False,3.0
ORD-001613,2025-09-24,GDL-01,Occidente,Online,Hogar,Cafetera programable,3,1478.02,0.0,878.59,Nuevo,Tarjeta,False,3.0
ORD-002403,2025-05-22,ZAP-01,Occidente,Online,Hogar,Cafetera programable,3,1501.31,0.0,877.29,Recurrente,Tarjeta,False,5.0
ORD-000112,2025-05-05,MTY-02,Norte,Online,Hogar,Juego de sábanas,4,629.99,0.3,307.85,Recurrente,Efectivo,True,5.0
ORD-002952,2025-07-14,CDMX-01,Centro,Tienda,Hogar,Juego de sábanas,1,624.8,0.0,312.11,Recurrente,Efectivo,False,4.0
ORD-001598,2025-12-06,GDL-01,Occidente,Tienda,Electrónica,Teclado mecánico,3,1326.03,0.05,707.93,Nuevo,Tarjeta,False,3.0
ORD-003009,2025-03-22,CDMX-01,Centro,Tienda,Deportes,Mochila deportiva,1,756.34,0.15,342.53,Recurrente,Efectivo,False,4.0
ORD-001311,2025-11-13,ZAP-01,Occidente,Tienda,Hogar,Juego de sábanas,1,672.43,0.05,312.44,Recurrente,Transferencia,True,4.0
ORD-001428,2025-05-10,MTY-02,Norte,Tienda,Deportes,Mancuernas 10 kg,3,894.45,0.15,527.54,Nuevo,Tarjeta,False,4.0
ORD-002830,2025-08-06,MER-01,Sureste,Tienda,Oficina,Organizador de escritorio,3,296.28,0.1,105.31,Recurrente,Tarjeta,False,4.0
ORD-001014,2025-01-26,MTY-02,Norte,Tienda,Hogar,Juego de sábanas,5,642.36,0.0,306.31,Empresa,Tarjeta,False,5.0
ORD-002934,2025-09-13,ZAP-01,Occidente,Tienda,Oficina,Silla ergonómica,6,2810.49,0.1,1864.51,Recurrente,Tarjeta,False,5.0
ORD-001641,2025-12-20,ZAP-01,Occidente,Tienda,Hogar,Juego de sábanas,1,717.82,0.0,314.05,Recurrente,Tarjeta,False,4.0
ORD-000248,2025-11-19,CHH-01,Norte,Tienda,Electrónica,Monitor 24 pulgadas,6,3771.96,0.0,2322.72,Nuevo,Efectivo,False,4.0
ORD-000548,2025-09-06,MTY-02,Norte,Online,Oficina,Silla ergonómica,1,2848.83,0.0,1836.59,Nuevo,Efectivo,False,5.0
ORD-003441,2025-09-15,VER-01,Golfo,Online,Deportes,Mochila deportiva,5,743.41,0.05,342.22,Recurrente,Efectivo,True,4.0
ORD-001769,2025-04-03,MTY-02,Norte,Tienda,Oficina,Silla ergonómica,2,2958.75,0.05,1812.95,Recurrente,Tarjeta,False,4.0
ORD-003018,2025-03-17,CDMX-01,Centro,Online,Hogar,Cafetera programable,2,1475.45,0.05,858.25,Nuevo,Tarjeta,False,4.0
ORD-003545,2025-01-21,CDMX-02,Centro,Tienda,Oficina,Lámpara LED,3,573.58,0.0,242.88,Recurrente,Efectivo,False,3.0
ORD-003261,2025-11-07,MTY-01,Norte,Tienda,Electrónica,Monitor 24 pulgadas,2,3704.21,0.15,2405.28,Empresa,Tarjeta,False,3.0
ORD-001682,2025-06-11,MTY-02,Norte,Online,Hogar,Licuadora,3,951.78,0.05,560.37,Recurrente,Tarjeta,False,1.0
ORD-001505,2025-12-05,MTY-02,Norte,Online,Oficina,Organizador de escritorio,1,323.38,0.15,104.1,Empresa,Transferencia,False,4.0
ORD-000961,2025-07-19,MER-01,Sureste,Tienda,Electrónica,Monitor 24 pulgadas,1,3355.74,0.1,2418.74,Empresa,Tarjeta,False,3.0
ORD-000702,2025-06-24,ZAP-01,Occidente,Online,Deportes,Mancuernas 10 kg,1,883.3,0.1,513.24,Nuevo,Tarjeta,False,5.0
ORD-001418,2025-03-03,CHH-01,Norte,Tienda,Electrónica,Monitor 24 pulgadas,1,3403.71,0.2,2353.27,Empresa,Efectivo,False,5.0
ORD-003333,2025-07-10,MTY-01,Norte,Online,Electrónica,Teclado mecánico,1,1175.55,0.0,730.41,Nuevo,Efectivo,True,3.0
ORD-000767,2025-02-25,VER-01,Golfo,Tienda,Hogar,Juego de sábanas,4,632.43,0.0,308.85,Nuevo,Efectivo,False,5.0
ORD-001523,2025-11-20,VER-01,Golfo,Tienda,Hogar,Licuadora,5,1124.21,0.05,559.84,Recurrente,Tarjeta,False,3.0
ORD-001035,2025-03-25,MTY-01,Norte,Tienda,Electrónica,Monitor 24 pulgadas,1,3193.75,0.05,2313.11,Nuevo,Tarjeta,False,5.0
ORD-002265,2025-08-11,GDL-01,Occidente,Tienda,Deportes,Tapete de yoga,2,376.35,0.2,158.58,Recurrente,Tarjeta,False,3.0
ORD-003548,2025-05-01,MER-01,Sureste,Tienda,Oficina,Organizador de escritorio,2,284.39,0.15,107.02,Recurrente,Efectivo,False,4.0
ORD-000759,2025-06-27,GDL-02,Occidente,Tienda,Oficina,Organizador de escritorio,2,293.18,0.0,105.14,Empresa,Tarjeta,True,3.0
ORD-003450,2025-06-18,CDMX-01,Centro,Online,Oficina,Silla ergonómica,1,2808.7,0.1,1823.95,Nuevo,Efectivo,False,3.0
ORD-002671,2025-04-01,CDMX-02,Centro,Online,Hogar,Cafetera programable,3,1445.19,0.0,874.94,Nuevo,Tarjeta,False,3.0
ORD-001906,2025-08-13,CDMX-02,Centro,Tienda,Electrónica,Teclado mecánico,3,1163.31,0.05,720.72,Nuevo,Tarjeta,False,2.0
ORD-003168,2025-02-24,CHH-01,Norte,Tienda,Deportes,Mancuernas 10 kg,1,918.44,0.1,508.54,Recurrente,Transferencia,False,5.0
ORD-003510,2025-12-29,CDMX-01,Centro,Tienda,Hogar,Juego de sábanas,1,703.95,0.0,313.62,Recurrente,Efectivo,False,5.0
ORD-001530,2025-06-11,MTY-02,Norte,Online,Electrónica,Audífonos Bluetooth,2,697.2,0.0,382.9,Recurrente,Efectivo,False,4.0
ORD-000676,2025-11-30,GDL-01,Occidente,Tienda,Deportes,Mochila deportiva,5,826.63,0.1,335.67,Recurrente,Tarjeta,False,4.0
ORD-003166,2025-09-14,CAN-01,Sureste,Tienda,Oficina,Lámpara LED,1,544.13,0.2,242.63,Nuevo,Efectivo,False,5.0
ORD-001713,2025-08-17,MER-01,Sureste,Tienda,Hogar,Licuadora,3,1024.19,0.1,559.7,Nuevo,Efectivo,False,4.0
ORD-000254,2025-09-12,CAN-01,Sureste,Tienda,Electrónica,Teclado mecánico,4,1108.8,0.0,738.49,Recurrente,Tarjeta,False,4.0
ORD-001908,2025-10-23,CHH-01,Norte,Tienda,Electrónica,Monitor 24 pulgadas,1,3370.66,0.0,2385.22,Nuevo,Tarjeta,False,5.0
ORD-001928,2025-04-27,VER-01,Golfo,Online,Oficina,Organizador de escritorio,5,290.35,0.15,105.36,Nuevo,Tarjeta,False,4.0
ORD-003585,2025-12-06,CHH-01,Norte,Tienda,Oficina,Lámpara LED,4,632.11,0.05,237.08,Nuevo,Transferencia,False,4.0
ORD-001981,2025-02-02,MER-01,Sureste,Tienda,Hogar,Licuadora,1,988.97,0.15,548.21,Recurrente,Tarjeta,False,4.0
ORD-002640,2025-07-07,PUE-01,Centro,Tienda,Oficina,Organizador de escritorio,1,287.85,0.0,105.91,Recurrente,Tarjeta,False,3.0
ORD-003032,2025-06-23,MTY-01,Norte,Online,Electrónica,Monitor 24 pulgadas,1,3308.07,0.3,2361.75,Recurrente,Efectivo,False,2.0
ORD-000265,2025-02-11,VER-01,Golfo,Tienda,Deportes,Tapete de yoga,2,382.63,0.1,160.75,Recurrente,Tarjeta,False,3.0
ORD-003300,2025-10-03,CDMX-02,Centro,Tienda,Hogar,Licuadora,4,994.8,0.2,563.63,Nuevo,Tarjeta,False,5.0
ORD-002983,2025-10-24,GDL-02,Occidente,Tienda,Oficina,Organizador de escritorio,2,287.33,0.0,108.35,Recurrente,Tarjeta,True,4.0
ORD-001079,2025-11-29,CAN-01,Sureste,Online,Oficina,Organizador de escritorio,1,329.35,0.1,106.05,Recurrente,Tarjeta,False,4.0
ORD-001561,2025-04-04,CHH-01,Norte,Tienda,Oficina,Organizador de escritorio,3,303.02,0.0,106.4,Recurrente,Tarjeta,False,5.0
ORD-003592,2025-05-15,CDMX-01,Centro,Tienda,Oficina,Organizador de escritorio,2,278.74,0.15,103.44,Empresa,Tarjeta,False,4.0
ORD-001862,2025-04-12,GDL-02,Occidente,Tienda,Electrónica,Monitor 24 pulgadas,4,3390.19,0.0,2365.61,Nuevo,Efectivo,False,5.0
ORD-002511,2025-12-05,CDMX-02,Centro,Tienda,Deportes,Tapete de yoga,2,429.99,0.05,156.68,Nuevo,Transferencia,False,3.0
ORD-000810,2025-11-14,GDL-01,Occidente,Tienda,Electrónica,Monitor 24 pulgadas,2,3810.88,0.1,2321.44,Recurrente,Tarjeta,False,1.0
ORD-003253,2025-01-09,CDMX-02,Centro,Online,Oficina,Silla ergonómica,1,2992.82,0.2,1833.62,Nuevo,Tarjeta,False,4.0
ORD-003243,2025-11-07,MTY-02,Norte,Tienda,Electrónica,Audífonos Bluetooth,3,786.96,0.1,383.61,Recurrente,Tarjeta,False,3.0
ORD-000689,2025-12-08,CHH-01,Norte,Online,Hogar,Licuadora,2,1086.7,0.05,566.75,Recurrente,Tarjeta,False,1.0
ORD-003560,2025-10-02,MTY-01,Norte,Online,Deportes,Mancuernas 10 kg,1,890.98,0.1,522.66,Recurrente,Efectivo,False,3.0
ORD-001279,2025-06-25,VER-01,Golfo,Tienda,Deportes,Mochila deportiva,2,739.77,0.0,343.37,Nuevo,Tarjeta,False,4.0
ORD-002672,2025-12-08,ZAP-01,Occidente,Tienda,Deportes,Mancuernas 10 kg,2,961.65,0.0,512.12,Nuevo,Tarjeta,False,5.0
ORD-000649,2025-12-24,MTY-02,Norte,Tienda,Deportes,Mochila deportiva,3,834.33,0.05,336.93,Recurrente,Efectivo,False,4.0
ORD-000173,2025-04-12,CAN-01,Sureste,Online,Hogar,Juego de sábanas,1,639.91,0.1,316.24,Recurrente,Transferencia,False,4.0
ORD-002580,2025-07-01,VER-01,Golfo,Tienda,Deportes,Tapete de yoga,4,399.87,0.15,163.31,Recurrente,Efectivo,False,4.0
ORD-002487,2025-07-21,MER-01,Sureste,Tienda,Electrónica,Audífonos Bluetooth,1,716.48,0.1,387.1,Empresa,Tarjeta,False,5.0
ORD-001001,2025-06-23,MER-01,Sureste,Online,Deportes,Mochila deportiva,3,729.71,0.0,338.28,Recurrente,Efectivo,False,3.0
ORD-001873,2025-12-07,GDL-01,Occidente,Tienda,Hogar,Cafetera programable,1,1660.7,0.0,854.96,Nuevo,Tarjeta,False,5.0
ORD-001891,2025-06-06,CDMX-02,Centro,Online,Electrónica,Audífonos Bluetooth,5,676.48,0.1,390.97,Nuevo,Tarjeta,False,4.0
ORD-003265,2025-07-14,CAN-01,Sureste,Online,Deportes,Mancuernas 10 kg,1,897.39,0.15,518.93,Recurrente,Tarjeta,False,3.0
ORD-002711,2025-03-30,ZAP-01,Occidente,Online,Oficina,Lámpara LED,2,546.93,0.15,242.81,Nuevo,Transferencia,False,5.0
ORD-001625,2025-09-01,PUE-01,Centro,Tienda,Electrónica,Teclado mecánico,2,1138.83,0.15,711.25,Nuevo,Transferencia,False,4.0
ORD-003551,2025-12-16,CAN-01,Sureste,Online,Hogar,Cafetera programable,1,1670.75,0.2,846.69,Nuevo,Tarjeta,False,4.0
ORD-001323,2025-01-05,MTY-01,Norte,Tienda,Hogar,Cafetera programable,5,1500.63,0.15,865.5,Recurrente,Tarjeta,False,5.0
ORD-002213,2025-05-06,GDL-01,Occidente,Tienda,Deportes,Mancuernas 10 kg,3,927.13,0.15,523.88,Nuevo,Tarjeta,False,3.0
ORD-002701,2025-07-08,ZAP-01,Occidente,Tienda,Hogar,Licuadora,2,992.51,0.3,558.94,Recurrente,Tarjeta,False,4.0
ORD-001604,2025-08-26,CDMX-01,Centro,Tienda,Hogar,Cafetera programable,1,1452.36,0.05,851.44,Recurrente,Efectivo,False,2.0
ORD-000590,2025-08-26,CHH-01,Norte,Online,Deportes,Mancuernas 10 kg,2,920.42,0.3,499.7,Nuevo,Efectivo,False,5.0
ORD-001332,2025-03-04,CDMX-01,Centro,Online,Oficina,Organizador de escritorio,4,293.42,0.2,104.73,Nuevo,Tarjeta,False,3.0
ORD-002510,2025-08-10,MTY-02,Norte,Tienda,Deportes,Mancuernas 10 kg,2,877.04,0.05,519.19,Recurrente,Transferencia,False,3.0
ORD-001287,2025-07-25,MER-01,Sureste,Online,Hogar,Juego de sábanas,1,660.98,0.05,316.24,Nuevo,Efectivo,False,5.0
ORD-001962,2025-11-10,CDMX-02,Centro,Tienda,Electrónica,Monitor 24 pulgadas,5,3733.35,0.1,2325.66,Nuevo,Transferencia,False,5.0
ORD-003242,2025-06-21,VER-01,Golfo,Tienda,Hogar,Juego de sábanas,1,656.99,0.3,315.22,Empresa,Tarjeta,False,5.0
ORD-002906,2025-01-10,MTY-02,Norte,Online,Deportes,Tapete de yoga,1,404.55,0.1,161.18,Recurrente,Tarjeta,False,5.0
ORD-003523,2025-09-11,ZAP-01,Occidente,Tienda,Hogar,Licuadora,3,983.36,0.0,563.82,Nuevo,Tarjeta,False,4.0
ORD-002259,2025-10-07,PUE-01,Centro,Tienda,Electrónica,Teclado mecánico,2,1170.48,0.15,713.02,Recurrente,Tarjeta,False,1.0
ORD-000601,2025-05-06,GDL-02,Occidente,Tienda,Electrónica,Audífonos Bluetooth,2,708.66,0.0,394.67,Recurrente,Tarjeta,False,5.0
ORD-001880,2025-08-11,ZAP-01,Occidente,Tienda,Deportes,Mochila deportiva,2,746.39,0.1,335.23,Recurrente,Efectivo,False,3.0
ORD-001250,2025-02-07,CAN-01,Sureste,Online,Deportes,Mochila deportiva,2,751.14,0.2,329.11,Recurrente,Tarjeta,False,2.0
ORD-002266,2025-09-04,CHH-01,Norte,Tienda,Electrónica,Monitor 24 pulgadas,1,3309.95,0.15,2376.64,Recurrente,Efectivo,False,5.0
ORD-000115,2025-06-06,MER-01,Sureste,Tienda,Hogar,Cafetera programable,2,1479.22,0.0,874.92,Empresa,Tarjeta,False,4.0
ORD-001710,2025-05-27,PUE-01,Centro,Online,Oficina,Silla ergonómica,3,2889.49,0.2,1866.37,Recurrente,Tarjeta,False,4.0
ORD-000392,2025-08-03,GDL-02,Occidente,Tienda,Deportes,Mancuernas 10 kg,4,901.17,0.15,535.01,Recurrente,Efectivo,False,5.0
ORD-002113,2025-05-12,MTY-01,Norte,Tienda,Hogar,Licuadora,2,1011.72,0.0,547.32,Recurrente,Transferencia,False,4.0
ORD-002689,2025-07-24,CDMX-02,Centro,Online,Hogar,Juego de sábanas,4,639.21,0.1,309.89,Nuevo,Tarjeta,False,5.0
ORD-000473,2025-02-20,CDMX-02,Centro,Tienda,Deportes,Mancuernas 10 kg,1,914.41,0.2,515.05,Nuevo,Efectivo,False,3.0
ORD-000755,2025-05-27,ZAP-01,Occidente,Online,Electrónica,Teclado mecánico,1,1226.36,0.0,730.54,Empresa,Efectivo,False,5.0
ORD-001260,2025-08-08,GDL-01,Occidente,Tienda,Hogar,Cafetera programable,2,1492.47,0.1,871.82,Recurrente,Efectivo,False,5.0
ORD-000219,2025-07-24,CDMX-02,Centro,Tienda,Deportes,Mancuernas 10 kg,2,926.78,0.1,533.03,Nuevo,Tarjeta,False,1.0
ORD-002590,2025-01-08,PUE-01,Centro,Tienda,Hogar,Juego de sábanas,5,640.37,0.0,300.99,Recurrente,Tarjeta,False,4.0
ORD-000465,2025-09-04,GDL-02,Occidente,Tienda,Deportes,Mochila deportiva,3,750.69,0.2,339.76,Recurrente,Tarjeta,False,4.0
ORD-003389,2025-08-02,GDL-02,Occidente,Tienda,Deportes,Mochila deportiva,3,710.56,0.05,342.18,Recurrente,Transferencia,True,5.0
ORD-000852,2025-05-15,MER-01,Sureste,Online,Deportes,Mancuernas 10 kg,3,906.77,0.05,517.27,Recurrente,Tarjeta,False,4.0
ORD-000694,2025-03-05,PUE-01,Centro,Tienda,Oficina,Silla ergonómica,1,2828.1,0.0,1846.82,Recurrente,Efectivo,False,4.0
ORD-003141,2025-07-10,PUE-01,Centro,Tienda,Deportes,Mancuernas 10 kg,3,890.57,0.15,522.54,Recurrente,Transferencia,False,3.0
ORD-001916,2025-06-25,GDL-02,Occidente,Online,Deportes,Mancuernas 10 kg,2,901.29,0.15,523.5,Empresa,Tarjeta,False,5.0
ORD-003245,2025-01-22,GDL-02,Occidente,Tienda,Electrónica,Teclado mecánico,2,1199.0,0.1,722.54,Nuevo,Efectivo,False,4.0
ORD-000540,2025-09-05,VER-01,Golfo,Tienda,Electrónica,Audífonos Bluetooth,2,667.97,0.1,387.6,Recurrente,Tarjeta,False,5.0
ORD-000560,2025-03-21,PUE-01,Centro,Tienda,Deportes,Mochila deportiva,1,736.35,0.05,345.54,Nuevo,Tarjeta,False,5.0
ORD-002166,2025-06-27,MER-01,Sureste,Online,Electrónica,Monitor 24 pulgadas,1,3377.1,0.2,2327.19,Recurrente,Tarjeta,True,4.0
ORD-003583,2025-04-12,CDMX-01,Centro,Tienda,Deportes,Tapete de yoga,1,406.95,0.1,158.95,Nuevo,Efectivo,False,5.0
ORD-002535,2025-03-13,MTY-02,Norte,Tienda,Deportes,Tapete de yoga,1,375.56,0.1,157.23,Recurrente,Tarjeta,False,4.0
ORD-000461,2025-08-06,CDMX-02,Centro,Online,Oficina,Silla ergonómica,3,2869.35,0.0,1741.8,Recurrente,Efectivo,False,3.0
ORD-002482,2025-10-09,CAN-01,Sureste,Online,Deportes,Tapete de yoga,1,403.61,0.0,159.75,Recurrente,Tarjeta,False,3.0
ORD-002986,2025-05-30,CHH-01,Norte,Tienda,Deportes,Tapete de yoga,1,411.42,0.0,162.73,Nuevo,Efectivo,False,3.0
ORD-001642,2025-01-23,MTY-02,Norte,Tienda,Electrónica,Monitor 24 pulgadas,3,3266.31,0.0,2358.46,Recurrente,Transferencia,False,1.0
ORD-003424,2025-10-17,CDMX-01,Centro,Tienda,Electrónica,Audífonos Bluetooth,4,716.0,0.0,384.87,Nuevo,Efectivo,False,3.0
ORD-001766,2025-10-28,MTY-01,Norte,Tienda,Deportes,Tapete de yoga,3,408.2,0.15,161.93,Recurrente,Tarjeta,False,1.0
ORD-002418,2025-03-15,MER-01,Sureste,Tienda,Hogar,Licuadora,2,980.52,0.15,546.33,Recurrente,Transferencia,False,4.0
ORD-000568,2025-11-05,MTY-02,Norte,Tienda,Hogar,Cafetera programable,1,1714.87,0.05,883.86,Nuevo,Tarjeta,False,4.0
ORD-002115,2025-11-07,CAN-01,Sureste,Tienda,Hogar,Juego de sábanas,1,702.87,0.05,310.74,Nuevo,Efectivo,False,4.0
ORD-002734,2025-05-18,PUE-01,Centro,Tienda,Oficina,Lámpara LED,1,524.35,0.1,238.3,Nuevo,Tarjeta,False,4.0
ORD-003165,2025-03-13,CDMX-01,Centro,Online,Electrónica,Monitor 24 pulgadas,2,3399.05,0.1,2373.57,Recurrente,Efectivo,False,5.0
ORD-001219,2025-02-16,PUE-01,Centro,Tienda,Oficina,Silla ergonómica,4,2853.54,0.0,1810.49,Recurrente,Efectivo,False,3.0
ORD-003255,2025-01-13,CDMX-01,Centro,Tienda,Hogar,Cafetera programable,2,1523.27,0.2,879.49,Recurrente,Efectivo,False,
ORD-002645,2025-05-14,CDMX-02,Centro,Tienda,Hogar,Juego de sábanas,1,644.31,0.05,310.67,Recurrente,Tarjeta,False,5.0
ORD-002548,2025-04-03,MTY-02,Norte,Tienda,Electrónica,Audífonos Bluetooth,2,678.3,0.15,383.99,Nuevo,Efectivo,False,5.0
ORD-002330,2025-07-09,CHH-01,Norte,Tienda,Hogar,Juego de sábanas,1,649.74,0.0,314.91,Recurrente,Efectivo,False,5.0
ORD-001308,2025-01-05,CHH-01,Norte,Tienda,Deportes,Mochila deportiva,3,723.33,0.1,343.65,Empresa,Tarjeta,False,4.0
ORD-000712,2025-04-14,MER-01,Sureste,Tienda,Hogar,Juego de sábanas,3,654.12,0.1,307.45,Nuevo,Tarjeta,False,4.0
ORD-002401,2025-11-06,MTY-01,Norte,Tienda,Deportes,Mochila deportiva,5,836.38,0.05,339.77,Recurrente,Transferencia,False,3.0
ORD-000224,2025-01-20,CAN-01,Sureste,Tienda,Deportes,Mancuernas 10 kg,3,866.45,0.1,524.49,Recurrente,Tarjeta,False,5.0
ORD-000284,2025-06-12,CDMX-01,Centro,Tienda,Oficina,Silla ergonómica,1,2933.56,0.0,1825.83,Recurrente,Tarjeta,False,4.0
ORD-002581,2025-12-13,PUE-01,Centro,Tienda,Hogar,Juego de sábanas,2,711.68,0.0,305.75,Recurrente,Transferencia,False,4.0
ORD-000488,2025-03-26,GDL-02,Occidente,Online,Electrónica,Monitor 24 pulgadas,1,3380.79,0.1,2339.92,Nuevo,Efectivo,False,5.0
ORD-000544,2025-03-17,VER-01,Golfo,Tienda,Deportes,Mochila deportiva,1,737.37,0.0,341.62,Nuevo,Tarjeta,False,3.0
ORD-000335,2025-03-14,GDL-02,Occidente,Tienda,Hogar,Juego de sábanas,3,634.88,0.1,307.23,Recurrente,Tarjeta,False,4.0
ORD-000166,2025-10-07,GDL-02,Occidente,Tienda,Oficina,Silla ergonómica,3,2884.75,0.1,1805.82,Nuevo,Efectivo,False,4.0
ORD-002294,2025-11-06,ZAP-01,Occidente,Tienda,Oficina,Lámpara LED,1,601.55,0.15,237.36,Recurrente,Tarjeta,False,4.0
ORD-002840,2025-10-06,PUE-01,Centro,Online,Electrónica,Monitor 24 pulgadas,1,3356.04,0.15,2284.78,Recurrente,Tarjeta,False,1.0
ORD-001301,2025-05-08,CDMX-02,Centro,Tienda,Hogar,Cafetera programable,1,1537.23,0.15,852.99,Recurrente,Transferencia,False,5.0
ORD-001345,2025-08-03,VER-01,Golfo,Tienda,Deportes,Mancuernas 10 kg,2,869.06,0.1,528.17,Nuevo,Efectivo,False,4.0
ORD-002917,2025-04-21,MTY-02,Norte,Tienda,Deportes,Tapete de yoga,2,407.19,0.0,161.84,Nuevo,Efectivo,False,4.0
ORD-003549,2025-06-14,VER-01,Golfo,Tienda,Deportes,Mochila deportiva,2,770.5,0.0,344.53,Recurrente,Efectivo,False,4.0
ORD-001652,2025-12-14,CAN-01,Sureste,Online,Deportes,Mochila deportiva,1,805.88,0.15,347.19,Nuevo,Efectivo,False,3.0
ORD-000722,2025-09-03,CAN-01,Sureste,Tienda,Electrónica,Audífonos Bluetooth,1,730.11,0.1,397.43,Recurrente,Efectivo,False,3.0
ORD-002448,2025-02-26,MTY-02,Norte,Tienda,Oficina,Organizador de escritorio,1,292.06,0.05,102.11,Recurrente,Tarjeta,False,5.0
ORD-000316,2025-07-05,VER-01,Golfo,Tienda,Deportes,Tapete de yoga,1,407.31,0.1,157.35,Recurrente,Transferencia,False,5.0
ORD-001348,2025-10-13,MTY-01,Norte,Online,Deportes,Tapete de yoga,2,399.76,0.05,161.72,Recurrente,Transferencia,False,4.0
ORD-000336,2025-07-26,CAN-01,Sureste,Tienda,Hogar,Cafetera programable,2,1476.56,0.3,880.96,Nuevo,Efectivo,False,2.0
ORD-003531,2025-06-03,GDL-01,Occidente,Online,Electrónica,Monitor 24 pulgadas,1,3394.67,0.0,2378.2,Nuevo,Efectivo,False,3.0
ORD-002545,2025-11-24,ZAP-01,Occidente,Online,Electrónica,Teclado mecánico,2,1283.45,0.0,731.05,Nuevo,Transferencia,False,4.0
ORD-000369,2025-12-25,MER-01,Sureste,Tienda,Deportes,Mancuernas 10 kg,2,1010.63,0.1,532.35,Nuevo,Tarjeta,False,4.0
ORD-002543,2025-02-26,MER-01,Sureste,Online,Oficina,Organizador de escritorio,1,283.82,0.15,102.87,Nuevo,Tarjeta,False,3.0
ORD-002159,2025-09-16,CDMX-02,Centro,Tienda,Electrónica,Monitor 24 pulgadas,1,3380.7,0.0,2395.44,Nuevo,Transferencia,False,4.0
ORD-002957,2025-11-25,CDMX-01,Centro,Tienda,Electrónica,Teclado mecánico,2,1350.62,0.3,722.5,Recurrente,Tarjeta,False,4.0
ORD-001557,2025-07-23,PUE-01,Centro,Tienda,Oficina,Silla ergonómica,3,3022.97,0.0,1818.5,Recurrente,Tarjeta,False,5.0
ORD-003304,2025-11-03,CDMX-02,Centro,Online,Deportes,Mancuernas 10 kg,2,981.03,0.05,525.33,Nuevo,Tarjeta,False,5.0
ORD-003083,2025-08-01,MER-01,Sureste,Tienda,Deportes,Tapete de yoga,4,415.0,0.05,160.75,Recurrente,Efectivo,False,4.0
ORD-003455,2025-06-07,CDMX-01,Centro,Tienda,Oficina,Silla ergonómica,2,2908.03,0.0,1807.48,Empresa,Transferencia,False,4.0
ORD-001484,2025-07-12,VER-01,Golfo,Tienda,Electrónica,Monitor 24 pulgadas,5,3237.23,0.0,2326.36,Nuevo,Efectivo,False,4.0
ORD-003350,2025-12-13,GDL-01,Occidente,Tienda,Oficina,Organizador de escritorio,3,318.53,0.1,105.5,Recurrente,Efectivo,False,2.0
ORD-001936,2025-07-22,CDMX-02,Centro,Online,Deportes,Tapete de yoga,4,394.15,0.0,160.11,Recurrente,Tarjeta,False,2.0
ORD-000454,2025-03-30,CHH-01,Norte,Tienda,Oficina,Lámpara LED,4,549.96,0.1,237.34,Recurrente,Tarjeta,False,4.0
ORD-002232,2025-04-22,GDL-02,Occidente,Tienda,Hogar,Juego de sábanas,2,688.81,0.1,308.23,Recurrente,Efectivo,False,5.0
ORD-003362,2025-09-16,CAN-01,Sureste,Tienda,Electrónica,Monitor 24 pulgadas,1,3440.51,0.0,2361.54,Nuevo,Efectivo,False,2.0
ORD-001471,2025-06-22,GDL-02,Occidente,Tienda,Deportes,Mochila deportiva,2,747.07,0.0,344.85,Recurrente,Tarjeta,False,3.0
ORD-001831,2025-10-10,MTY-01,Norte,Tienda,Deportes,Mancuernas 10 kg,2,876.53,0.15,526.81,Recurrente,Tarjeta,False,4.0
ORD-001101,2025-10-24,CDMX-02,Centro,Online,Electrónica,Monitor 24 pulgadas,2,3299.73,0.2,2401.68,Nuevo,Transferencia,False,5.0
ORD-002634,2025-05-29,CAN-01,Sureste,Tienda,Deportes,Mochila deportiva,2,792.32,0.05,345.62,Nuevo,Transferencia,False,3.0
ORD-002796,2025-01-14,VER-01,Golfo,Online,Oficina,Silla ergonómica,1,3005.25,0.1,1835.27,Nuevo,Tarjeta,False,5.0
ORD-002283,2025-02-16,CHH-01,Norte,Tienda,Oficina,Silla ergonómica,5,2807.12,0.0,1821.79,Recurrente,Tarjeta,False,3.0
ORD-000832,2025-11-22,MTY-02,Norte,Tienda,Hogar,Licuadora,2,1094.42,0.3,551.36,Nuevo,Tarjeta,False,5.0
ORD-002264,2025-04-07,GDL-02,Occidente,Online,Deportes,Mancuernas 10 kg,1,924.12,0.0,506.04,Nuevo,Tarjeta,True,5.0
ORD-000318,2025-10-03,CDMX-02,Centro,Tienda,Oficina,Lámpara LED,2,544.55,0.05,248.33,Recurrente,Tarjeta,False,4.0
ORD-003593,2025-08-23,CDMX-02,Centro,Tienda,Oficina,Organizador de escritorio,6,297.13,0.05,104.33,Nuevo,Tarjeta,False,1.0
ORD-002066,2025-06-06,PUE-01,Centro,Tienda,Oficina,Silla ergonómica,1,2873.42,0.1,1795.34,Nuevo,Efectivo,False,3.0
ORD-003145,2025-01-22,CAN-01,Sureste,Tienda,Electrónica,Teclado mecánico,1,1184.36,0.3,726.25,Empresa,Efectivo,False,4.0
ORD-001007,2025-09-06,CHH-01,Norte,Tienda,Oficina,Organizador de escritorio,5,288.77,0.15,106.89,Nuevo,Tarjeta,False,3.0
ORD-000291,2025-06-30,MER-01,Sureste,Tienda,Electrónica,Monitor 24 pulgadas,3,3317.57,0.15,2346.39,Nuevo,Efectivo,False,2.0
ORD-002715,2025-11-29,CDMX-01,Centro,Tienda,Oficina,Organizador de escritorio,1,314.0,0.05,104.69,Recurrente,Tarjeta,False,5.0
ORD-002663,2025-04-25,MTY-01,Norte,Tienda,Deportes,Mochila deportiva,3,726.54,0.0,341.35,Recurrente,Tarjeta,False,3.0
ORD-001485,2025-04-28,ZAP-01,Occidente,Tienda,Electrónica,Monitor 24 pulgadas,1,3238.0,0.1,2232.81,Recurrente,Tarjeta,False,4.0
ORD-002467,2025-08-29,CDMX-02,Centro,Online,Hogar,Cafetera programable,2,1478.01,0.05,869.36,Nuevo,Efectivo,False,5.0
ORD-001023,2025-01-07,CDMX-01,Centro,Tienda,Oficina,Lámpara LED,5,581.1,0.15,237.6,Recurrente,Efectivo,False,5.0
ORD-002519,2025-01-02,MTY-01,Norte,Tienda,Deportes,Tapete de yoga,2,405.8,0.0,163.78,Recurrente,Efectivo,False,5.0
ORD-001734,2025-07-01,MTY-02,Norte,Tienda,Deportes,Tapete de yoga,2,404.72,0.1,157.9,Empresa,Transferencia,False,5.0
ORD-000015,2025-03-23,GDL-02,Occidente,Online,Deportes,Mochila deportiva,2,728.05,0.0,342.37,Nuevo,Efectivo,False,5.0
ORD-001447,2025-05-13,CHH-01,Norte,Tienda,Electrónica,Audífonos Bluetooth,3,694.38,0.0,386.49,Nuevo,Tarjeta,True,4.0
ORD-002982,2025-06-02,ZAP-01,Occidente,Tienda,Hogar,Licuadora,1,980.56,0.3,554.45,Recurrente,Efectivo,False,3.0
ORD-001025,2025-09-02,VER-01,Golfo,Tienda,Electrónica,Monitor 24 pulgadas,4,3441.84,0.1,2299.38,Recurrente,Efectivo,False,3.0
ORD-002055,2025-02-28,MTY-02,Norte,Tienda,Hogar,Licuadora,3,1046.6,0.0,567.3,Nuevo,Tarjeta,False,
ORD-001474,2025-02-11,VER-01,Golfo,Tienda,Hogar,Cafetera programable,2,1477.75,0.2,870.78,Recurrente,Tarjeta,False,5.0
ORD-000055,2025-04-22,GDL-02,Occidente,Tienda,Oficina,Silla ergonómica,4,2854.47,0.15,1860.89,Recurrente,Transferencia,True,4.0
ORD-000070,2025-10-22,GDL-01,Occidente,Online,Electrónica,Monitor 24 pulgadas,3,3401.12,0.2,2254.04,Nuevo,Transferencia,False,4.0
ORD-001256,2025-03-15,ZAP-01,Occidente,Tienda,Oficina,Lámpara LED,3,532.8,0.1,236.58,Recurrente,Efectivo,False,5.0
ORD-002107,2025-08-13,MTY-02,Norte,Online,Electrónica,Audífonos Bluetooth,3,669.75,0.15,397.98,Nuevo,Transferencia,False,4.0
ORD-001830,2025-10-22,CAN-01,Sureste,Online,Deportes,Mochila deportiva,1,742.14,0.0,343.78,Recurrente,Tarjeta,False,4.0
ORD-000666,2025-12-01,CDMX-02,Centro,Tienda,Deportes,Mancuernas 10 kg,3,969.5,0.0,527.37,Recurrente,Tarjeta,False,4.0
ORD-000018,2025-01-03,MTY-02,Norte,Tienda,Electrónica,Monitor 24 pulgadas,2,3325.27,0.2,2328.95,Nuevo,Tarjeta,False,4.0
ORD-002783,2025-12-23,CHH-01,Norte,Tienda,Oficina,Silla ergonómica,4,3130.03,0.0,1835.81,Nuevo,Efectivo,False,4.0
ORD-000888,2025-11-24,CAN-01,Sureste,Tienda,Hogar,Juego de sábanas,3,731.35,0.0,313.71,Recurrente,Tarjeta,False,2.0
ORD-001189,2025-10-19,CDMX-02,Centro,Online,Deportes,Tapete de yoga,1,406.25,0.2,160.69,Recurrente,Tarjeta,True,2.0
ORD-001413,2025-01-27,PUE-01,Centro,Online,Oficina,Organizador de escritorio,1,280.83,0.0,105.09,Recurrente,Tarjeta,False,5.0
ORD-003019,2025-06-05,VER-01,Golfo,Online,Deportes,Mochila deportiva,1,772.25,0.0,348.19,Nuevo,Efectivo,False,3.0
ORD-002810,2025-03-10,MTY-01,Norte,Online,Oficina,Organizador de escritorio,1,290.2,0.0,104.05,Nuevo,Tarjeta,False,3.0
ORD-000095,2025-11-19,GDL-01,Occidente,Online,Deportes,Mochila deportiva,4,844.97,0.1,347.1,Recurrente,Tarjeta,False,5.0
ORD-001350,2025-07-05,CHH-01,Norte,Online,Electrónica,Monitor 24 pulgadas,5,3323.89,0.0,2357.03,Recurrente,Efectivo,False,3.0
ORD-000514,2025-03-14,CDMX-01,Centro,Tienda,Hogar,Juego de sábanas,3,636.24,0.0,308.65,Recurrente,Efectivo,False,5.0
ORD-003227,2025-12-24,GDL-02,Occidente,Online,Deportes,Mochila deportiva,2,825.32,0.2,329.56,Nuevo,Tarjeta,False,4.0
ORD-001113,2025-05-22,GDL-01,Occidente,Tienda,Electrónica,Audífonos Bluetooth,1,714.22,0.0,384.93,Recurrente,Efectivo,False,5.0
ORD-000340,2025-06-07,CHH-01,Norte,Online,Electrónica,Teclado mecánico,1,1193.92,0.0,733.07,Recurrente,Efectivo,False,4.0
ORD-001280,2025-10-22,VER-01,Golfo,Tienda,Hogar,Juego de sábanas,1,648.41,0.0,312.23,Recurrente,Tarjeta,True,4.0
ORD-003231,2025-11-17,MER-01,Sureste,Tienda,Oficina,Lámpara LED,3,609.81,0.0,238.78,Recurrente,Tarjeta,False,4.0
ORD-003003,2025-04-07,MER-01,Sureste,Tienda,Deportes,Mancuernas 10 kg,1,884.81,0.1,522.61,Recurrente,Efectivo,False,5.0
ORD-003012,2025-10-13,MTY-01,Norte,Online,Oficina,Lámpara LED,1,544.94,0.15,245.35,Nuevo,Tarjeta,False,4.0
ORD-001407,2025-01-22,CAN-01,Sureste,Tienda,Electrónica,Audífonos Bluetooth,1,688.88,0.0,395.49,Recurrente,Tarjeta,False,2.0
ORD-001202,2025-11-29,ZAP-01,Occidente,Online,Oficina,Organizador de escritorio,2,304.84,0.05,104.4,Recurrente,Tarjeta,True,5.0
ORD-002637,2025-07-09,ZAP-01,Occidente,Online,Deportes,Mancuernas 10 kg,2,901.28,0.0,504.41,Nuevo,Tarjeta,True,4.0
ORD-002977,2025-04-17,MTY-02,Norte,Tienda,Electrónica,Audífonos Bluetooth,2,715.57,0.0,385.48,Recurrente,Tarjeta,False,5.0
ORD-002973,2025-04-28,MTY-01,Norte,Online,Electrónica,Audífonos Bluetooth,1,679.43,0.3,387.62,Nuevo,Transferencia,False,3.0
ORD-000516,2025-06-07,GDL-02,Occidente,Tienda,Oficina,Organizador de escritorio,1,281.58,0.15,103.17,Nuevo,Tarjeta,False,4.0
ORD-000389,2025-11-21,CDMX-02,Centro,Tienda,Deportes,Tapete de yoga,1,427.15,0.0,163.31,Nuevo,Tarjeta,False,1.0
ORD-000671,2025-03-03,MTY-01,Norte,Online,Oficina,Organizador de escritorio,5,287.48,0.0,104.1,Recurrente,Efectivo,False,5.0
ORD-001411,2025-12-27,MTY-01,Norte,Online,Electrónica,Teclado mecánico,3,1382.63,0.1,702.55,Nuevo,Tarjeta,False,5.0
ORD-000911,2025-08-23,CDMX-02,Centro,Tienda,Deportes,Mochila deportiva,1,791.52,0.1,337.0,Recurrente,Efectivo,False,5.0
ORD-003390,2025-10-10,GDL-02,Occidente,Tienda,Deportes,Mochila deportiva,1,736.77,0.15,345.78,Recurrente,Tarjeta,False,2.0
ORD-000755,2025-05-27,ZAP-01,Occidente,Online,Electrónica,Teclado mecánico,1,1226.36,0.0,730.54,Empresa,Efectivo,False,5.0
ORD-001384,2025-06-10,GDL-01,Occidente,Online,Oficina,Silla ergonómica,1,2827.59,0.0,1767.12,Recurrente,Transferencia,False,4.0
ORD-002440,2025-01-21,ZAP-01,Occidente,Tienda,Hogar,Juego de sábanas,2,623.67,0.1,304.5,Recurrente,Tarjeta,True,4.0
ORD-001092,2025-02-25,GDL-01,Occidente,Tienda,Electrónica,Monitor 24 pulgadas,5,3280.45,0.2,2369.77,Recurrente,Tarjeta,False,5.0
ORD-003400,2025-01-30,CHH-01,Norte,Tienda,Electrónica,Teclado mecánico,1,1171.82,0.2,706.2,Recurrente,Efectivo,False,4.0
ORD-000057,2025-06-29,VER-01,Golfo,Tienda,Deportes,Tapete de yoga,2,396.16,0.15,165.43,Nuevo,Efectivo,True,5.0
ORD-000833,2025-12-11,CAN-01,Sureste,Online,Oficina,Silla ergonómica,3,3122.41,0.0,1876.6,Recurrente,Transferencia,False,4.0
ORD-003273,2025-11-11,CDMX-02,Centro,Tienda,Oficina,Lámpara LED,2,586.04,0.2,238.38,Empresa,Tarjeta,False,5.0
ORD-001066,2025-04-20,CDMX-01,Centro,Tienda,Electrónica,Audífonos Bluetooth,3,696.97,0.15,386.42,Recurrente,Efectivo,False,4.0
ORD-001695,2025-07-30,GDL-01,Occidente,Tienda,Oficina,Organizador de escritorio,2,286.44,0.1,103.53,Nuevo,Efectivo,True,5.0
ORD-003472,2025-09-27,GDL-02,Occidente,Online,Deportes,Tapete de yoga,2,391.06,0.15,162.81,Recurrente,Tarjeta,False,4.0
ORD-001360,2025-07-26,MTY-01,Norte,Tienda,Deportes,Tapete de yoga,3,409.36,0.0,159.64,Recurrente,Efectivo,False,4.0
ORD-000056,2025-10-21,VER-01,Golfo,Online,Electrónica,Audífonos Bluetooth,2,706.16,0.2,388.74,Empresa,Efectivo,True,2.0
ORD-001668,2025-01-20,VER-01,Golfo,Tienda,Hogar,Juego de sábanas,2,645.03,0.05,304.93,Recurrente,Tarjeta,False,5.0
ORD-002739,2025-02-07,GDL-01,Occidente,Online,Oficina,Lámpara LED,1,536.61,0.2,239.76,Recurrente,Tarjeta,False,4.0
ORD-002534,2025-10-06,CDMX-01,Centro,Tienda,Electrónica,Teclado mecánico,2,1186.66,0.05,728.5,Nuevo,Efectivo,False,2.0
ORD-001663,2025-10-04,MTY-01,Norte,Tienda,Hogar,Juego de sábanas,2,628.75,0.15,309.19,Recurrente,Tarjeta,False,5.0
ORD-002053,2025-08-27,PUE-01,Centro,Online,Oficina,Lámpara LED,1,535.88,0.1,233.89,Empresa,Tarjeta,False,5.0
ORD-000100,2025-03-01,CDMX-01,Centro,Online,Hogar,Licuadora,1,963.85,1.25,555.18,Recurrente,Tarjeta,False,5.0
ORD-003179,2025-10-30,MTY-02,Norte,Online,Hogar,Juego de sábanas,3,638.37,0.1,313.61,Nuevo,Tarjeta,False,4.0
ORD-001754,2025-05-19,VER-01,Golfo,Online,Oficina,Lámpara LED,1,544.29,0.2,244.85,Nuevo,Tarjeta,False,5.0
ORD-003501,2025-02-06,CDMX-02,Centro,Tienda,Electrónica,Monitor 24 pulgadas,2,3289.56,0.15,2335.31,Recurrente,Tarjeta,False,4.0
ORD-002931,2025-05-26,MTY-02,Norte,Online,Oficina,Silla ergonómica,3,2987.99,0.1,1820.81,Recurrente,Tarjeta,False,4.0
ORD-002068,2025-10-30,MER-01,Sureste,Online,Oficina,Lámpara LED,1,540.48,0.0,239.25,Recurrente,Tarjeta,False,3.0
ORD-002316,2025-10-27,PUE-01,Centro,Tienda,Hogar,Juego de sábanas,3,638.18,0.05,304.58,Recurrente,Efectivo,False,4.0
ORD-000591,2025-11-02,MTY-02,Norte,Tienda,Oficina,Silla ergonómica,1,3071.83,0.05,1804.56,Recurrente,Transferencia,False,3.0
ORD-000622,2025-11-03,CDMX-02,Centro,Tienda,Oficina,Silla ergonómica,4,3172.24,0.05,1793.56,Nuevo,Efectivo,False,5.0
ORD-002251,2025-04-28,MER-01,Sureste,Online,Deportes,Mochila deportiva,2,785.18,0.0,344.35,Recurrente,Efectivo,False,5.0
ORD-002837,2025-06-17,CDMX-02,Centro,Online,Deportes,Mancuernas 10 kg,1,909.04,0.1,513.93,Recurrente,Tarjeta,True,2.0
ORD-001670,2025-09-30,CDMX-01,Centro,Tienda,Oficina,Organizador de escritorio,2,273.56,0.0,104.04,Recurrente,Efectivo,False,2.0
ORD-003307,2025-08-11,CAN-01,Sureste,Tienda,Deportes,Tapete de yoga,2,394.11,0.0,160.43,Recurrente,Tarjeta,True,3.0
ORD-003232,2025-03-10,CHH-01,Norte,Tienda,Hogar,Cafetera programable,2,1486.23,0.3,864.23,Recurrente,Efectivo,False,3.0
ORD-003216,2025-02-16,CDMX-01,Centro,Online,Deportes,Tapete de yoga,1,368.83,0.0,163.36,Nuevo,Tarjeta,True,5.0
ORD-001741,2025-06-29,VER-01,Golfo,Tienda,Deportes,Mochila deportiva,1,758.45,0.0,349.6,Recurrente,Tarjeta,False,4.0
ORD-000342,2025-05-04,MER-01,Sureste,Tienda,Oficina,Lámpara LED,2,555.97,0.2,235.82,Recurrente,Tarjeta,False,4.0
ORD-002807,2025-03-12,CDMX-02,Centro,Tienda,Deportes,Mochila deportiva,2,749.76,0.1,338.82,Nuevo,Efectivo,False,5.0
ORD-000096,2025-03-09,MTY-02,Norte,Tienda,Deportes,Mancuernas 10 kg,2,871.39,0.0,522.85,Recurrente,Tarjeta,False,4.0
ORD-001779,2025-02-22,MTY-01,Norte,Tienda,Hogar,Licuadora,3,990.66,0.0,561.19,Nuevo,Transferencia,False,4.0
ORD-001775,2025-01-17,CDMX-01,Centro,Tienda,Electrónica,Teclado mecánico,1,1161.12,0.0,723.51,Empresa,Transferencia,False,3.0
ORD-003347,2025-10-06,MER-01,Sureste,Tienda,Electrónica,Monitor 24 pulgadas,3,3154.68,0.2,2306.44,Nuevo,Tarjeta,False,4.0
ORD-002015,2025-12-30,MER-01,Sureste,Tienda,Hogar,Juego de sábanas,1,723.83,0.15,309.74,Nuevo,Efectivo,False,5.0
ORD-001372,2025-06-16,GDL-01,Occidente,Tienda,Hogar,Licuadora,3,1022.89,0.0,554.26,Nuevo,Transferencia,False,4.0
ORD-003329,2025-02-25,CDMX-01,Centro,Tienda,Hogar,Juego de sábanas,2,689.28,0.2,317.1,Recurrente,Tarjeta,False,5.0
ORD-000937,2025-07-13,CDMX-02,Centro,Online,Deportes,Tapete de yoga,1,414.72,0.15,158.97,Empresa,Efectivo,False,4.0
ORD-001777,2025-08-28,GDL-02,Occidente,Online,Deportes,Tapete de yoga,3,396.12,0.1,159.04,Recurrente,Efectivo,False,4.0
ORD-000829,2025-09-01,ZAP-01,Occidente,Tienda,Deportes,Mochila deportiva,1,764.97,0.15,341.28,Nuevo,Tarjeta,False,2.0
ORD-003114,2025-03-20,GDL-02,Occidente,Online,Electrónica,Teclado mecánico,2,1276.29,0.0,747.43,Nuevo,Efectivo,False,2.0
ORD-001621,2025-02-19,CHH-01,Norte,Tienda,Electrónica,Audífonos Bluetooth,5,731.41,0.3,362.87,Recurrente,Tarjeta,False,5.0
ORD-001622,2025-10-08,GDL-02,Occidente,Tienda,Oficina,Lámpara LED,1,556.52,0.0,242.76,Empresa,Tarjeta,False,5.0
ORD-002913,2025-07-30,ZAP-01,Occidente,Tienda,Oficina,Lámpara LED,1,534.76,0.15,238.77,Empresa,Tarjeta,False,3.0
ORD-003537,2025-11-30,CDMX-01,Centro,Online,Deportes,Tapete de yoga,2,435.65,0.2,159.55,Nuevo,Tarjeta,False,5.0
ORD-001204,2025-04-29,CDMX-01,Centro,Tienda,Oficina,Silla ergonómica,3,2929.35,0.05,1826.14,Recurrente,Transferencia,False,4.0
ORD-003326,2025-06-28,GDL-02,Occidente,Online,Oficina,Lámpara LED,2,549.12,0.1,240.99,Recurrente,Tarjeta,False,3.0
ORD-001421,2025-06-02,CDMX-02,Centro,Tienda,Electrónica,Monitor 24 pulgadas,2,3276.22,0.0,2319.99,Recurrente,Tarjeta,False,5.0
ORD-001674,2025-07-10,MER-01,Sureste,Tienda,Electrónica,Monitor 24 pulgadas,5,3200.84,0.05,2363.73,Empresa,Efectivo,False,5.0
ORD-003515,2025-06-19,MTY-02,Norte,Tienda,Electrónica,Audífonos Bluetooth,1,684.52,0.15,379.76,Nuevo,Tarjeta,False,4.0
ORD-003500,2025-03-12,MTY-02,Norte,Online,Deportes,Mancuernas 10 kg,3,918.38,0.2,516.7,Nuevo,Efectivo,True,5.0
ORD-002162,2025-05-27,CDMX-01,Centro,Tienda,Hogar,Licuadora,1,982.69,0.1,551.69,Nuevo,Efectivo,False,4.0
ORD-002350,2025-01-05,CHH-01,Norte,Tienda,Deportes,Mochila deportiva,2,753.64,0.05,343.7,Recurrente,Tarjeta,True,4.0
ORD-000396,2025-08-03,MTY-02,Norte,Tienda,Hogar,Cafetera programable,3,1485.61,0.1,871.53,Nuevo,Tarjeta,False,5.0
ORD-002843,2025-10-15,CAN-01,Sureste,Tienda,Deportes,Tapete de yoga,3,395.17,0.15,155.64,Nuevo,Efectivo,False,5.0
ORD-001003,2025-08-08,CDMX-02,Centro,Online,Hogar,Juego de sábanas,3,636.83,0.1,314.89,Nuevo,Transferencia,False,5.0
ORD-001867,2025-06-26,GDL-02,Occidente,Online,Deportes,Mochila deportiva,1,768.79,0.05,332.45,Recurrente,Efectivo,False,4.0
ORD-000717,2025-12-15,PUE-01,Centro,Tienda,Electrónica,Teclado mecánico,1,1270.22,0.15,721.9,Recurrente,Tarjeta,False,4.0
ORD-002794,2025-11-12,CHH-01,Norte,Tienda,Deportes,Mochila deportiva,2,784.61,0.0,346.16,Recurrente,Tarjeta,False,3.0
ORD-001720,2025-04-09,CDMX-02,Centro,Tienda,Deportes,Mochila deportiva,4,720.59,0.1,345.34,Recurrente,Tarjeta,False,1.0
ORD-003430,2025-09-17,GDL-02,Occidente,Online,Hogar,Licuadora,1,1008.14,0.0,567.5,Recurrente,Efectivo,False,5.0
ORD-002610,2025-08-02,MTY-02,Norte,Tienda,Hogar,Licuadora,1,993.53,0.0,572.44,Nuevo,Efectivo,False,3.0
ORD-000544,2025-03-17,VER-01,Golfo,Tienda,Deportes,Mochila deportiva,1,737.37,0.0,341.62,Nuevo,Tarjeta,False,3.0
ORD-003303,2025-01-31,MTY-01,Norte,Tienda,Deportes,Mochila deportiva,2,743.82,0.2,341.32,Recurrente,Efectivo,False,4.0
ORD-001467,2025-03-22,GDL-01,,Tienda,Hogar,Licuadora,3,1004.71,0.0,567.98,Empresa,Tarjeta,False,1.0
ORD-000094,2025-06-14,VER-01,Golfo,Tienda,Hogar,Cafetera programable,1,1493.01,0.0,850.48,Recurrente,Tarjeta,False,1.0
ORD-000037,2025-07-05,MER-01,Sureste,Online,Oficina,Organizador de escritorio,2,290.86,0.2,104.87,Nuevo,Tarjeta,True,2.0
ORD-000527,2025-01-27,MTY-02,Norte,Online,Deportes,Mancuernas 10 kg,1,866.56,0.05,523.96,Recurrente,Tarjeta,False,4.0
ORD-001030,2025-07-24,CDMX-02,Centro,Online,Electrónica,Teclado mecánico,1,1209.46,0.05,704.45,Recurrente,Tarjeta,False,5.0
ORD-001608,2025-05-11,VER-01,Golfo,Tienda,Electrónica,Teclado mecánico,4,1174.82,0.0,720.17,Nuevo,Tarjeta,False,4.0
ORD-000030,2025-05-22,PUE-01,Centro,Tienda,Oficina,Silla ergonómica,1,2859.36,0.0,1851.86,Nuevo,Tarjeta,False,4.0
ORD-001277,2025-02-28,MTY-02,Norte,Online,Deportes,Mochila deportiva,2,787.1,0.15,340.99,Empresa,Tarjeta,False,5.0
ORD-000098,2025-01-26,CDMX-01,Centro,Tienda,Electrónica,Teclado mecánico,2,1195.24,0.15,710.6,Recurrente,Efectivo,False,2.0
ORD-000079,2025-02-09,MER-01,Sureste,Online,Electrónica,Audífonos Bluetooth,2,677.1,0.0,386.75,Recurrente,Tarjeta,False,5.0
ORD-001843,2025-06-14,GDL-02,Occidente,Tienda,Oficina,Lámpara LED,3,547.95,0.0,235.54,Recurrente,Tarjeta,False,4.0
ORD-003554,2025-01-29,GDL-01,Occidente,Tienda,Hogar,Juego de sábanas,2,663.55,0.15,307.99,Nuevo,Tarjeta,False,5.0
ORD-002247,2025-05-05,ZAP-01,Occidente,Tienda,Hogar,Cafetera programable,3,1469.12,0.0,871.68,Recurrente,Efectivo,False,4.0
ORD-002013,2025-06-14,VER-01,Golfo,Tienda,Hogar,Licuadora,4,1003.35,0.15,561.65,Nuevo,Tarjeta,False,4.0
ORD-001931,2025-08-12,MTY-01,Norte,Online,Oficina,Silla ergonómica,3,2763.84,0.1,1821.46,Recurrente,Tarjeta,False,5.0
ORD-000186,2025-01-31,CDMX-02,Centro,Tienda,Hogar,Juego de sábanas,2,683.95,0.1,301.6,Recurrente,Tarjeta,False,3.0
ORD-003448,2025-11-28,MTY-01,Norte,Online,Hogar,Juego de sábanas,2,713.37,0.15,308.95,Nuevo,Tarjeta,False,3.0
ORD-000559,2025-12-20,MER-01,Sureste,Tienda,Oficina,Organizador de escritorio,3,327.53,0.0,106.92,Recurrente,Tarjeta,False,5.0
ORD-003387,2025-03-07,GDL-01,Occidente,Tienda,Deportes,Mochila deportiva,1,753.55,0.05,340.18,Nuevo,Tarjeta,False,3.0
ORD-003594,2025-01-20,CDMX-02,Centro,Online,Deportes,Mancuernas 10 kg,1,881.44,0.0,521.72,Recurrente,Tarjeta,False,5.0
ORD-001211,2025-02-17,CDMX-01,Centro,Tienda,Electrónica,Teclado mecánico,3,1238.21,0.05,723.52,Recurrente,Tarjeta,True,5.0
ORD-000109,2025-12-23,CDMX-02,Centro,Online,Deportes,Mochila deportiva,2,819.73,0.05,339.58,Nuevo,Efectivo,True,4.0
ORD-002014,2025-03-03,CHH-01,Norte,Tienda,Deportes,Mancuernas 10 kg,4,907.47,0.3,509.55,Nuevo,Tarjeta,False,1.0
ORD-000080,2025-12-19,PUE-01,Centro,Online,Deportes,Mancuernas 10 kg,2,949.91,0.05,500.88,Nuevo,Tarjeta,False,4.0
ORD-001956,2025-04-02,VER-01,Golfo,Online,Oficina,Silla ergonómica,3,2828.97,0.0,1840.21,Nuevo,Transferencia,False,5.0
ORD-000474,2025-05-28,VER-01,Golfo,Online,Hogar,Cafetera programable,1,1541.13,0.05,852.23,Recurrente,Tarjeta,False,3.0
ORD-000446,2025-10-31,CHH-01,Norte,Online,Oficina,Organizador de escritorio,1,289.79,0.0,107.02,Recurrente,Tarjeta,False,4.0
ORD-000661,2025-06-21,CDMX-01,Centro,Tienda,Electrónica,Teclado mecánico,2,1225.52,0.0,711.9,Recurrente,Tarjeta,False,3.0
ORD-003508,2025-12-14,CHH-01,Norte,Tienda,Hogar,Licuadora,1,1100.33,0.0,572.93,Recurrente,Tarjeta,False,4.0
ORD-001855,2025-01-24,PUE-01,Centro,Online,Electrónica,Monitor 24 pulgadas,2,3274.13,0.2,2362.59,Nuevo,Efectivo,False,1.0
ORD-003226,2025-05-29,MTY-01,Norte,Online,Electrónica,Audífonos Bluetooth,3,708.73,0.0,384.37,Nuevo,Tarjeta,False,3.0
ORD-002423,2025-11-24,MTY-02,Norte,Tienda,Hogar,Juego de sábanas,2,700.53,0.1,312.35,Nuevo,Tarjeta,False,4.0
ORD-001078,2025-11-24,MTY-02,Norte,Tienda,Oficina,Lámpara LED,2,613.6,0.1,244.61,Recurrente,Tarjeta,False,5.0
ORD-000233,2025-08-07,GDL-01,Occidente,Tienda,Electrónica,Teclado mecánico,3,1179.63,0.1,716.32,Recurrente,Tarjeta,False,4.0
ORD-003502,2025-02-20,MTY-02,Norte,Online,Electrónica,Audífonos Bluetooth,2,730.85,0.2,386.0,Recurrente,Efectivo,False,4.0
ORD-000132,2025-10-12,CDMX-02,Centro,Online,Electrónica,Audífonos Bluetooth,2,689.81,0.1,393.22,Recurrente,Transferencia,False,3.0
ORD-000081,2025-04-25,CDMX-02,,Tienda,Deportes,Tapete de yoga,4,402.81,0.15,155.95,Recurrente,Efectivo,False,3.0
ORD-001444,2025-08-20,CDMX-01,Centro,Tienda,Oficina,Silla ergonómica,2,2936.61,0.1,1814.12,Recurrente,Transferencia,False,5.0
ORD-003049,2025-09-12,CAN-01,Sureste,Tienda,Electrónica,Teclado mecánico,1,1208.69,0.15,706.76,Recurrente,Tarjeta,False,4.0
ORD-003490,2025-05-29,CAN-01,Sureste,Online,Hogar,Cafetera programable,2,1525.13,0.1,882.82,Nuevo,Efectivo,False,5.0
ORD-001577,2025-01-22,MTY-02,Norte,Tienda,Electrónica,Audífonos Bluetooth,4,727.04,0.1,395.68,Recurrente,Tarjeta,False,5.0
ORD-001772,2025-01-30,CAN-01,Sureste,Tienda,Electrónica,Teclado mecánico,5,1207.29,0.2,731.42,Recurrente,Tarjeta,False,4.0
ORD-002749,2025-09-06,GDL-02,Occidente,Online,Deportes,Tapete de yoga,1,404.89,0.05,155.85,Recurrente,Tarjeta,False,4.0
ORD-001067,2025-07-19,CDMX-02,Centro,Online,Hogar,Cafetera programable,2,1504.15,0.05,881.84,Recurrente,Tarjeta,False,5.0
ORD-002658,2025-06-15,CDMX-01,Centro,Online,Electrónica,Monitor 24 pulgadas,2,3290.69,0.05,2360.38,Nuevo,Tarjeta,False,4.0
ORD-000855,2025-11-30,PUE-01,Centro,Tienda,Oficina,Organizador de escritorio,3,335.84,0.0,105.72,Nuevo,Tarjeta,False,3.0
ORD-001365,2025-12-08,MER-01,Sureste,Tienda,Hogar,Juego de sábanas,4,735.02,0.0,305.96,Nuevo,Tarjeta,False,4.0
ORD-000314,2025-01-31,PUE-01,Centro,Online,Hogar,Licuadora,4,990.45,0.0,554.45,Nuevo,Efectivo,False,4.0
ORD-001144,2025-04-23,MER-01,Sureste,Tienda,Deportes,Mochila deportiva,1,738.68,0.1,338.51,Empresa,Transferencia,False,5.0
ORD-001137,2025-01-23,MER-01,Sureste,Tienda,Deportes,Mochila deportiva,1,760.49,0.1,343.89,Recurrente,Tarjeta,False,5.0
ORD-000628,2025-02-22,GDL-01,Occidente,Tienda,Hogar,Juego de sábanas,5,642.8,0.0,308.61,Recurrente,Tarjeta,False,5.0
ORD-000468,2025-07-26,PUE-01,Centro,Tienda,Oficina,Silla ergonómica,6,2797.4,0.2,1798.17,Nuevo,Tarjeta,False,5.0
ORD-001318,2025-06-08,MTY-02,Norte,Tienda,Electrónica,Monitor 24 pulgadas,1,3373.72,0.2,2328.3,Nuevo,Efectivo,False,4.0
ORD-000346,2025-12-22,CDMX-02,Centro,Tienda,Deportes,Mancuernas 10 kg,1,970.74,0.0,528.95,Recurrente,Tarjeta,False,3.0
ORD-001342,2025-03-12,CDMX-01,Centro,Tienda,Deportes,Tapete de yoga,1,391.56,0.1,157.39,Nuevo,Efectivo,False,1.0
ORD-001863,2025-01-15,VER-01,Golfo,Tienda,Deportes,Tapete de yoga,1,398.58,0.0,161.17,Nuevo,Tarjeta,False,5.0
ORD-003432,2025-07-29,CHH-01,Norte,Online,Hogar,Licuadora,1,1016.14,0.05,556.51,Empresa,Tarjeta,False,5.0
ORD-002699,2025-06-23,CHH-01,Norte,Tienda,Oficina,Lámpara LED,4,539.51,0.05,232.31,Nuevo,Tarjeta,False,5.0
ORD-002536,2025-12-09,CHH-01,Norte,Tienda,Electrónica,Audífonos Bluetooth,3,777.19,0.1,388.58,Recurrente,Tarjeta,False,4.0
ORD-002498,2025-11-25,MER-01,Sureste,Online,Electrónica,Monitor 24 pulgadas,3,3628.91,0.0,2291.28,Nuevo,Transferencia,False,4.0
ORD-002592,2025-06-23,MER-01,Sureste,Tienda,Hogar,Licuadora,2,988.79,0.05,560.95,Nuevo,Tarjeta,False,2.0
ORD-000229,2025-03-30,MTY-02,Norte,Tienda,Electrónica,Teclado mecánico,5,1216.81,0.0,731.13,Recurrente,Tarjeta,False,5.0
ORD-003268,2025-12-10,VER-01,Golfo,Tienda,Hogar,Cafetera programable,1,1608.82,0.1,862.51,Nuevo,Efectivo,False,3.0
ORD-000630,2025-11-24,PUE-01,Centro,Tienda,Electrónica,Audífonos Bluetooth,1,781.93,0.05,388.29,Recurrente,Tarjeta,False,5.0
ORD-000416,2025-03-30,GDL-02,Occidente,Online,Deportes,Tapete de yoga,1,391.93,0.1,159.19,Nuevo,Tarjeta,False,5.0
ORD-002082,2025-05-24,MTY-01,Norte,Tienda,Oficina,Organizador de escritorio,1,284.07,0.05,101.9,Recurrente,Tarjeta,False,4.0
ORD-000900,2025-09-01,VER-01,Golfo,Tienda,Deportes,Mochila deportiva,2,751.7,0.0,330.45,Nuevo,Tarjeta,False,3.0
ORD-001341,2025-03-01,VER-01,Golfo,Tienda,Deportes,Tapete de yoga,1,389.22,0.05,161.59,Recurrente,Transferencia,False,2.0
ORD-002355,2025-01-19,MTY-01,Norte,Tienda,Oficina,Organizador de escritorio,2,291.23,0.0,103.59,Recurrente,Efectivo,False,5.0
ORD-001501,2025-12-05,GDL-01,Occidente,Tienda,Oficina,Organizador de escritorio,4,319.15,0.15,104.02,Recurrente,Tarjeta,False,2.0
ORD-000783,2025-12-25,VER-01,Golfo,Tienda,Electrónica,Teclado mecánico,1,1334.93,0.15,703.44,Recurrente,Tarjeta,False,3.0
ORD-000927,2025-11-20,MTY-02,Norte,Tienda,Hogar,Juego de sábanas,1,697.82,0.0,309.53,Nuevo,Tarjeta,False,4.0
ORD-000938,2025-10-16,CHH-01,Norte,Tienda,Electrónica,Audífonos Bluetooth,4,691.92,0.15,390.49,Nuevo,Tarjeta,False,4.0
ORD-003047,2025-08-18,MER-01,Sureste,Tienda,Deportes,Mancuernas 10 kg,5,922.55,0.0,511.87,Nuevo,Tarjeta,False,4.0
ORD-000981,2025-01-10,PUE-01,Centro,Tienda,Hogar,Licuadora,2,1003.82,0.2,561.41,Empresa,Tarjeta,False,4.0
ORD-001520,2025-02-22,VER-01,Golfo,Tienda,Hogar,Juego de sábanas,2,650.25,0.0,310.91,Nuevo,Tarjeta,False,1.0
ORD-000899,2025-09-11,CDMX-01,Centro,Online,Oficina,Organizador de escritorio,2,289.28,0.0,104.14,Nuevo,Tarjeta,True,1.0
ORD-000211,2025-08-01,PUE-01,Centro,Tienda,Hogar,Juego de sábanas,1,637.54,0.15,311.7,Recurrente,Efectivo,False,
ORD-001559,2025-08-12,ZAP-01,Occidente,Tienda,Electrónica,Audífonos Bluetooth,3,671.7,0.1,379.07,Empresa,Tarjeta,False,5.0
ORD-002208,2025-11-27,CDMX-02,Centro,Tienda,Electrónica,Audífonos Bluetooth,4,782.48,0.1,394.59,Nuevo,Tarjeta,False,5.0
ORD-003107,2025-11-14,CHH-01,Norte,Online,Electrónica,Audífonos Bluetooth,1,748.24,0.0,389.32,Recurrente,Tarjeta,False,4.0
ORD-000809,2025-09-26,ZAP-01,Occidente,Tienda,Electrónica,Teclado mecánico,1,1129.18,0.05,730.72,Nuevo,Tarjeta,False,3.0
ORD-000821,2025-04-30,CHH-01,Norte,Online,Oficina,Lámpara LED,1,559.87,0.1,241.93,Nuevo,Efectivo,False,4.0
ORD-001512,2025-02-09,CDMX-01,Centro,Tienda,Electrónica,Monitor 24 pulgadas,3,3324.2,0.1,2332.03,Recurrente,Tarjeta,True,4.0
ORD-002111,2025-09-26,ZAP-01,Occidente,Online,Hogar,Juego de sábanas,2,665.5,0.1,311.25,Recurrente,Tarjeta,True,5.0
ORD-001152,2025-12-11,ZAP-01,Occidente,Online,Deportes,Mancuernas 10 kg,6,974.53,0.0,526.54,Recurrente,Tarjeta,False,5.0
ORD-000839,2025-09-04,GDL-01,Occidente,Online,Deportes,Tapete de yoga,4,393.05,0.2,154.74,Recurrente,Transferencia,True,2.0
ORD-001526,2025-09-11,CHH-01,Norte,Online,Oficina,Organizador de escritorio,1,295.44,0.2,106.02,Nuevo,Tarjeta,False,4.0
ORD-002593,2025-03-16,GDL-02,Occidente,Online,Hogar,Licuadora,1,978.5,0.1,561.89,Recurrente,Tarjeta,False,3.0
ORD-003589,2025-05-23,CDMX-01,Centro,Online,Deportes,Mochila deportiva,3,746.27,0.15,342.0,Nuevo,Tarjeta,False,5.0
ORD-001300,2025-02-16,MER-01,Sureste,Online,Electrónica,Teclado mecánico,5,1237.29,0.2,725.59,Nuevo,Transferencia,False,4.0
ORD-003100,2025-09-19,CAN-01,Sureste,Tienda,Deportes,Mancuernas 10 kg,3,849.8,0.1,527.35,Nuevo,Tarjeta,False,5.0
ORD-003477,2025-02-19,CAN-01,Sureste,Online,Oficina,Lámpara LED,1,538.11,0.05,242.69,Recurrente,Tarjeta,False,3.0
ORD-003065,2025-01-30,CDMX-02,Centro,Tienda,Oficina,Organizador de escritorio,2,285.22,0.0,103.43,Nuevo,Tarjeta,False,5.0
ORD-003063,2025-11-18,ZAP-01,Occidente,Tienda,Hogar,Cafetera programable,1,1591.67,0.0,880.59,Recurrente,Tarjeta,False,2.0
ORD-000107,2025-07-16,CDMX-02,Centro,Tienda,Deportes,Tapete de yoga,1,410.81,0.0,160.7,Recurrente,Tarjeta,True,5.0
ORD-002119,2025-09-08,CHH-01,Norte,Tienda,Electrónica,Audífonos Bluetooth,4,717.24,0.0,386.72,Recurrente,Transferencia,False,4.0
ORD-002630,2025-12-25,CDMX-01,Centro,Tienda,Electrónica,Teclado mecánico,1,1281.53,0.15,731.8,Nuevo,Efectivo,False,4.0
ORD-003121,2025-09-13,GDL-01,Occidente,Tienda,Electrónica,Teclado mecánico,4,1261.24,0.15,734.4,Empresa,Transferencia,False,5.0
ORD-003241,2025-02-11,MTY-01,Norte,Tienda,Deportes,Mochila deportiva,3,753.99,0.0,339.84,Nuevo,Tarjeta,True,5.0
ORD-002844,2025-03-19,GDL-01,Occidente,Tienda,Deportes,Mancuernas 10 kg,1,891.1,0.0,502.32,Nuevo,Efectivo,False,3.0
ORD-002716,2025-11-11,MER-01,Sureste,Tienda,Hogar,Licuadora,2,1094.47,0.0,568.19,Recurrente,Tarjeta,False,2.0
ORD-001575,2025-06-25,VER-01,Golfo,Tienda,Electrónica,Teclado mecánico,2,1259.25,0.2,722.77,Recurrente,Tarjeta,False,5.0
ORD-002950,2025-08-18,CAN-01,Sureste,Tienda,Hogar,Cafetera programable,3,1489.37,0.05,871.17,Empresa,Transferencia,False,3.0
ORD-001430,2025-07-17,CHH-01,Norte,Tienda,Deportes,Mancuernas 10 kg,1,889.34,0.05,512.81,Nuevo,Tarjeta,False,5.0
ORD-000748,2025-03-05,MER-01,Sureste,Tienda,Electrónica,Teclado mecánico,3,1232.64,0.05,734.13,Nuevo,Efectivo,False,5.0
ORD-002582,2025-10-02,MTY-01,Norte,Online,Oficina,Organizador de escritorio,1,280.5,0.05,106.1,Nuevo,Tarjeta,False,4.0
ORD-001732,2025-11-09,MTY-01,Norte,Tienda,Oficina,Silla ergonómica,1,3251.28,0.2,1821.01,Recurrente,Efectivo,False,3.0
ORD-001764,2025-02-10,GDL-01,Occidente,Tienda,Hogar,Cafetera programable,2,1466.12,0.2,863.22,Nuevo,Transferencia,False,3.0
ORD-001771,2025-08-27,CHH-01,Norte,Tienda,Hogar,Juego de sábanas,2,662.93,0.1,309.48,Recurrente,Transferencia,False,2.0
ORD-003119,2025-06-10,CHH-01,Norte,Online,Oficina,Silla ergonómica,4,2954.73,0.0,1795.04,Recurrente,Tarjeta,False,3.0
ORD-000641,2025-05-03,MTY-01,Norte,Tienda,Electrónica,Monitor 24 pulgadas,1,3334.47,0.1,2374.38,Recurrente,Tarjeta,True,5.0
ORD-000310,2025-07-15,ZAP-01,Occidente,Online,Hogar,Licuadora,4,1013.45,0.1,554.35,Recurrente,Tarjeta,False,3.0
ORD-001111,2025-02-15,CDMX-01,Centro,Tienda,Deportes,Mochila deportiva,1,759.19,0.05,337.38,Recurrente,Efectivo,False,3.0
ORD-002757,2025-10-07,MTY-02,Norte,Tienda,Oficina,Lámpara LED,1,557.39,0.0,240.21,Recurrente,Tarjeta,False,4.0
ORD-000950,2025-11-16,GDL-02,Occidente,Online,Electrónica,Teclado mecánico,2,1321.83,0.05,723.67,Recurrente,Efectivo,False,5.0
ORD-002732,2025-04-05,VER-01,Golfo,Tienda,Deportes,Mancuernas 10 kg,6,886.29,0.15,511.66,Recurrente,Efectivo,False,5.0
ORD-000259,2025-07-30,MER-01,Sureste,Tienda,Electrónica,Teclado mecánico,1,1169.63,0.05,712.54,Recurrente,Tarjeta,True,4.0
ORD-001305,2025-10-21,ZAP-01,Occidente,Tienda,Electrónica,Audífonos Bluetooth,5,695.42,0.15,372.43,Nuevo,Transferencia,False,4.0
ORD-002595,2025-01-12,MER-01,Sureste,Online,Oficina,Silla ergonómica,4,3031.8,0.1,1807.19,Recurrente,Tarjeta,False,2.0
ORD-001519,2025-09-15,MER-01,Sureste,Online,Deportes,Mochila deportiva,2,753.71,0.05,347.67,Recurrente,Tarjeta,False,4.0
ORD-000289,2025-10-17,VER-01,Golfo,Tienda,Oficina,Silla ergonómica,1,2687.17,0.0,1842.24,Recurrente,Tarjeta,False,3.0
ORD-002812,2025-07-04,GDL-02,Occidente,Tienda,Electrónica,Teclado mecánico,1,1240.09,0.15,717.0,Nuevo,Transferencia,False,4.0
ORD-003410,2025-04-03,MTY-02,Norte,Tienda,Hogar,Juego de sábanas,4,662.11,0.15,303.53,Nuevo,Tarjeta,False,5.0
ORD-001666,2025-07-06,VER-01,Golfo,Tienda,Hogar,Juego de sábanas,1,670.01,0.0,309.41,Recurrente,Efectivo,True,4.0
ORD-000009,2025-04-05,VER-01,Golfo,Tienda,Oficina,Lámpara LED,1,564.33,0.05,234.85,Recurrente,Efectivo,False,4.0
ORD-000272,2025-01-05,MER-01,Sureste,Tienda,Oficina,Organizador de escritorio,2,279.04,0.2,105.55,Empresa,Efectivo,False,5.0
ORD-000463,2025-08-02,MTY-02,Norte,Tienda,Deportes,Mancuernas 10 kg,2,963.54,0.1,528.34,Recurrente,Efectivo,False,3.0
ORD-002920,2025-10-30,GDL-02,Occidente,Online,Hogar,Juego de sábanas,1,644.8,0.1,311.26,Nuevo,Transferencia,False,4.0
ORD-002117,2025-07-21,MTY-02,Norte,Online,Deportes,Tapete de yoga,4,405.27,0.0,158.83,Empresa,Tarjeta,False,3.0
ORD-001665,2025-05-24,VER-01,Golfo,Tienda,Electrónica,Teclado mecánico,4,1189.85,0.1,724.17,Empresa,Efectivo,False,5.0
ORD-000587,2025-05-01,GDL-01,Occidente,Online,Deportes,Mochila deportiva,2,753.04,0.05,343.9,Nuevo,Tarjeta,False,5.0
ORD-001296,2025-09-07,CDMX-02,Centro,Online,Deportes,Mochila deportiva,2,803.92,0.0,336.01,Recurrente,Tarjeta,False,5.0
ORD-002490,2025-11-03,PUE-01,Centro,Tienda,Deportes,Tapete de yoga,1,436.7,0.1,163.13,Nuevo,Tarjeta,False,5.0
ORD-003076,2025-04-05,GDL-02,Occidente,Tienda,Electrónica,Teclado mecánico,1,1164.29,0.2,730.61,Recurrente,Tarjeta,False,5.0
ORD-000859,2025-07-02,GDL-01,Occidente,Tienda,Hogar,Juego de sábanas,1,654.69,0.0,311.27,Nuevo,Tarjeta,False,5.0
ORD-000753,2025-11-04,GDL-02,Occidente,Tienda,Electrónica,Audífonos Bluetooth,1,737.38,0.0,387.35,Recurrente,Tarjeta,False,5.0
ORD-003503,2025-06-01,GDL-02,Occidente,Online,Oficina,Silla ergonómica,3,2892.51,0.05,1854.1,Recurrente,Tarjeta,True,1.0
ORD-003088,2025-05-21,ZAP-01,Occidente,Tienda,Oficina,Organizador de escritorio,1,295.36,0.05,105.84,Nuevo,Transferencia,False,5.0
ORD-001517,2025-03-19,CHH-01,Norte,Tienda,Electrónica,Audífonos Bluetooth,1,718.08,0.15,378.17,Recurrente,Transferencia,False,5.0
ORD-002351,2025-11-18,ZAP-01,Occidente,Tienda,Hogar,Cafetera programable,3,1655.17,0.0,866.82,Nuevo,Efectivo,True,3.0
ORD-002155,2025-10-25,GDL-02,Occidente,Tienda,Hogar,Licuadora,4,1021.53,0.2,555.47,Nuevo,Tarjeta,False,5.0
ORD-001156,2025-06-14,PUE-01,Centro,Tienda,Electrónica,Audífonos Bluetooth,4,653.95,0.05,378.78,Empresa,Tarjeta,False,4.0
ORD-002092,2025-05-31,MTY-01,Norte,Online,Deportes,Mancuernas 10 kg,2,931.65,0.1,516.17,Recurrente,Efectivo,False,4.0
ORD-003116,2025-04-08,CDMX-02,Centro,Tienda,Hogar,Juego de sábanas,1,651.64,0.0,309.88,Recurrente,Transferencia,False,4.0
ORD-002577,2025-07-23,GDL-02,Occidente,Tienda,Electrónica,Teclado mecánico,2,1217.54,0.15,717.79,Recurrente,Tarjeta,False,4.0
ORD-001019,2025-06-29,GDL-01,Occidente,Tienda,Hogar,Cafetera programable,4,1565.1,0.3,858.07,Nuevo,Tarjeta,True,5.0
ORD-003010,2025-03-13,PUE-01,Centro,Online,Electrónica,Teclado mecánico,1,1227.66,0.15,714.69,Recurrente,Transferencia,True,5.0
ORD-001548,2025-03-29,PUE-01,Centro,Online,Oficina,Lámpara LED,3,574.55,0.0,234.83,Nuevo,Tarjeta,False,4.0
ORD-000672,2025-09-06,GDL-01,Occidente,Tienda,Oficina,Silla ergonómica,1,2950.68,0.0,1842.27,Nuevo,Tarjeta,False,4.0
ORD-001460,2025-10-22,GDL-01,Occidente,Tienda,Electrónica,Monitor 24 pulgadas,2,3299.86,0.2,2383.91,Empresa,Efectivo,False,2.0
ORD-003378,2025-05-27,MTY-02,Norte,Tienda,Deportes,Mochila deportiva,6,776.35,0.0,340.13,Recurrente,Efectivo,False,4.0
ORD-002143,2025-12-10,GDL-02,Occidente,Tienda,Deportes,Mochila deportiva,2,808.95,0.0,334.52,Recurrente,Tarjeta,False,4.0
ORD-002612,2025-11-10,VER-01,Golfo,Tienda,Oficina,Silla ergonómica,2,3300.72,0.05,1841.2,Recurrente,Efectivo,False,5.0
ORD-001675,2025-08-18,GDL-02,Occidente,Tienda,Deportes,Mochila deportiva,1,765.93,0.2,333.73,Recurrente,Tarjeta,False,4.0
ORD-000405,2025-07-11,GDL-02,Occidente,Online,Hogar,Juego de sábanas,2,629.42,0.05,306.69,Empresa,Tarjeta,True,4.0
ORD-003278,2025-05-03,CDMX-01,Centro,Online,Electrónica,Teclado mecánico,1,1199.67,0.0,734.91,Recurrente,Tarjeta,False,5.0
ORD-003237,2025-08-28,CDMX-02,Centro,Tienda,Deportes,Mochila deportiva,1,728.87,0.0,348.37,Nuevo,Efectivo,False,5.0
ORD-000762,2025-06-14,CAN-01,Sureste,Tienda,Electrónica,Teclado mecánico,2,1208.82,0.1,693.27,Nuevo,Tarjeta,False,5.0
ORD-003299,2025-02-06,GDL-01,Occidente,Online,Deportes,Tapete de yoga,1,414.08,0.15,161.76,Empresa,Efectivo,False,5.0
ORD-001371,2025-11-22,VER-01,Golfo,Online,Oficina,Organizador de escritorio,2,327.7,0.1,106.7,Recurrente,Tarjeta,False,4.0
ORD-001129,2025-01-27,ZAP-01,Occidente,Tienda,Oficina,Organizador de escritorio,3,286.06,0.05,105.89,Empresa,Tarjeta,False,3.0
ORD-000150,2025-12-24,MTY-02,Norte,Tienda,Electrónica,Monitor 24 pulgadas,1,3694.29,0.1,2349.38,Recurrente,Transferencia,False,5.0
ORD-002474,2025-05-08,ZAP-01,Occidente,Tienda,Electrónica,Audífonos Bluetooth,1,744.77,0.0,381.58,Recurrente,Efectivo,False,4.0
ORD-001640,2025-02-09,CHH-01,Norte,Online,Electrónica,Teclado mecánico,1,1198.17,0.05,715.09,Recurrente,Tarjeta,False,3.0
ORD-000269,2025-10-17,MTY-01,Norte,Tienda,Hogar,Juego de sábanas,2,658.05,0.05,311.34,Recurrente,Efectivo,False,5.0
ORD-002552,2025-06-12,MER-01,Sureste,Online,Oficina,Organizador de escritorio,6,295.88,0.1,106.44,Nuevo,Efectivo,False,5.0
ORD-000397,2025-06-16,GDL-01,Occidente,Tienda,Electrónica,Audífonos Bluetooth,2,722.91,0.05,389.63,Recurrente,Efectivo,False,4.0
ORD-000399,2025-07-02,MTY-01,Norte,Online,Deportes,Mancuernas 10 kg,1,923.19,0.0,527.19,Recurrente,Tarjeta,True,4.0
ORD-000714,2025-10-18,GDL-02,Occidente,Online,Electrónica,Monitor 24 pulgadas,2,3250.31,0.0,2327.37,Recurrente,Efectivo,False,5.0
ORD-000062,2025-08-02,PUE-01,Centro,Tienda,Oficina,Lámpara LED,3,536.11,0.2,240.17,Nuevo,Tarjeta,False,5.0
ORD-002194,2025-05-09,VER-01,Golfo,Tienda,Oficina,Organizador de escritorio,2,297.16,0.3,102.23,Nuevo,Efectivo,False,5.0
ORD-000437,2025-05-09,CDMX-02,Centro,Online,Deportes,Tapete de yoga,1,391.12,0.05,159.99,Recurrente,Tarjeta,False,4.0
ORD-000746,2025-08-19,GDL-02,Occidente,Tienda,Hogar,Licuadora,2,993.31,0.15,555.65,Nuevo,Transferencia,False,4.0
ORD-002105,2025-04-14,GDL-01,Occidente,Tienda,Hogar,Licuadora,1,1002.74,0.15,568.47,Empresa,Efectivo,False,2.0
ORD-001379,2025-12-05,MER-01,Sureste,Tienda,Electrónica,Monitor 24 pulgadas,1,3593.2,0.15,2376.48,Nuevo,Efectivo,False,3.0
ORD-000598,2025-09-10,GDL-02,Occidente,Online,Hogar,Juego de sábanas,1,653.01,0.1,307.2,Nuevo,Efectivo,False,5.0
ORD-003371,2025-08-29,ZAP-01,Occidente,Tienda,Oficina,Lámpara LED,2,545.72,0.05,236.99,Recurrente,Efectivo,False,5.0
ORD-002828,2025-10-15,MTY-01,Norte,Tienda,Hogar,Cafetera programable,5,1461.82,0.3,891.01,Recurrente,Tarjeta,False,1.0
ORD-002449,2025-07-04,CDMX-01,Centro,Online,Electrónica,Teclado mecánico,2,1178.73,0.0,710.61,Nuevo,Tarjeta,False,3.0
ORD-001353,2025-02-14,ZAP-01,Occidente,Online,Hogar,Cafetera programable,2,1489.58,0.0,853.31,Recurrente,Efectivo,False,4.0
ORD-000309,2025-11-18,GDL-02,Occidente,Online,Electrónica,Audífonos Bluetooth,1,824.21,0.0,393.39,Nuevo,Tarjeta,False,5.0
ORD-001091,2025-11-21,CDMX-01,Centro,Tienda,Oficina,Organizador de escritorio,2,321.88,0.0,107.17,Empresa,Efectivo,False,2.0
ORD-001135,2025-05-06,CDMX-01,Centro,Tienda,Deportes,Mochila deportiva,4,770.96,0.0,338.01,Empresa,Efectivo,False,4.0
ORD-002058,2025-03-26,CAN-01,Sureste,Online,Oficina,Organizador de escritorio,1,297.22,0.3,103.57,Recurrente,Tarjeta,False,3.0
ORD-001994,2025-05-06,GDL-02,Occidente,Online,Oficina,Lámpara LED,1,523.02,0.05,242.06,Recurrente,Tarjeta,False,5.0
ORD-000845,2025-02-13,GDL-01,Occidente,Online,Electrónica,Audífonos Bluetooth,1,678.05,0.0,377.7,Nuevo,Tarjeta,False,4.0
ORD-000638,2025-09-30,CDMX-01,Centro,Tienda,Electrónica,Audífonos Bluetooth,1,686.42,0.2,390.0,Recurrente,Efectivo,False,4.0
ORD-002469,2025-02-28,MTY-01,Norte,Online,Oficina,Silla ergonómica,1,3004.27,0.3,1833.63,Recurrente,Tarjeta,False,4.0
ORD-001481,2025-10-06,MER-01,Sureste,Tienda,Oficina,Silla ergonómica,3,2978.35,0.0,1810.03,Recurrente,Tarjeta,False,3.0
ORD-001762,2025-07-10,ZAP-01,Occidente,Tienda,Oficina,Organizador de escritorio,6,280.28,0.0,104.1,Nuevo,Efectivo,False,3.0
ORD-001375,2025-10-14,MER-01,Sureste,Tienda,Deportes,Mancuernas 10 kg,3,891.26,0.15,519.01,Recurrente,Tarjeta,False,5.0
ORD-003293,2025-07-16,PUE-01,Centro,Tienda,Deportes,Tapete de yoga,1,409.0,0.05,158.39,Recurrente,Efectivo,False,5.0
ORD-002136,2025-07-29,CDMX-02,Centro,Online,Oficina,Lámpara LED,1,543.11,0.0,237.85,Nuevo,Tarjeta,False,5.0
ORD-002257,2025-11-10,MTY-01,Norte,Tienda,Hogar,Cafetera programable,1,1648.11,0.05,888.49,Recurrente,Transferencia,False,5.0
ORD-001973,2025-12-09,CDMX-01,Centro,Online,Deportes,Mochila deportiva,4,836.29,0.3,333.17,Nuevo,Efectivo,False,5.0
ORD-003382,2025-07-22,CAN-01,Sureste,Online,Deportes,Tapete de yoga,1,395.37,0.2,159.2,Recurrente,Tarjeta,False,4.0
ORD-001282,2025-10-13,CDMX-02,Centro,Tienda,Deportes,Mochila deportiva,3,759.51,0.0,339.52,Empresa,Transferencia,False,3.0
ORD-000274,2025-07-08,CHH-01,Norte,Tienda,Deportes,Tapete de yoga,3,386.13,0.15,160.2,Recurrente,Tarjeta,False,1.0
ORD-001193,2025-01-12,ZAP-01,Occidente,Online,Electrónica,Audífonos Bluetooth,1,709.06,0.1,377.05,Recurrente,Tarjeta,False,4.0
ORD-002998,2025-10-22,MTY-01,Norte,Tienda,Oficina,Silla ergonómica,4,3000.71,0.0,1847.92,Recurrente,Efectivo,False,5.0
ORD-001009,2025-11-07,GDL-02,Occidente,Online,Electrónica,Audífonos Bluetooth,5,736.21,0.1,398.91,Recurrente,Tarjeta,False,5.0
ORD-000970,2025-09-18,CDMX-01,Centro,Online,Deportes,Mochila deportiva,1,784.79,0.0,341.41,Recurrente,Efectivo,False,2.0
ORD-002311,2025-05-02,MTY-02,Norte,Tienda,Oficina,Lámpara LED,6,520.36,0.05,238.73,Recurrente,Tarjeta,False,3.0
ORD-001397,2025-06-21,PUE-01,Centro,Tienda,Hogar,Juego de sábanas,1,663.11,0.0,310.9,Recurrente,Tarjeta,False,5.0
ORD-003468,2025-03-12,MTY-01,Norte,Tienda,Electrónica,Teclado mecánico,4,1206.81,0.1,716.08,Nuevo,Efectivo,False,5.0
ORD-003180,2025-04-21,ZAP-01,Occidente,Tienda,Hogar,Juego de sábanas,1,662.02,0.0,306.14,Nuevo,Tarjeta,False,2.0
ORD-000303,2025-07-06,VER-01,Golfo,Tienda,Electrónica,Audífonos Bluetooth,1,730.7,0.05,381.2,Nuevo,Tarjeta,False,3.0
ORD-003033,2025-11-23,PUE-01,Centro,Online,Hogar,Cafetera programable,1,1596.95,0.2,871.09,Nuevo,Tarjeta,False,4.0
ORD-001262,2025-08-10,MTY-02,Norte,Tienda,Electrónica,Audífonos Bluetooth,2,701.64,0.15,379.45,Empresa,Efectivo,False,5.0
ORD-000778,2025-12-24,MTY-02,Norte,Tienda,Hogar,Juego de sábanas,2,680.45,0.15,308.31,Empresa,Transferencia,False,2.0
ORD-002937,2025-09-07,CAN-01,Sureste,Online,Oficina,Silla ergonómica,1,2949.95,0.0,1834.16,Recurrente,Tarjeta,False,5.0
ORD-002751,2025-01-26,MTY-01,Norte,Tienda,Deportes,Mochila deportiva,2,707.26,0.2,344.62,Recurrente,Tarjeta,False,3.0
ORD-003473,2025-05-02,CAN-01,Sureste,Online,Electrónica,Monitor 24 pulgadas,5,3207.28,0.1,2346.05,Nuevo,Transferencia,True,5.0
ORD-000752,2025-02-15,CDMX-02,Centro,Tienda,Deportes,Mancuernas 10 kg,1,865.02,0.05,528.48,Nuevo,Tarjeta,False,
ORD-002250,2025-10-23,MTY-01,Norte,Tienda,Oficina,Organizador de escritorio,2,280.55,0.05,105.5,Recurrente,Tarjeta,False,5.0
ORD-000317,2025-12-11,CHH-01,Norte,Tienda,Hogar,Cafetera programable,1,1705.43,0.3,885.93,Recurrente,Tarjeta,False,4.0
ORD-002258,2025-03-21,GDL-02,Occidente,Tienda,Electrónica,Monitor 24 pulgadas,3,3364.46,0.15,2361.67,Nuevo,Tarjeta,False,5.0
ORD-001756,2025-12-22,VER-01,Golfo,Tienda,Hogar,Cafetera programable,5,1607.55,0.15,854.01,Nuevo,Tarjeta,False,4.0
ORD-002547,2025-06-03,CHH-01,Norte,Tienda,Hogar,Cafetera programable,1,1496.33,0.05,865.88,Recurrente,Efectivo,False,4.0
ORD-000517,2025-11-08,VER-01,Golfo,Online,Electrónica,Monitor 24 pulgadas,1,3717.51,0.3,2384.24,Nuevo,Tarjeta,True,5.0
ORD-000655,2025-06-06,MTY-01,Norte,Tienda,Deportes,Tapete de yoga,1,382.85,0.0,161.89,Nuevo,Tarjeta,False,5.0
ORD-002588,2025-12-26,CAN-01,Sureste,Tienda,Hogar,Cafetera programable,1,1710.22,0.1,864.52,Recurrente,Efectivo,False,4.0
ORD-002044,2025-07-15,CHH-01,Norte,Online,Oficina,Lámpara LED,6,520.42,0.0,240.12,Nuevo,Efectivo,False,2.0
ORD-000108,2025-07-11,ZAP-01,Occidente,Online,Hogar,Licuadora,2,1003.71,0.15,548.46,Recurrente,Tarjeta,False,4.0
ORD-003364,2025-07-07,CAN-01,Sureste,Tienda,Oficina,Organizador de escritorio,2,288.51,0.0,103.93,Recurrente,Tarjeta,False,4.0
ORD-000576,2025-01-23,MTY-01,Norte,Tienda,Hogar,Juego de sábanas,2,650.51,0.0,310.33,Recurrente,Tarjeta,False,5.0
ORD-002889,2025-11-01,CDMX-01,Centro,Online,Electrónica,Monitor 24 pulgadas,2,3648.6,0.0,2391.64,Recurrente,Tarjeta,True,3.0
ORD-003127,2025-01-23,MTY-02,Norte,Online,Deportes,Mancuernas 10 kg,2,932.95,0.15,512.88,Nuevo,Tarjeta,False,5.0
ORD-002322,2025-11-13,CDMX-01,Centro,Online,Electrónica,Audífonos Bluetooth,6,796.18,0.0,378.48,Recurrente,Tarjeta,False,3.0
ORD-002288,2025-02-21,PUE-01,Centro,Tienda,Hogar,Juego de sábanas,1,659.42,0.15,306.54,Recurrente,Tarjeta,False,4.0
ORD-000006,2025-04-07,CAN-01,Sureste,Online,Oficina,Lámpara LED,1,536.51,0.1,238.89,Nuevo,Tarjeta,False,3.0
ORD-000372,2025-07-08,VER-01,Golfo,Tienda,Deportes,Mancuernas 10 kg,5,903.56,0.15,531.29,Recurrente,Tarjeta,False,4.0
ORD-001420,2025-11-21,CHH-01,Norte,Tienda,Deportes,Tapete de yoga,2,435.17,0.0,162.88,Recurrente,Tarjeta,False,4.0
ORD-001789,2025-04-08,PUE-01,Centro,Tienda,Oficina,Silla ergonómica,1,2878.21,0.1,1859.53,Recurrente,Tarjeta,False,4.0
ORD-001679,2025-08-11,MTY-02,Norte,Tienda,Electrónica,Monitor 24 pulgadas,1,3310.03,0.1,2371.81,Recurrente,Tarjeta,False,4.0
ORD-001846,2025-06-17,GDL-01,Occidente,Tienda,Oficina,Organizador de escritorio,1,280.24,0.0,104.3,Recurrente,Efectivo,True,5.0
ORD-000249,2025-05-02,CAN-01,Sureste,Tienda,Deportes,Tapete de yoga,1,419.92,0.15,162.19,Recurrente,Transferencia,False,3.0
ORD-002342,2025-05-15,MER-01,Sureste,Tienda,Oficina,Organizador de escritorio,4,281.96,0.1,102.65,Nuevo,Tarjeta,False,2.0
ORD-001828,2025-01-10,PUE-01,Centro,Online,Hogar,Licuadora,5,954.71,0.0,552.18,Nuevo,Transferencia,True,4.0
ORD-000054,2025-05-27,GDL-01,Occidente,Tienda,Deportes,Mancuernas 10 kg,2,909.53,0.05,520.39,Nuevo,Tarjeta,True,5.0
ORD-002825,2025-10-23,GDL-01,Occidente,Online,Oficina,Lámpara LED,1,558.24,0.05,242.44,Empresa,Efectivo,False,4.0
ORD-001785,2025-09-20,PUE-01,Centro,Online,Electrónica,Monitor 24 pulgadas,1,3432.07,0.05,2321.35,Empresa,Tarjeta,False,1.0
ORD-002719,2025-09-30,ZAP-01,Occidente,Tienda,Oficina,Organizador de escritorio,1,292.92,1.25,105.71,Recurrente,Tarjeta,False,4.0
ORD-000138,2025-03-10,GDL-02,Occidente,Tienda,Deportes,Tapete de yoga,3,391.34,0.1,163.84,Nuevo,Tarjeta,False,3.0
ORD-001504,2025-08-29,CDMX-02,Centro,Online,Deportes,Tapete de yoga,2,394.92,0.05,157.23,Recurrente,Efectivo,False,5.0
ORD-002772,2025-07-05,PUE-01,Centro,Online,Electrónica,Teclado mecánico,1,1234.74,0.1,729.98,Nuevo,Tarjeta,False,2.0
ORD-002020,2025-09-28,CDMX-02,Centro,Tienda,Hogar,Licuadora,1,997.2,0.0,562.03,Nuevo,Tarjeta,True,5.0
ORD-000844,2025-08-17,MTY-02,Norte,Tienda,Electrónica,Teclado mecánico,1,1233.0,0.1,728.53,Empresa,Efectivo,False,2.0
ORD-001236,2025-05-08,CDMX-02,Centro,Tienda,Oficina,Silla ergonómica,1,2959.87,0.15,1808.47,Recurrente,Tarjeta,False,1.0
ORD-001299,2025-06-04,MTY-02,Norte,Tienda,Hogar,Licuadora,1,995.48,0.0,551.03,Recurrente,Tarjeta,False,4.0
ORD-001650,2025-05-24,CDMX-02,Centro,Tienda,Oficina,Organizador de escritorio,4,290.85,0.0,107.22,Recurrente,Transferencia,False,2.0
ORD-001064,2025-06-02,CHH-01,Norte,Tienda,Deportes,Tapete de yoga,2,406.97,0.1,162.44,Nuevo,Efectivo,False,4.0
ORD-002359,2025-03-29,PUE-01,Centro,Online,Electrónica,Monitor 24 pulgadas,3,3338.76,0.2,2299.05,Recurrente,Efectivo,False,3.0
ORD-001643,2025-06-26,MTY-02,Norte,Tienda,Oficina,Organizador de escritorio,1,287.49,0.1,105.52,Recurrente,Efectivo,False,1.0
ORD-001510,2025-08-06,MTY-02,Norte,Tienda,Electrónica,Teclado mecánico,2,1210.3,0.1,720.11,Nuevo,Tarjeta,False,3.0
ORD-003062,2025-07-09,CHH-01,Norte,Tienda,Electrónica,Audífonos Bluetooth,1,711.89,0.05,380.97,Nuevo,Tarjeta,False,1.0
ORD-000765,2025-10-18,GDL-02,Occidente,Online,Hogar,Juego de sábanas,1,639.2,0.0,312.7,Recurrente,Efectivo,False,1.0
ORD-001951,2025-02-19,VER-01,Golfo,Tienda,Oficina,Lámpara LED,1,532.38,0.15,244.09,Nuevo,Tarjeta,False,4.0
ORD-002496,2025-04-15,PUE-01,Centro,Tienda,Hogar,Licuadora,1,992.79,0.15,551.44,Recurrente,Tarjeta,False,4.0
ORD-000924,2025-12-02,GDL-02,Occidente,Tienda,Oficina,Silla ergonómica,1,3239.5,0.1,1796.03,Nuevo,Tarjeta,False,5.0
ORD-001445,2025-09-29,CDMX-02,Centro,Tienda,Hogar,Cafetera programable,1,1504.65,0.05,861.97,Nuevo,Tarjeta,False,2.0
ORD-001112,2025-03-29,VER-01,Golfo,Online,Electrónica,Monitor 24 pulgadas,2,3379.57,0.0,2285.72,Recurrente,Transferencia,False,4.0
ORD-002445,2025-07-24,MER-01,Sureste,Tienda,Hogar,Cafetera programable,1,1515.64,0.1,855.17,Nuevo,Efectivo,False,4.0
ORD-001114,2025-12-09,MTY-02,,Tienda,Hogar,Juego de sábanas,2,721.23,0.0,308.52,Nuevo,Transferencia,False,4.0
ORD-001120,2025-08-04,CAN-01,Sureste,Online,Deportes,Tapete de yoga,1,406.38,0.1,160.75,Recurrente,Efectivo,False,3.0
ORD-002343,2025-10-14,GDL-02,Occidente,Tienda,Oficina,Organizador de escritorio,2,300.98,0.05,104.93,Nuevo,Tarjeta,False,4.0
ORD-000500,2025-07-09,CDMX-01,Centro,Tienda,Hogar,Licuadora,3,1005.12,0.05,558.27,Nuevo,Transferencia,False,4.0
ORD-000556,2025-11-07,CAN-01,Sureste,Online,Deportes,Tapete de yoga,2,429.47,0.0,159.63,Nuevo,Efectivo,True,4.0
ORD-001616,2025-01-30,GDL-01,Occidente,Tienda,Deportes,Mochila deportiva,1,738.72,0.15,344.31,Nuevo,Tarjeta,False,1.0
ORD-001926,2025-11-15,CAN-01,Sureste,Tienda,Electrónica,Monitor 24 pulgadas,1,3461.9,0.3,2352.1,Recurrente,Tarjeta,False,5.0
ORD-000907,2025-01-19,PUE-01,Centro,Tienda,Electrónica,Teclado mecánico,2,1164.21,0.05,716.27,Nuevo,Tarjeta,False,4.0
ORD-002829,2025-10-26,VER-01,Golfo,Online,Deportes,Mancuernas 10 kg,1,908.33,0.0,515.38,Recurrente,Efectivo,False,5.0
ORD-000295,2025-09-03,CDMX-02,Centro,Tienda,Electrónica,Audífonos Bluetooth,3,711.52,0.0,386.37,Recurrente,Tarjeta,False,4.0
ORD-000331,2025-11-05,MTY-02,Norte,Online,Electrónica,Audífonos Bluetooth,1,763.0,0.0,380.34,Recurrente,Tarjeta,True,3.0
ORD-003272,2025-01-22,GDL-02,,Tienda,Hogar,Cafetera programable,2,1498.0,0.15,833.56,Recurrente,Tarjeta,False,4.0
ORD-001459,2025-06-16,MER-01,Sureste,Tienda,Deportes,Tapete de yoga,4,404.37,0.05,156.91,Nuevo,Tarjeta,False,5.0
ORD-001195,2025-03-30,CAN-01,Sureste,Online,Hogar,Cafetera programable,3,1482.22,0.1,888.75,Recurrente,Tarjeta,False,5.0
ORD-001805,2025-11-02,CDMX-02,Centro,Tienda,Electrónica,Monitor 24 pulgadas,3,3665.93,0.0,2371.32,Recurrente,Tarjeta,False,5.0
ORD-002007,2025-05-31,PUE-01,Centro,Tienda,Hogar,Juego de sábanas,2,631.55,0.05,315.83,Recurrente,Efectivo,False,4.0
ORD-002764,2025-12-10,CAN-01,Sureste,Online,Electrónica,Monitor 24 pulgadas,4,3575.72,0.1,2263.39,Recurrente,Efectivo,False,4.0
ORD-002089,2025-05-03,CDMX-01,Centro,Online,Hogar,Licuadora,1,985.1,0.0,565.71,Recurrente,Efectivo,False,5.0
ORD-001425,2025-05-13,ZAP-01,Occidente,Online,Hogar,Cafetera programable,4,1527.35,0.05,859.21,Nuevo,Tarjeta,False,5.0
ORD-002713,2025-01-08,GDL-02,Occidente,Tienda,Oficina,Organizador de escritorio,1,280.23,0.1,108.75,Recurrente,Efectivo,False,4.0
ORD-002315,2025-07-29,MTY-02,,Online,Hogar,Juego de sábanas,4,650.43,0.0,305.65,Empresa,Transferencia,False,4.0
ORD-002109,2025-06-06,CDMX-01,Centro,Tienda,Deportes,Mochila deportiva,6,748.76,0.1,341.48,Nuevo,Tarjeta,False,5.0
ORD-000050,2025-10-13,MTY-01,Norte,Tienda,Oficina,Silla ergonómica,2,3054.54,0.1,1801.45,Recurrente,Efectivo,False,3.0
ORD-000728,2025-03-16,MER-01,Sureste,Online,Electrónica,Teclado mecánico,1,1200.56,0.05,710.74,Recurrente,Transferencia,False,5.0
ORD-002741,2025-09-15,PUE-01,Centro,Online,Hogar,Cafetera programable,4,1503.45,0.05,871.75,Recurrente,Transferencia,False,4.0
ORD-001118,2025-05-18,GDL-02,Occidente,Tienda,Deportes,Tapete de yoga,6,411.3,0.15,161.03,Empresa,Efectivo,False,3.0
ORD-002091,2025-03-28,CDMX-01,Centro,Tienda,Oficina,Silla ergonómica,1,3047.71,0.1,1829.49,Nuevo,Transferencia,False,2.0
ORD-002377,2025-07-07,GDL-01,Occidente,Tienda,Deportes,Mancuernas 10 kg,1,905.53,0.0,522.35,Recurrente,Transferencia,False,4.0
ORD-003391,2025-09-08,CDMX-01,Centro,Tienda,Hogar,Juego de sábanas,3,650.16,0.0,306.45,Recurrente,Transferencia,False,4.0
ORD-001600,2025-05-07,VER-01,Golfo,Online,Hogar,Cafetera programable,5,1491.98,0.1,884.39,Recurrente,Tarjeta,False,5.0
ORD-001509,2025-06-07,VER-01,Golfo,Online,Electrónica,Teclado mecánico,1,1153.45,0.1,716.07,Recurrente,Tarjeta,False,5.0
ORD-002446,2025-08-28,CAN-01,Sureste,Tienda,Hogar,Cafetera programable,3,1491.97,0.05,868.2,Nuevo,Transferencia,False,5.0
ORD-001533,2025-04-25,MTY-01,Norte,Tienda,Oficina,Silla ergonómica,2,2990.88,0.0,1817.86,Nuevo,Tarjeta,False,4.0
ORD-000697,2025-01-25,MTY-01,Norte,Tienda,Hogar,Juego de sábanas,2,632.75,0.1,309.89,Nuevo,Tarjeta,False,4.0
ORD-001930,2025-02-19,CAN-01,Sureste,Tienda,Electrónica,Monitor 24 pulgadas,2,3173.44,0.1,2295.98,Recurrente,Tarjeta,False,5.0
ORD-002349,2025-07-17,CAN-01,Sureste,Tienda,Hogar,Cafetera programable,1,1531.46,0.0,882.23,Recurrente,Tarjeta,False,3.0
ORD-003043,2025-02-02,MER-01,Sureste,Tienda,Oficina,Organizador de escritorio,2,289.31,0.1,105.75,Nuevo,Transferencia,False,2.0
ORD-000307,2025-12-05,ZAP-01,Occidente,Tienda,Deportes,Tapete de yoga,4,458.04,0.0,159.47,Recurrente,Tarjeta,False,4.0
ORD-001528,2025-02-07,MER-01,Sureste,Tienda,Deportes,Mochila deportiva,2,733.76,0.0,344.82,Recurrente,Tarjeta,False,5.0
ORD-002787,2025-07-20,MTY-02,Norte,Online,Deportes,Mochila deportiva,1,708.35,0.2,338.97,Nuevo,Tarjeta,False,5.0
ORD-003538,2025-05-22,GDL-01,Occidente,Tienda,Electrónica,Audífonos Bluetooth,2,697.19,0.1,369.72,Recurrente,Tarjeta,False,4.0
ORD-001786,2025-11-05,CAN-01,Sureste,Tienda,Oficina,Lámpara LED,2,593.14,0.1,240.32,Recurrente,Efectivo,False,3.0
ORD-002497,2025-08-12,MER-01,Sureste,Tienda,Electrónica,Monitor 24 pulgadas,3,3337.09,0.2,2332.94,Empresa,Efectivo,False,4.0
ORD-002939,2025-07-25,PUE-01,Centro,Online,Oficina,Lámpara LED,3,534.26,0.0,233.62,Nuevo,Tarjeta,False,5.0
ORD-002314,2025-07-22,MTY-02,Norte,Tienda,Oficina,Lámpara LED,1,587.76,0.1,238.14,Recurrente,Efectivo,False,3.0
ORD-002674,2025-03-21,MTY-02,Norte,Tienda,Oficina,Lámpara LED,5,564.46,0.05,238.85,Recurrente,Tarjeta,False,4.0
ORD-000636,2025-09-01,GDL-01,Occidente,Tienda,Oficina,Organizador de escritorio,2,300.21,0.3,106.94,Recurrente,Transferencia,False,3.0
ORD-000974,2025-06-14,MTY-01,Norte,Tienda,Oficina,Lámpara LED,2,549.7,0.0,239.63,Nuevo,Tarjeta,False,4.0
ORD-002680,2025-03-25,MTY-01,Norte,Online,Oficina,Silla ergonómica,2,2990.68,0.2,1807.9,Recurrente,Tarjeta,False,4.0
ORD-000478,2025-12-24,ZAP-01,Occidente,Tienda,Oficina,Organizador de escritorio,1,321.55,0.1,105.26,Empresa,Tarjeta,True,2.0
ORD-003023,2025-06-30,VER-01,Golfo,Tienda,Electrónica,Teclado mecánico,4,1252.01,0.0,715.23,Empresa,Tarjeta,False,1.0
ORD-000973,2025-09-12,CDMX-02,Centro,Online,Electrónica,Audífonos Bluetooth,1,684.99,0.1,390.33,Recurrente,Tarjeta,False,4.0
ORD-003535,2025-11-20,MER-01,Sureste,Tienda,Deportes,Mancuernas 10 kg,1,1019.38,0.1,530.14,Nuevo,Efectivo,False,5.0
ORD-001368,2025-08-29,GDL-02,Occidente,Tienda,Oficina,Organizador de escritorio,4,280.76,0.0,103.21,Nuevo,Tarjeta,False,5.0
ORD-002725,2025-08-02,MER-01,Sureste,Tienda,Deportes,Mancuernas 10 kg,2,892.22,0.0,528.11,Recurrente,Efectivo,False,5.0
ORD-002093,2025-08-19,CHH-01,Norte,Tienda,Hogar,Cafetera programable,2,1463.25,0.1,894.74,Recurrente,Tarjeta,False,3.0
ORD-001016,2025-11-20,CHH-01,Norte,Tienda,Electrónica,Teclado mecánico,2,1314.69,0.0,731.29,Nuevo,Tarjeta,False,3.0
ORD-000436,2025-01-02,CAN-01,Sureste,Tienda,Deportes,Mancuernas 10 kg,2,903.05,0.0,505.9,Nuevo,Tarjeta,False,3.0
ORD-000077,2025-08-28,GDL-02,Occidente,Tienda,Oficina,Lámpara LED,3,550.11,0.05,237.96,Recurrente,Tarjeta,False,4.0
ORD-002996,2025-12-28,VER-01,Golfo,Online,Oficina,Silla ergonómica,2,3020.2,0.3,1848.4,Recurrente,Tarjeta,False,3.0
ORD-002779,2025-04-13,ZAP-01,Occidente,Online,Hogar,Juego de sábanas,1,635.4,0.0,311.45,Recurrente,Tarjeta,False,4.0
ORD-000654,2025-04-30,CHH-01,Norte,Tienda,Hogar,Cafetera programable,1,1500.65,0.0,863.27,Recurrente,Tarjeta,False,4.0
ORD-003429,2025-04-12,ZAP-01,Occidente,Online,Electrónica,Audífonos Bluetooth,1,712.29,0.15,387.14,Nuevo,Efectivo,False,4.0
ORD-000565,2025-04-05,MER-01,Sureste,Tienda,Electrónica,Monitor 24 pulgadas,4,3314.94,0.0,2311.01,Recurrente,Tarjeta,False,4.0
ORD-000667,2025-06-13,PUE-01,Centro,Tienda,Hogar,Juego de sábanas,5,637.9,0.2,311.17,Nuevo,Efectivo,False,4.0
ORD-000863,2025-06-06,MTY-02,Norte,Tienda,Electrónica,Monitor 24 pulgadas,2,3317.57,0.1,2354.2,Recurrente,Tarjeta,False,4.0
ORD-001819,2025-05-13,CDMX-01,Centro,Tienda,Oficina,Organizador de escritorio,2,289.53,0.3,105.2,Recurrente,Efectivo,False,5.0
ORD-001860,2025-05-31,MTY-02,Norte,Tienda,Deportes,Mochila deportiva,1,750.47,0.1,344.72,Nuevo,Tarjeta,False,5.0
ORD-002347,2025-09-12,MER-01,Sureste,Online,Electrónica,Monitor 24 pulgadas,4,3321.0,0.05,2377.72,Recurrente,Transferencia,False,5.0
ORD-001483,2025-11-20,MTY-02,Norte,Online,Electrónica,Teclado mecánico,1,1371.49,0.0,724.65,Recurrente,Tarjeta,False,3.0
ORD-001744,2025-03-18,VER-01,Golfo,Tienda,Hogar,Cafetera programable,1,1508.88,0.1,863.78,Recurrente,Tarjeta,False,5.0
ORD-003481,2025-09-28,GDL-01,Occidente,Tienda,Oficina,Lámpara LED,2,538.37,0.0,237.48,Recurrente,Tarjeta,False,4.0
ORD-003024,2025-12-07,GDL-02,Occidente,Tienda,Hogar,Cafetera programable,2,1649.97,0.0,837.98,Recurrente,Efectivo,False,2.0
ORD-000440,2025-07-30,MTY-02,Norte,Online,Deportes,Mochila deportiva,1,733.99,0.0,338.53,Empresa,Efectivo,False,5.0
ORD-003040,2025-08-30,MTY-01,Norte,Online,Oficina,Lámpara LED,1,554.02,0.05,245.44,Recurrente,Tarjeta,False,2.0
ORD-001209,2025-11-08,VER-01,Golfo,Online,Oficina,Silla ergonómica,1,3152.02,0.15,1841.3,Recurrente,Efectivo,False,3.0
ORD-002112,2025-08-11,CAN-01,Sureste,Tienda,Deportes,Tapete de yoga,5,396.0,0.15,159.71,Nuevo,Tarjeta,False,4.0
ORD-002370,2025-04-18,VER-01,Golfo,Tienda,Electrónica,Audífonos Bluetooth,1,717.39,0.2,392.03,Nuevo,Tarjeta,False,4.0
ORD-002839,2025-04-01,CDMX-02,Centro,Tienda,Hogar,Cafetera programable,1,1496.92,0.1,875.48,Empresa,Tarjeta,False,3.0
ORD-000002,2025-12-29,CHH-01,Norte,Online,Oficina,Organizador de escritorio,1,324.0,0.05,105.37,Recurrente,Transferencia,False,4.0
ORD-002872,2025-01-27,MTY-02,Norte,Tienda,Electrónica,Monitor 24 pulgadas,3,3352.93,0.3,2397.15,Recurrente,Tarjeta,False,3.0
ORD-001919,2025-04-26,MTY-02,Norte,Online,Oficina,Silla ergonómica,2,2854.35,0.1,1808.8,Nuevo,Efectivo,False,3.0
ORD-002824,2025-07-08,CHH-01,Norte,Tienda,Hogar,Juego de sábanas,4,669.27,0.05,313.23,Recurrente,Efectivo,False,1.0
ORD-000159,2025-04-11,CDMX-01,Centro,Online,Hogar,Cafetera programable,4,1482.06,0.0,876.9,Empresa,Efectivo,False,4.0
ORD-002568,2025-01-10,CDMX-02,Centro,Tienda,Hogar,Juego de sábanas,2,669.83,0.15,312.89,Nuevo,Transferencia,False,5.0
ORD-001624,2025-09-15,MTY-02,Norte,Online,Hogar,Juego de sábanas,1,627.68,0.0,304.16,Recurrente,Tarjeta,False,5.0
ORD-003393,2025-06-18,MTY-02,Norte,Online,Oficina,Lámpara LED,3,559.6,0.0,230.54,Recurrente,Tarjeta,False,3.0
ORD-000092,2025-02-24,CHH-01,Norte,Tienda,Oficina,Organizador de escritorio,3,287.36,0.0,102.1,Recurrente,Tarjeta,False,5.0
ORD-001098,2025-08-25,GDL-02,Occidente,Online,Hogar,Cafetera programable,1,1475.63,0.0,864.2,Recurrente,Transferencia,False,4.0
ORD-000890,2025-02-28,CDMX-02,Centro,Online,Deportes,Mochila deportiva,5,757.29,0.0,344.29,Nuevo,Efectivo,False,5.0
ORD-001498,2025-01-28,CDMX-02,Centro,Tienda,Oficina,Silla ergonómica,1,2883.61,0.2,1840.82,Recurrente,Tarjeta,False,4.0
ORD-000423,2025-12-07,CAN-01,Sureste,Tienda,Deportes,Mancuernas 10 kg,3,1025.36,0.2,506.12,Recurrente,Efectivo,False,5.0
ORD-002774,2025-10-09,PUE-01,Centro,Online,Hogar,Licuadora,4,1003.86,0.05,572.06,Nuevo,Efectivo,False,4.0
ORD-001683,2025-06-22,GDL-02,Occidente,Online,Hogar,Cafetera programable,2,1464.77,0.0,878.62,Nuevo,Tarjeta,False,3.0
ORD-000827,2025-09-09,GDL-01,Occidente,Tienda,Oficina,Silla ergonómica,3,2883.77,0.15,1810.33,Recurrente,Efectivo,False,4.0
ORD-001492,2025-11-05,CDMX-01,Centro,Tienda,Oficina,Silla ergonómica,1,3237.97,0.1,1806.85,Recurrente,Efectivo,False,5.0
ORD-001442,2025-07-17,MTY-02,Norte,Tienda,Oficina,Organizador de escritorio,3,276.12,0.0,107.71,Recurrente,Efectivo,False,3.0
ORD-000535,2025-12-19,ZAP-01,Occidente,Tienda,Oficina,Lámpara LED,1,604.86,0.15,246.39,Recurrente,Tarjeta,False,3.0
ORD-003041,2025-12-11,CDMX-01,Centro,Online,Electrónica,Monitor 24 pulgadas,4,3538.17,0.05,2333.48,Recurrente,Tarjeta,False,5.0
ORD-002148,2025-06-03,CHH-01,Norte,Tienda,Hogar,Licuadora,2,979.15,0.0,572.37,Empresa,Efectivo,False,3.0
ORD-002038,2025-08-29,MTY-01,Norte,Tienda,Oficina,Lámpara LED,2,551.0,0.05,243.49,Nuevo,Tarjeta,False,3.0
ORD-003239,2025-09-01,CHH-01,Norte,Tienda,Electrónica,Audífonos Bluetooth,3,721.68,0.1,373.67,Recurrente,Transferencia,False,4.0
ORD-001443,2025-03-16,CAN-01,Sureste,Tienda,Electrónica,Teclado mecánico,3,1213.41,0.05,736.08,Recurrente,Efectivo,False,5.0
ORD-003286,2025-12-20,GDL-02,Occidente,Tienda,Electrónica,Teclado mecánico,1,1348.04,0.3,713.62,Recurrente,Tarjeta,False,4.0
ORD-001841,2025-04-25,CDMX-02,Centro,Tienda,Deportes,Mochila deportiva,3,721.59,0.1,341.16,Recurrente,Tarjeta,False,5.0
ORD-002430,2025-09-14,MTY-02,Norte,Tienda,Electrónica,Audífonos Bluetooth,4,723.15,0.0,385.48,Nuevo,Tarjeta,True,4.0
ORD-000158,2025-12-28,CHH-01,Norte,Tienda,Oficina,Lámpara LED,2,619.79,0.1,239.38,Recurrente,Efectivo,False,2.0
ORD-000144,2025-06-20,MTY-01,Norte,Online,Hogar,Juego de sábanas,1,651.05,0.05,309.08,Nuevo,Tarjeta,True,4.0
ORD-003518,2025-03-18,MTY-02,Norte,Tienda,Electrónica,Monitor 24 pulgadas,2,3230.81,0.1,2265.76,Recurrente,Tarjeta,False,4.0
ORD-000825,2025-03-20,GDL-01,Occidente,Tienda,Electrónica,Monitor 24 pulgadas,2,3305.71,0.1,2358.17,Recurrente,Tarjeta,False,3.0
ORD-002798,2025-05-25,MTY-02,Norte,Online,Deportes,Mancuernas 10 kg,1,907.45,0.15,515.09,Recurrente,Tarjeta,False,5.0
ORD-002120,2025-02-11,CAN-01,Sureste,Tienda,Deportes,Mochila deportiva,2,748.01,0.1,339.97,Nuevo,Efectivo,False,3.0
ORD-002070,2025-05-18,ZAP-01,Occidente,Tienda,Oficina,Lámpara LED,2,540.39,0.0,242.44,Recurrente,Tarjeta,False,5.0
ORD-000836,2025-04-21,MER-01,Sureste,Tienda,Deportes,Tapete de yoga,1,401.68,0.05,167.47,Recurrente,Tarjeta,False,2.0
ORD-003011,2025-08-12,GDL-01,Occidente,Tienda,Oficina,Organizador de escritorio,5,284.05,0.05,107.48,Recurrente,Efectivo,False,2.0
ORD-003200,2025-06-19,MTY-01,Norte,Tienda,Hogar,Licuadora,4,1046.16,0.0,558.19,Recurrente,Efectivo,False,4.0
ORD-002572,2025-06-11,MTY-02,Norte,Tienda,Hogar,Licuadora,3,996.35,0.0,558.79,Nuevo,Transferencia,False,3.0
ORD-001274,2025-05-01,GDL-01,Occidente,Tienda,Oficina,Lámpara LED,5,546.86,0.3,240.59,Recurrente,Tarjeta,False,4.0
ORD-002047,2025-03-09,MTY-02,Norte,Tienda,Electrónica,Audífonos Bluetooth,1,717.6,0.0,382.25,Nuevo,Transferencia,False,3.0
ORD-000573,2025-12-04,MER-01,Sureste,Online,Oficina,Lámpara LED,1,617.25,0.0,240.65,Recurrente,Tarjeta,False,4.0
ORD-001648,2025-03-12,CAN-01,Sureste,Online,Electrónica,Teclado mecánico,3,1213.82,0.0,722.09,Recurrente,Tarjeta,False,1.0
ORD-000990,2025-01-17,GDL-02,Occidente,Online,Electrónica,Teclado mecánico,1,1215.49,0.0,712.39,Recurrente,Tarjeta,False,5.0
ORD-002773,2025-03-14,GDL-01,Occidente,Tienda,Electrónica,Teclado mecánico,5,1222.35,0.1,730.27,Recurrente,Efectivo,False,5.0
ORD-003137,2025-08-03,MTY-01,Norte,Tienda,Electrónica,Audífonos Bluetooth,1,694.39,0.05,379.51,Empresa,Transferencia,False,5.0
ORD-001950,2025-03-07,CDMX-02,Centro,Tienda,Deportes,Mancuernas 10 kg,2,930.42,0.2,518.19,Recurrente,Tarjeta,False,4.0
ORD-001529,2025-12-22,CAN-01,Sureste,Tienda,Deportes,Tapete de yoga,1,434.16,0.1,164.76,Recurrente,Tarjeta,False,3.0
ORD-000422,2025-12-27,CDMX-02,Centro,Online,Hogar,Juego de sábanas,-1,718.72,0.0,305.34,Nuevo,Tarjeta,False,4.0
ORD-001623,2025-02-23,GDL-02,Occidente,Tienda,Oficina,Silla ergonómica,3,2989.57,0.1,1813.06,Nuevo,Transferencia,False,4.0
ORD-002211,2025-11-04,MTY-02,Norte,Online,Oficina,Organizador de escritorio,3,303.63,0.05,105.39,Nuevo,Tarjeta,False,4.0
ORD-000188,2025-08-16,GDL-01,Occidente,Tienda,Oficina,Lámpara LED,1,553.9,0.2,236.79,Recurrente,Efectivo,False,5.0
ORD-001169,2025-12-13,PUE-01,Centro,Tienda,Hogar,Cafetera programable,2,1615.53,0.1,855.07,Nuevo,Transferencia,False,4.0
ORD-002708,2025-07-04,GDL-01,Occidente,Tienda,Oficina,Silla ergonómica,2,2998.05,0.0,1815.13,Recurrente,Tarjeta,False,5.0
ORD-000359,2025-02-24,MTY-01,Norte,Online,Oficina,Lámpara LED,4,542.5,0.1,239.69,Empresa,Efectivo,False,2.0
ORD-002514,2025-07-01,MER-01,Sureste,Online,Oficina,Silla ergonómica,2,2978.66,0.0,1841.47,Recurrente,Tarjeta,False,5.0
ORD-000102,2025-10-28,CDMX-02,Centro,Online,Deportes,Mochila deportiva,2,766.11,0.0,338.24,Recurrente,Tarjeta,True,5.0
ORD-001588,2025-09-12,GDL-02,Occidente,Tienda,Oficina,Organizador de escritorio,2,299.26,0.0,103.97,Recurrente,Efectivo,True,4.0
ORD-000895,2025-02-27,CDMX-02,Centro,Tienda,Hogar,Licuadora,2,1004.53,0.0,563.5,Nuevo,Efectivo,False,3.0
ORD-002064,2025-07-01,MTY-01,Norte,Tienda,Electrónica,Audífonos Bluetooth,1,704.89,0.05,388.03,Recurrente,Tarjeta,False,3.0
ORD-002596,2025-05-01,CHH-01,Norte,Online,Hogar,Juego de sábanas,1,658.73,0.15,302.98,Nuevo,Tarjeta,False,3.0
ORD-000442,2025-05-31,MTY-02,,Tienda,Hogar,Cafetera programable,5,1510.56,0.1,853.04,Nuevo,Tarjeta,False,1.0
ORD-000790,2025-04-04,MER-01,Sureste,Tienda,Hogar,Cafetera programable,5,1468.89,0.0,858.6,Nuevo,Tarjeta,False,2.0
ORD-000926,2025-01-15,CHH-01,Norte,Tienda,Electrónica,Audífonos Bluetooth,3,707.93,0.3,380.03,Recurrente,Tarjeta,False,4.0
ORD-001108,2025-07-19,CDMX-01,Centro,Tienda,Oficina,Organizador de escritorio,1,288.36,0.0,106.04,Recurrente,Efectivo,False,4.0
ORD-001264,2025-01-12,CDMX-02,Centro,Tienda,Oficina,Silla ergonómica,2,2731.15,0.15,1794.54,Nuevo,Tarjeta,False,3.0
ORD-001005,2025-05-31,GDL-01,Occidente,Online,Deportes,Mancuernas 10 kg,1,909.99,0.2,535.65,Recurrente,Efectivo,True,5.0
ORD-003109,2025-09-25,CDMX-01,Centro,Online,Electrónica,Audífonos Bluetooth,1,705.01,0.0,384.06,Nuevo,Efectivo,False,1.0
ORD-002659,2025-09-04,CAN-01,Sureste,Online,Electrónica,Audífonos Bluetooth,1,686.91,0.15,389.18,Recurrente,Transferencia,False,4.0
ORD-003085,2025-04-11,VER-01,Golfo,Tienda,Oficina,Silla ergonómica,3,2811.46,0.0,1822.23,Recurrente,Efectivo,False,5.0
ORD-002767,2025-04-08,MER-01,Sureste,Online,Oficina,Organizador de escritorio,1,289.78,0.0,102.57,Recurrente,Tarjeta,False,4.0
ORD-001381,2025-08-27,MER-01,Sureste,Tienda,Deportes,Mochila deportiva,1,744.92,0.0,340.08,Nuevo,Tarjeta,False,4.0
ORD-002500,2025-12-31,GDL-01,Occidente,Tienda,Hogar,Cafetera programable,2,1670.03,0.1,865.56,Recurrente,Efectivo,False,4.0
ORD-003453,2025-07-19,CAN-01,Sureste,Online,Hogar,Cafetera programable,2,1485.31,0.1,869.08,Nuevo,Efectivo,False,4.0
ORD-003492,2025-08-05,VER-01,Golfo,Online,Hogar,Licuadora,2,1024.23,0.0,566.76,Nuevo,Tarjeta,False,5.0
ORD-002385,2025-07-30,VER-01,Golfo,Online,Hogar,Juego de sábanas,2,661.73,0.2,310.48,Recurrente,Tarjeta,False,4.0
ORD-000872,2025-09-30,ZAP-01,Occidente,Online,Oficina,Lámpara LED,4,543.84,0.05,239.02,Recurrente,Tarjeta,False,5.0
ORD-002700,2025-10-29,GDL-02,Occidente,Online,Electrónica,Audífonos Bluetooth,2,718.68,0.0,380.25,Recurrente,Efectivo,False,4.0
ORD-000549,2025-03-18,MTY-02,Norte,Online,Deportes,Mochila deportiva,3,768.4,0.1,337.65,Recurrente,Tarjeta,False,5.0
ORD-002033,2025-03-06,CHH-01,Norte,Online,Hogar,Cafetera programable,2,1492.81,0.0,858.05,Recurrente,Tarjeta,False,5.0
ORD-000909,2025-03-13,ZAP-01,Occidente,Online,Hogar,Licuadora,1,1006.58,0.0,550.67,Recurrente,Tarjeta,False,2.0
ORD-000710,2025-11-01,CAN-01,Sureste,Online,Deportes,Tapete de yoga,2,434.86,0.1,157.5,Empresa,Tarjeta,False,5.0
ORD-002521,2025-07-04,CDMX-01,Centro,Online,Electrónica,Audífonos Bluetooth,1,669.67,0.05,394.34,Nuevo,Transferencia,False,4.0
ORD-000256,2025-02-26,CDMX-02,Centro,Tienda,Deportes,Mancuernas 10 kg,1,882.59,0.0,529.09,Recurrente,Efectivo,False,3.0
ORD-001729,2025-12-15,MER-01,Sureste,Online,Hogar,Licuadora,1,1090.15,0.2,560.49,Recurrente,Tarjeta,False,5.0
ORD-000110,2025-02-26,GDL-02,Occidente,Online,Oficina,Lámpara LED,3,517.11,0.2,233.56,Recurrente,Efectivo,False,4.0
ORD-002918,2025-03-18,PUE-01,Centro,Tienda,Hogar,Cafetera programable,1,1446.48,0.1,853.15,Recurrente,Tarjeta,False,5.0
ORD-002149,2025-06-03,MER-01,Sureste,Online,Electrónica,Audífonos Bluetooth,4,673.55,0.05,387.32,Empresa,Transferencia,False,4.0
ORD-002306,2025-09-27,CHH-01,Norte,Online,Deportes,Mancuernas 10 kg,1,879.58,0.2,519.49,Recurrente,Efectivo,False,4.0
ORD-001329,2025-08-20,MER-01,Sureste,Tienda,Oficina,Organizador de escritorio,1,293.01,0.05,103.84,Recurrente,Tarjeta,False,4.0
ORD-001811,2025-08-25,CAN-01,Sureste,Online,Hogar,Licuadora,4,1001.18,0.1,562.37,Recurrente,Efectivo,False,5.0
ORD-003495,2025-04-09,MTY-01,Norte,Tienda,Oficina,Organizador de escritorio,3,291.24,0.05,104.0,Nuevo,Efectivo,False,4.0
ORD-000131,2025-03-06,CDMX-01,Centro,Tienda,Hogar,Cafetera programable,2,1531.62,0.15,862.17,Empresa,Tarjeta,False,3.0
ORD-000507,2025-04-04,CDMX-02,Centro,Tienda,Oficina,Organizador de escritorio,3,280.15,0.0,107.36,Recurrente,Efectivo,False,5.0
ORD-001804,2025-09-17,ZAP-01,Occidente,Online,Deportes,Mancuernas 10 kg,2,914.26,0.15,531.42,Nuevo,Tarjeta,False,4.0
ORD-003021,2025-08-09,CHH-01,Norte,Tienda,Hogar,Cafetera programable,1,1454.61,0.1,863.7,Recurrente,Tarjeta,False,4.0
ORD-000984,2025-04-27,GDL-01,Occidente,Tienda,Deportes,Tapete de yoga,3,417.09,0.1,161.68,Nuevo,Tarjeta,False,5.0
ORD-003598,2025-10-07,GDL-02,Occidente,Tienda,Hogar,Juego de sábanas,1,664.45,0.05,305.7,Empresa,Tarjeta,False,2.0
ORD-002796,2025-01-14,VER-01,Golfo,Online,Oficina,Silla ergonómica,1,3005.25,0.1,1835.27,Nuevo,Tarjeta,False,5.0
ORD-001127,2025-01-25,CDMX-02,Centro,Online,Deportes,Mochila deportiva,6,774.61,0.0,337.35,Nuevo,Transferencia,False,5.0
ORD-003208,2025-02-10,MTY-02,Norte,Online,Deportes,Tapete de yoga,4,404.38,0.1,157.07,Recurrente,Efectivo,True,5.0
ORD-001271,2025-09-05,ZAP-01,Occidente,Tienda,Hogar,Juego de sábanas,3,655.02,0.1,307.4,Nuevo,Tarjeta,False,4.0
ORD-002087,2025-12-20,GDL-01,Occidente,Online,Deportes,Tapete de yoga,5,435.72,0.1,161.38,Nuevo,Tarjeta,True,5.0
ORD-002210,2025-03-22,ZAP-01,Occidente,Tienda,Electrónica,Teclado mecánico,2,1138.41,0.0,722.94,Empresa,Tarjeta,False,4.0
ORD-002471,2025-07-17,MTY-02,Norte,Online,Deportes,Mochila deportiva,4,720.46,0.2,343.06,Nuevo,Tarjeta,False,4.0
ORD-003469,2025-12-29,MER-01,Sureste,Online,Electrónica,Teclado mecánico,1,1333.5,0.15,719.61,Nuevo,Tarjeta,False,4.0
ORD-001619,2025-11-27,MTY-02,Norte,Online,Hogar,Cafetera programable,2,1668.01,0.1,856.87,Nuevo,Efectivo,False,5.0
ORD-002187,2025-03-13,CDMX-01,Centro,Online,Deportes,Tapete de yoga,3,392.34,0.15,156.98,Recurrente,Efectivo,False,4.0
ORD-000253,2025-02-05,PUE-01,Centro,Online,Hogar,Cafetera programable,3,1444.12,0.1,873.71,Recurrente,Tarjeta,False,4.0
ORD-003574,2025-09-03,PUE-01,Centro,Tienda,Hogar,Cafetera programable,4,1449.31,0.1,860.55,Recurrente,Tarjeta,False,3.0
ORD-000419,2025-04-15,MTY-02,Norte,Online,Oficina,Organizador de escritorio,3,286.27,0.0,104.63,Nuevo,Tarjeta,False,4.0
ORD-002820,2025-07-28,VER-01,Golfo,Tienda,Oficina,Silla ergonómica,3,2973.11,0.0,1802.43,Nuevo,Efectivo,False,4.0
ORD-003471,2025-02-15,MTY-02,Norte,Tienda,Deportes,Tapete de yoga,2,398.09,0.05,158.89,Recurrente,Tarjeta,False,4.0
ORD-003466,2025-06-07,CAN-01,Sureste,Online,Hogar,Licuadora,1,1057.3,0.3,561.32,Recurrente,Tarjeta,False,4.0
ORD-002923,2025-10-13,MTY-02,Norte,Tienda,Deportes,Tapete de yoga,2,399.44,0.05,158.42,Nuevo,Efectivo,False,3.0
ORD-000772,2025-09-18,VER-01,Golfo,Tienda,Oficina,Lámpara LED,3,549.34,0.05,240.65,Nuevo,Efectivo,True,5.0
ORD-003225,2025-12-25,MTY-01,Norte,Tienda,Oficina,Lámpara LED,2,577.97,0.0,247.89,Nuevo,Efectivo,False,4.0
ORD-002225,2025-10-07,CDMX-01,Centro,Online,Hogar,Cafetera programable,2,1573.86,0.05,865.92,Nuevo,Tarjeta,False,4.0
ORD-003431,2025-03-26,ZAP-01,Occidente,Tienda,Deportes,Tapete de yoga,1,403.81,0.05,164.72,Recurrente,Tarjeta,False,5.0
ORD-003267,2025-11-12,GDL-02,Occidente,Online,Deportes,Mancuernas 10 kg,6,984.63,0.1,512.18,Recurrente,Tarjeta,False,3.0
ORD-000612,2025-12-08,CDMX-01,Centro,Online,Electrónica,Teclado mecánico,1,1272.89,0.15,719.06,Empresa,Efectivo,False,1.0
ORD-000818,2025-09-24,VER-01,Golfo,Tienda,Electrónica,Audífonos Bluetooth,4,735.94,0.05,371.32,Empresa,Tarjeta,False,5.0
ORD-003454,2025-12-17,CHH-01,Norte,Tienda,Deportes,Mochila deportiva,1,769.74,0.0,335.62,Recurrente,Tarjeta,False,5.0
ORD-002024,2025-07-14,CAN-01,Sureste,Online,Oficina,Silla ergonómica,3,3003.06,0.1,1818.39,Recurrente,Transferencia,False,4.0
ORD-001431,2025-09-28,ZAP-01,Occidente,Tienda,Electrónica,Monitor 24 pulgadas,1,3365.15,0.0,2339.58,Recurrente,Tarjeta,False,4.0
ORD-001230,2025-04-05,VER-01,Golfo,Tienda,Electrónica,Monitor 24 pulgadas,1,3336.56,0.0,2375.88,Empresa,Efectivo,False,3.0
ORD-001406,2025-02-02,CDMX-02,Centro,Tienda,Deportes,Mochila deportiva,2,739.7,0.3,352.48,Recurrente,Tarjeta,False,4.0
ORD-002416,2025-12-23,PUE-01,Centro,Online,Deportes,Mancuernas 10 kg,1,936.51,0.0,509.04,Recurrente,Tarjeta,True,4.0
ORD-001709,2025-05-27,ZAP-01,Occidente,Tienda,Hogar,Juego de sábanas,3,620.92,0.3,308.44,Empresa,Tarjeta,False,5.0
ORD-003105,2025-07-26,CAN-01,Sureste,Tienda,Electrónica,Teclado mecánico,1,1172.43,0.0,722.73,Nuevo,Tarjeta,False,4.0
ORD-001798,2025-07-11,CDMX-01,Centro,Online,Electrónica,Teclado mecánico,2,1206.15,0.05,728.84,Nuevo,Tarjeta,False,3.0
ORD-002971,2025-04-19,GDL-02,Occidente,Tienda,Hogar,Juego de sábanas,5,631.29,0.1,314.34,Recurrente,Efectivo,False,5.0
ORD-001978,2025-09-06,CDMX-01,Centro,Online,Hogar,Cafetera programable,1,1509.4,0.0,884.41,Recurrente,Efectivo,False,4.0
ORD-000410,2025-01-28,VER-01,Golfo,Tienda,Deportes,Tapete de yoga,2,385.49,0.15,160.32,Nuevo,Transferencia,False,4.0
ORD-003491,2025-12-22,CDMX-02,Centro,Tienda,Oficina,Organizador de escritorio,3,321.57,0.0,105.73,Recurrente,Tarjeta,False,4.0
ORD-002565,2025-10-13,VER-01,Golfo,Online,Oficina,Lámpara LED,2,565.12,0.0,241.94,Nuevo,Tarjeta,False,4.0
ORD-000557,2025-10-03,PUE-01,Centro,Tienda,Hogar,Cafetera programable,2,1463.87,0.1,868.65,Empresa,Tarjeta,False,1.0
ORD-002286,2025-11-19,GDL-02,Occidente,Tienda,Oficina,Organizador de escritorio,3,313.89,0.0,108.17,Recurrente,Efectivo,False,5.0
ORD-000486,2025-07-01,MTY-01,Norte,Tienda,Deportes,Mochila deportiva,1,759.41,0.1,332.12,Recurrente,Tarjeta,False,5.0
ORD-003517,2025-10-12,MTY-01,Norte,Online,Oficina,Silla ergonómica,1,2861.48,0.1,1822.88,Nuevo,Tarjeta,False,5.0
ORD-000506,2025-08-11,CHH-01,Norte,Tienda,Electrónica,Monitor 24 pulgadas,2,3466.02,0.0,2333.9,Empresa,Tarjeta,False,4.0
ORD-000943,2025-02-24,MER-01,Sureste,Online,Oficina,Silla ergonómica,1,2909.35,0.1,1812.88,Recurrente,Efectivo,False,2.0
ORD-002086,2025-11-15,CHH-01,Norte,Tienda,Electrónica,Teclado mecánico,3,1326.79,0.05,722.5,Recurrente,Efectivo,False,2.0
ORD-003124,2025-05-18,MER-01,Sureste,Tienda,Hogar,Cafetera programable,1,1524.08,0.05,861.67,Nuevo,Tarjeta,False,5.0
ORD-001927,2025-04-12,CHH-01,Norte,Tienda,Oficina,Organizador de escritorio,2,281.27,0.0,104.72,Recurrente,Efectivo,False,4.0
ORD-001222,2025-03-13,GDL-01,Occidente,Tienda,Oficina,Organizador de escritorio,2,275.16,0.1,102.51,Recurrente,Tarjeta,False,3.0
ORD-002234,2025-05-14,GDL-01,Occidente,Tienda,Electrónica,Teclado mecánico,1,1219.79,0.0,721.98,Recurrente,Tarjeta,False,5.0
ORD-000861,2025-04-08,CAN-01,Sureste,Tienda,Oficina,Silla ergonómica,1,2928.52,0.05,1856.59,Recurrente,Transferencia,False,5.0
ORD-001102,2025-04-14,MTY-01,Norte,Online,Oficina,Silla ergonómica,1,2852.12,0.05,1856.0,Recurrente,Tarjeta,False,4.0
ORD-002083,2025-07-12,CAN-01,Sureste,Tienda,Oficina,Organizador de escritorio,5,292.86,0.0,101.74,Recurrente,Tarjeta,False,5.0
ORD-000067,2025-04-06,PUE-01,Centro,Tienda,Oficina,Lámpara LED,2,565.55,0.1,244.69,Recurrente,Tarjeta,False,5.0
ORD-000763,2025-07-13,ZAP-01,Occidente,Tienda,Hogar,Licuadora,4,1012.16,0.0,574.99,Nuevo,Tarjeta,False,4.0
ORD-002129,2025-09-09,MER-01,Sureste,Online,Electrónica,Monitor 24 pulgadas,3,3280.77,0.05,2392.9,Recurrente,Tarjeta,False,5.0
ORD-002123,2025-02-27,ZAP-01,Occidente,Tienda,Oficina,Lámpara LED,1,562.52,0.15,236.93,Nuevo,Efectivo,False,5.0
ORD-002594,2025-11-28,MER-01,Sureste,Tienda,Hogar,Juego de sábanas,6,756.64,0.1,306.62,Recurrente,Transferencia,False,4.0
ORD-002291,2025-08-11,MTY-02,Norte,Online,Oficina,Silla ergonómica,3,2936.99,0.15,1840.92,Recurrente,Efectivo,False,4.0
ORD-002691,2025-01-20,GDL-01,Occidente,Tienda,Deportes,Mancuernas 10 kg,6,925.69,0.1,519.46,Nuevo,Tarjeta,False,5.0
ORD-001133,2025-06-21,CDMX-02,Centro,Tienda,Oficina,Silla ergonómica,1,2976.87,0.0,1822.76,Nuevo,Efectivo,False,4.0
ORD-003289,2025-01-17,CAN-01,Sureste,Online,Hogar,Cafetera programable,2,1531.14,0.0,863.69,Empresa,Tarjeta,False,3.0
ORD-002598,2025-10-07,CDMX-01,Centro,Tienda,Oficina,Lámpara LED,3,560.57,0.05,233.98,Nuevo,Tarjeta,False,3.0
ORD-000933,2025-11-18,GDL-02,Occidente,Tienda,Deportes,Tapete de yoga,4,434.85,0.15,159.84,Nuevo,Efectivo,False,3.0
ORD-002721,2025-05-29,VER-01,Golfo,Online,Electrónica,Monitor 24 pulgadas,1,3466.37,0.2,2345.51,Recurrente,Tarjeta,False,4.0
ORD-001154,2025-11-22,CAN-01,Sureste,Tienda,Hogar,Cafetera programable,3,1610.09,0.15,877.9,Recurrente,Tarjeta,False,5.0
ORD-003055,2025-12-10,GDL-01,Occidente,Online,Electrónica,Monitor 24 pulgadas,1,3577.13,0.05,2398.37,Empresa,Transferencia,False,5.0
ORD-000258,2025-05-26,GDL-01,Occidente,Online,Deportes,Mancuernas 10 kg,2,905.68,0.0,513.77,Nuevo,Efectivo,False,5.0
ORD-002516,2025-10-23,MTY-01,Norte,Tienda,Hogar,Cafetera programable,3,1480.55,0.05,882.12,Nuevo,Tarjeta,False,4.0
ORD-001281,2025-07-09,CAN-01,Sureste,Online,Hogar,Licuadora,3,976.08,0.15,567.75,Recurrente,Tarjeta,False,4.0
ORD-000656,2025-01-29,MTY-01,Norte,Tienda,Electrónica,Monitor 24 pulgadas,3,3336.32,0.15,2396.85,Recurrente,Transferencia,False,5.0
ORD-002280,2025-12-29,MTY-01,Norte,Tienda,Electrónica,Teclado mecánico,2,1333.94,0.1,723.03,Recurrente,Tarjeta,False,5.0
ORD-001631,2025-07-31,PUE-01,Centro,Tienda,Hogar,Juego de sábanas,1,636.78,0.1,312.37,Nuevo,Efectivo,False,4.0
ORD-001487,2025-05-24,MTY-02,Norte,Tienda,Deportes,Mancuernas 10 kg,1,897.56,0.1,521.07,Recurrente,Tarjeta,False,4.0
ORD-002564,2025-09-21,CHH-01,Norte,Tienda,Electrónica,Monitor 24 pulgadas,3,3330.25,0.0,2342.45,Recurrente,Efectivo,False,5.0
ORD-002694,2025-01-21,MER-01,Sureste,Online,Electrónica,Audífonos Bluetooth,1,685.44,0.05,380.57,Recurrente,Tarjeta,False,3.0
ORD-002212,2025-03-02,PUE-01,Centro,Online,Oficina,Silla ergonómica,2,2815.9,0.0,1829.25,Recurrente,Tarjeta,False,3.0
ORD-001026,2025-10-21,MTY-01,Norte,Online,Electrónica,Monitor 24 pulgadas,1,3204.2,0.1,2418.75,Nuevo,Tarjeta,False,5.0
ORD-001409,2025-12-16,MER-01,Sureste,Tienda,Hogar,Cafetera programable,3,1679.64,0.05,883.73,Recurrente,Tarjeta,False,3.0
ORD-002158,2025-10-22,MTY-02,Norte,Tienda,Hogar,Juego de sábanas,1,634.73,0.05,306.48,Nuevo,Tarjeta,False,3.0
ORD-001749,2025-11-19,ZAP-01,Occidente,Tienda,Deportes,Mochila deportiva,1,836.48,0.15,341.89,Recurrente,Tarjeta,False,3.0
ORD-001174,2025-07-06,MTY-01,Norte,Online,Electrónica,Teclado mecánico,2,1200.68,0.1,720.1,Recurrente,Transferencia,False,4.0
ORD-000380,2025-03-23,MER-01,Sureste,Online,Oficina,Organizador de escritorio,2,296.73,0.15,104.84,Nuevo,Tarjeta,True,5.0
ORD-002842,2025-03-29,GDL-01,Occidente,Tienda,Electrónica,Monitor 24 pulgadas,1,3229.45,0.1,2377.57,Nuevo,Transferencia,False,4.0
ORD-001065,2025-03-29,CAN-01,Sureste,Tienda,Deportes,Tapete de yoga,3,402.15,0.15,161.25,Nuevo,Tarjeta,False,3.0
ORD-001603,2025-12-02,GDL-02,Occidente,Online,Electrónica,Monitor 24 pulgadas,1,3599.97,0.1,2312.56,Recurrente,Transferencia,False,5.0
ORD-000887,2025-10-23,CDMX-01,Centro,Tienda,Hogar,Licuadora,1,999.66,0.1,555.36,Recurrente,Tarjeta,False,5.0
ORD-001227,2025-09-12,MER-01,Sureste,Tienda,Oficina,Organizador de escritorio,2,296.77,0.1,104.96,Nuevo,Tarjeta,False,5.0
ORD-002176,2025-02-09,CDMX-02,Centro,Online,Oficina,Organizador de escritorio,2,289.51,0.15,100.74,Empresa,Tarjeta,False,4.0
ORD-000207,2025-01-16,CDMX-01,Centro,Online,Hogar,Licuadora,3,988.04,0.1,562.96,Recurrente,Efectivo,False,2.0
ORD-002146,2025-02-03,GDL-01,Occidente,Tienda,Oficina,Lámpara LED,3,544.76,0.0,236.99,Nuevo,Tarjeta,False,4.0
ORD-003064,2025-09-12,ZAP-01,Occidente,Tienda,Hogar,Licuadora,2,1015.28,0.0,563.79,Recurrente,Tarjeta,False,4.0
ORD-000554,2025-05-09,GDL-01,Occidente,Tienda,Electrónica,Teclado mecánico,1,1216.56,0.0,723.55,Recurrente,Tarjeta,False,4.0
ORD-001383,2025-07-27,MER-01,Sureste,Online,Electrónica,Monitor 24 pulgadas,1,3317.26,0.0,2416.82,Recurrente,Efectivo,False,4.0
ORD-001920,2025-11-25,GDL-02,Occidente,Tienda,Deportes,Tapete de yoga,3,416.35,0.0,160.0,Recurrente,Tarjeta,False,4.0
ORD-002780,2025-12-03,MER-01,Sureste,Online,Oficina,Lámpara LED,1,611.05,0.15,239.71,Recurrente,Tarjeta,False,5.0
ORD-000619,2025-04-07,VER-01,Golfo,Tienda,Deportes,Mancuernas 10 kg,2,891.6,0.0,522.99,Recurrente,Tarjeta,False,5.0
ORD-002717,2025-12-16,CAN-01,Sureste,Tienda,Deportes,Mancuernas 10 kg,3,960.14,0.0,532.86,Nuevo,Tarjeta,False,2.0
ORD-001881,2025-06-06,MTY-01,Norte,Tienda,Electrónica,Monitor 24 pulgadas,3,3362.88,0.0,2392.35,Nuevo,Efectivo,False,4.0
ORD-000058,2025-12-30,CAN-01,Sureste,Online,Deportes,Mochila deportiva,1,817.04,0.0,329.54,Recurrente,Efectivo,False,4.0
ORD-002835,2025-11-12,VER-01,Golfo,Tienda,Electrónica,Audífonos Bluetooth,1,757.25,0.1,381.92,Nuevo,Tarjeta,False,1.0
ORD-001586,2025-02-20,ZAP-01,Occidente,Tienda,Deportes,Tapete de yoga,1,392.79,0.3,156.09,Nuevo,Tarjeta,False,4.0
ORD-000360,2025-07-27,MTY-02,Norte,Tienda,Oficina,Silla ergonómica,2,2873.41,0.2,1801.48,Nuevo,Tarjeta,False,2.0
ORD-001738,2025-09-06,CHH-01,Norte,Online,Oficina,Lámpara LED,1,553.48,0.2,240.22,Empresa,Tarjeta,False,4.0
ORD-000400,2025-03-28,ZAP-01,Occidente,Tienda,Oficina,Lámpara LED,2,556.53,0.05,239.55,Nuevo,Efectivo,False,4.0
ORD-000498,2025-08-24,MTY-02,Norte,Tienda,Electrónica,Monitor 24 pulgadas,1,3152.62,0.1,2440.54,Recurrente,Tarjeta,False,3.0
ORD-000466,2025-01-06,MTY-02,Norte,Tienda,Deportes,Mochila deportiva,2,749.72,0.2,333.43,Empresa,Tarjeta,False,5.0
ORD-000706,2025-08-16,MTY-01,Norte,Tienda,Oficina,Organizador de escritorio,1,287.95,0.2,104.15,Recurrente,Tarjeta,False,2.0
ORD-002100,2025-12-20,GDL-01,Occidente,Online,Oficina,Organizador de escritorio,6,307.3,0.0,104.63,Recurrente,Tarjeta,False,4.0
ORD-001567,2025-10-10,CDMX-02,Centro,Tienda,Hogar,Licuadora,2,1014.52,0.15,564.31,Nuevo,Tarjeta,False,3.0
ORD-001929,2025-11-24,MER-01,Sureste,Tienda,Deportes,Tapete de yoga,2,446.5,0.1,160.7,Nuevo,Tarjeta,False,3.0
ORD-002876,2025-06-28,MTY-02,Norte,Online,Hogar,Juego de sábanas,2,637.06,0.2,315.33,Empresa,Tarjeta,False,4.0
ORD-001390,2025-04-22,CDMX-01,Centro,Tienda,Oficina,Lámpara LED,1,557.83,0.1,250.48,Recurrente,Tarjeta,False,4.0
ORD-000947,2025-06-12,GDL-02,Occidente,Tienda,Deportes,Mancuernas 10 kg,1,877.08,0.15,524.17,Nuevo,Tarjeta,False,4.0
ORD-000696,2025-12-12,MER-01,Sureste,Tienda,Oficina,Silla ergonómica,1,3209.62,0.2,1826.93,Recurrente,Efectivo,False,5.0
ORD-000854,2025-11-17,VER-01,Golfo,Online,Oficina,Lámpara LED,1,591.05,0.1,238.26,Recurrente,Tarjeta,False,5.0
ORD-001361,2025-09-07,CAN-01,Sureste,Online,Hogar,Juego de sábanas,1,640.23,0.2,309.13,Nuevo,Tarjeta,False,5.0
ORD-001077,2025-11-10,CDMX-02,Centro,Tienda,Electrónica,Teclado mecánico,1,1365.39,0.05,697.38,Recurrente,Tarjeta,False,5.0
ORD-000214,2025-01-17,MTY-01,Norte,Tienda,Hogar,Cafetera programable,1,1389.44,0.05,886.73,Empresa,Tarjeta,False,5.0
ORD-000217,2025-01-20,GDL-02,Occidente,Tienda,Electrónica,Monitor 24 pulgadas,2,3270.58,0.1,2353.02,Recurrente,Efectivo,False,4.0
ORD-003094,2025-09-09,GDL-01,Occidente,Tienda,Deportes,Mancuernas 10 kg,3,893.81,0.05,530.22,Empresa,Efectivo,False,4.0
ORD-002660,2025-11-11,MER-01,Sureste,Tienda,Electrónica,Audífonos Bluetooth,4,717.45,0.1,372.13,Nuevo,Tarjeta,False,4.0
ORD-002060,2025-04-09,GDL-01,Occidente,Tienda,Electrónica,Monitor 24 pulgadas,3,3337.28,0.0,2348.07,Nuevo,Tarjeta,False,3.0
ORD-000993,2025-08-07,CHH-01,Norte,Online,Hogar,Cafetera programable,4,1498.75,0.05,871.89,Recurrente,Efectivo,False,4.0
ORD-003436,2025-06-01,CDMX-01,Centro,Tienda,Hogar,Licuadora,1,981.59,0.2,559.65,Empresa,Tarjeta,False,3.0
ORD-003365,2025-07-06,GDL-02,Occidente,Online,Deportes,Tapete de yoga,1,394.45,0.15,160.72,Recurrente,Transferencia,False,2.0
ORD-000168,2025-12-08,VER-01,Golfo,Tienda,Oficina,Lámpara LED,3,604.95,0.05,245.79,Recurrente,Tarjeta,False,5.0
ORD-001456,2025-08-04,GDL-01,Occidente,Tienda,Electrónica,Monitor 24 pulgadas,3,3377.07,0.1,2379.3,Recurrente,Efectivo,False,3.0
ORD-002299,2025-05-12,CDMX-02,Centro,Online,Hogar,Juego de sábanas,1,656.08,0.05,315.41,Recurrente,Efectivo,False,4.0
ORD-001669,2025-12-26,VER-01,Golfo,Online,Deportes,Tapete de yoga,3,452.38,0.2,161.89,Recurrente,Tarjeta,False,5.0
ORD-003236,2025-08-22,CDMX-02,Centro,Tienda,Deportes,Mancuernas 10 kg,2,892.51,0.1,524.8,Recurrente,Efectivo,False,2.0
ORD-001988,2025-09-06,MTY-02,Norte,Tienda,Hogar,Licuadora,2,989.77,0.1,554.38,Recurrente,Tarjeta,False,3.0
ORD-000736,2025-05-14,MER-01,Sureste,Online,Electrónica,Monitor 24 pulgadas,1,3305.98,0.05,2368.2,Recurrente,Tarjeta,False,4.0
ORD-000209,2025-04-17,GDL-01,Occidente,Tienda,Hogar,Juego de sábanas,1,649.05,0.2,311.84,Recurrente,Tarjeta,False,5.0
ORD-002186,2025-09-20,MTY-02,Norte,Online,Hogar,Cafetera programable,2,1485.99,0.15,847.78,Nuevo,Tarjeta,False,5.0
ORD-001500,2025-12-25,PUE-01,Centro,Tienda,Deportes,Mochila deportiva,2,837.47,0.2,336.78,Nuevo,Transferencia,False,4.0
ORD-001254,2025-07-31,CDMX-02,Centro,Online,Hogar,Licuadora,1,1019.31,0.05,563.39,Recurrente,Tarjeta,False,5.0
ORD-003086,2025-10-06,GDL-02,Occidente,Online,Electrónica,Monitor 24 pulgadas,2,3121.49,0.05,2416.0,Nuevo,Efectivo,False,4.0
ORD-003514,2025-05-12,CDMX-02,Centro,Online,Hogar,Juego de sábanas,4,646.28,0.0,313.67,Empresa,Tarjeta,False,4.0
ORD-002532,2025-04-03,CHH-01,Norte,Online,Deportes,Mancuernas 10 kg,3,895.17,0.1,519.1,Recurrente,Efectivo,False,4.0
ORD-002789,2025-02-26,ZAP-01,Occidente,Online,Deportes,Tapete de yoga,3,402.58,0.0,157.86,Recurrente,Tarjeta,False,4.0
ORD-003318,2025-02-16,CHH-01,Norte,Online,Oficina,Silla ergonómica,2,2922.37,0.1,1776.03,Nuevo,Tarjeta,False,5.0
ORD-001462,2025-12-05,CDMX-01,Centro,Tienda,Oficina,Lámpara LED,2,612.25,0.0,236.86,Recurrente,Tarjeta,False,5.0
ORD-001525,2025-12-02,CDMX-02,Centro,Tienda,Oficina,Lámpara LED,2,596.91,0.2,241.39,Recurrente,Efectivo,False,5.0
ORD-000013,2025-11-19,MTY-01,Norte,Online,Oficina,Silla ergonómica,1,3295.21,0.0,1832.24,Recurrente,Tarjeta,False,5.0
ORD-001800,2025-03-26,CAN-01,Sureste,Tienda,Electrónica,Teclado mecánico,2,1222.58,0.05,732.5,Recurrente,Transferencia,False,2.0
ORD-003257,2025-12-20,GDL-02,Occidente,Tienda,Deportes,Mancuernas 10 kg,5,985.24,0.0,524.53,Recurrente,Tarjeta,False,2.0
ORD-001532,2025-03-06,PUE-01,Centro,Tienda,Electrónica,Teclado mecánico,2,1208.27,0.1,719.9,Recurrente,Tarjeta,False,4.0
ORD-002941,2025-11-02,CDMX-01,Centro,Tienda,Hogar,Licuadora,4,1105.75,0.05,545.61,Nuevo,Efectivo,False,2.0
ORD-001787,2025-02-26,MTY-01,Norte,Tienda,Oficina,Silla ergonómica,1,2932.57,0.15,1811.35,Recurrente,Tarjeta,False,4.0
ORD-002676,2025-04-15,ZAP-01,Occidente,Tienda,Hogar,Licuadora,2,1006.39,0.2,561.11,Nuevo,Efectivo,False,2.0
ORD-001543,2025-01-12,MTY-02,Norte,Tienda,Electrónica,Audífonos Bluetooth,3,677.96,0.05,380.97,Nuevo,Tarjeta,False,5.0
ORD-000311,2025-12-16,CAN-01,Sureste,Tienda,Deportes,Tapete de yoga,1,440.86,0.05,156.89,Recurrente,Tarjeta,False,5.0
ORD-001374,2025-09-27,GDL-02,Occidente,Tienda,Hogar,Licuadora,6,1017.28,0.2,556.57,Recurrente,Transferencia,True,3.0
ORD-001385,2025-07-03,ZAP-01,Occidente,Tienda,Deportes,Tapete de yoga,2,399.17,0.15,162.38,Empresa,Efectivo,False,4.0
ORD-001902,2025-07-01,GDL-02,Occidente,Online,Electrónica,Audífonos Bluetooth,1,695.42,0.3,382.84,Empresa,Efectivo,False,5.0
ORD-000361,2025-05-04,CDMX-01,Centro,Tienda,Hogar,Juego de sábanas,4,618.47,0.1,305.86,Nuevo,Transferencia,False,4.0
ORD-002183,2025-08-22,GDL-02,Occidente,Tienda,Oficina,Lámpara LED,1,581.95,0.05,243.67,Recurrente,Transferencia,False,4.0
ORD-001303,2025-04-22,CDMX-01,Centro,Tienda,Oficina,Silla ergonómica,1,3010.76,0.1,1797.43,Nuevo,Tarjeta,False,3.0
ORD-000227,2025-02-07,CHH-01,Norte,Tienda,Oficina,Lámpara LED,1,541.01,0.05,239.02,Recurrente,Efectivo,False,3.0
ORD-002696,2025-09-12,GDL-02,Occidente,Tienda,Electrónica,Audífonos Bluetooth,1,676.31,0.0,383.55,Recurrente,Transferencia,False,5.0
ORD-000189,2025-12-18,GDL-02,Occidente,Online,Electrónica,Monitor 24 pulgadas,3,3499.93,0.0,2308.8,Nuevo,Transferencia,False,4.0
ORD-002207,2025-03-26,VER-01,Golfo,Tienda,Deportes,Mancuernas 10 kg,2,887.48,0.1,522.76,Recurrente,Efectivo,False,3.0
ORD-003482,2025-02-02,MTY-02,Norte,Online,Deportes,Mancuernas 10 kg,1,849.69,0.05,526.28,Recurrente,Efectivo,False,3.0
ORD-002509,2025-07-04,CDMX-01,Centro,Tienda,Oficina,Organizador de escritorio,1,280.93,0.0,102.42,Nuevo,Efectivo,False,4.0
ORD-002499,2025-11-10,MTY-02,Norte,Tienda,Oficina,Lámpara LED,2,564.42,0.3,242.3,Recurrente,Tarjeta,False,4.0
ORD-000382,2025-10-31,VER-01,Golfo,Tienda,Electrónica,Teclado mecánico,5,1191.59,0.05,727.8,Recurrente,Efectivo,False,3.0
ORD-001549,2025-10-21,VER-01,Golfo,Online,Oficina,Silla ergonómica,1,2951.84,0.05,1813.77,Nuevo,Tarjeta,False,4.0
ORD-002191,2025-01-01,GDL-01,Occidente,Tienda,Electrónica,Audífonos Bluetooth,2,714.63,0.2,382.13,Recurrente,Tarjeta,False,3.0
ORD-003075,2025-04-29,MTY-02,Norte,Online,Deportes,Mochila deportiva,6,725.22,0.15,342.47,Nuevo,Tarjeta,False,5.0
ORD-000179,2025-03-12,MER-01,Sureste,Tienda,Deportes,Mochila deportiva,2,760.96,0.0,343.56,Nuevo,Efectivo,False,4.0
ORD-002170,2025-09-09,VER-01,Golfo,Tienda,Electrónica,Audífonos Bluetooth,1,684.24,0.0,388.2,Nuevo,Efectivo,True,3.0
ORD-001719,2025-09-03,MER-01,Sureste,Tienda,Oficina,Silla ergonómica,5,2925.64,0.15,1808.72,Nuevo,Tarjeta,False,3.0
ORD-001192,2025-07-31,MTY-01,Norte,Online,Electrónica,Audífonos Bluetooth,1,702.39,0.05,385.81,Nuevo,Transferencia,False,3.0
ORD-003139,2025-08-04,GDL-02,Occidente,Tienda,Deportes,Tapete de yoga,2,400.87,0.0,163.39,Nuevo,Tarjeta,False,5.0
ORD-000690,2025-11-20,PUE-01,Centro,Tienda,Electrónica,Monitor 24 pulgadas,1,3819.84,0.2,2360.11,Recurrente,Tarjeta,False,3.0
ORD-002463,2025-10-22,ZAP-01,Occidente,Tienda,Oficina,Organizador de escritorio,6,287.81,0.1,103.29,Recurrente,Transferencia,False,2.0
ORD-003423,2025-07-24,ZAP-01,Occidente,Online,Electrónica,Audífonos Bluetooth,1,719.03,0.05,377.59,Recurrente,Efectivo,False,1.0
ORD-003386,2025-09-02,CDMX-01,Centro,Tienda,Electrónica,Monitor 24 pulgadas,1,3230.46,0.1,2403.44,Empresa,Tarjeta,False,
ORD-002434,2025-09-22,MTY-02,Norte,Tienda,Hogar,Cafetera programable,2,1475.01,0.3,864.42,Nuevo,Tarjeta,False,4.0
ORD-001807,2025-01-20,VER-01,Golfo,Online,Electrónica,Monitor 24 pulgadas,4,3249.71,0.3,2420.66,Nuevo,Tarjeta,False,4.0
ORD-002974,2025-07-08,ZAP-01,Occidente,Tienda,Oficina,Organizador de escritorio,1,282.12,0.05,107.53,Recurrente,Transferencia,False,3.0
ORD-000452,2025-07-13,MTY-02,Norte,Tienda,Oficina,Lámpara LED,1,561.38,0.0,240.94,Nuevo,Tarjeta,False,4.0
ORD-003552,2025-02-14,PUE-01,Centro,Tienda,Hogar,Licuadora,1,992.31,0.2,558.38,Empresa,Tarjeta,False,3.0
ORD-000065,2025-07-01,CHH-01,Norte,Online,Hogar,Juego de sábanas,1,651.73,0.15,316.45,Recurrente,Tarjeta,False,4.0
ORD-002942,2025-04-08,CDMX-02,Centro,Online,Hogar,Licuadora,2,981.9,0.0,565.51,Recurrente,Efectivo,False,4.0
ORD-002399,2025-03-05,PUE-01,Centro,Tienda,Oficina,Organizador de escritorio,2,280.05,0.0,104.13,Nuevo,Transferencia,True,5.0
ORD-001201,2025-10-18,CDMX-01,Centro,Online,Oficina,Silla ergonómica,2,2848.01,0.15,1825.05,Nuevo,Tarjeta,False,5.0
ORD-001010,2025-05-18,CHH-01,Norte,Tienda,Electrónica,Teclado mecánico,1,1259.81,0.1,711.59,Recurrente,Transferencia,True,4.0
ORD-002890,2025-08-05,GDL-01,Occidente,Tienda,Electrónica,Monitor 24 pulgadas,6,3368.22,0.05,2359.72,Nuevo,Tarjeta,False,4.0
ORD-000929,2025-04-16,MTY-01,Norte,Tienda,Oficina,Lámpara LED,2,572.72,0.0,236.27,Nuevo,Efectivo,False,5.0
ORD-000427,2025-10-20,CDMX-02,Centro,Online,Electrónica,Teclado mecánico,3,1201.03,0.0,721.19,Recurrente,Efectivo,False,2.0
ORD-000049,2025-02-06,PUE-01,Centro,Tienda,Oficina,Silla ergonómica,1,2831.1,0.05,1807.72,Empresa,Transferencia,False,2.0
ORD-000298,2025-02-08,CDMX-01,Centro,Tienda,Electrónica,Monitor 24 pulgadas,6,3322.25,0.2,2348.38,Recurrente,Tarjeta,False,4.0
ORD-002563,2025-12-13,ZAP-01,Occidente,Online,Electrónica,Audífonos Bluetooth,3,758.05,0.0,383.54,Nuevo,Transferencia,False,3.0
ORD-002209,2025-02-01,CDMX-01,Centro,Tienda,Deportes,Mancuernas 10 kg,2,851.97,0.05,506.61,Recurrente,Tarjeta,False,4.0
ORD-000916,2025-12-08,CAN-01,Sureste,Online,Electrónica,Teclado mecánico,6,1346.62,0.05,701.76,Recurrente,Tarjeta,False,2.0
ORD-002106,2025-05-04,MER-01,,Online,Oficina,Organizador de escritorio,3,281.78,0.1,106.23,Nuevo,Tarjeta,False,5.0
ORD-001225,2025-04-17,GDL-02,Occidente,Tienda,Deportes,Tapete de yoga,1,395.32,0.0,160.47,Nuevo,Efectivo,True,5.0
ORD-001690,2025-12-06,GDL-02,Occidente,Tienda,Electrónica,Monitor 24 pulgadas,1,3698.06,0.15,2350.01,Empresa,Tarjeta,True,4.0
ORD-000497,2025-07-15,CDMX-02,Centro,Online,Hogar,Licuadora,1,995.81,0.05,562.4,Nuevo,Efectivo,True,2.0
ORD-000090,2025-08-14,ZAP-01,Occidente,Tienda,Electrónica,Audífonos Bluetooth,3,703.17,0.05,379.81,Recurrente,Tarjeta,False,2.0
ORD-001043,2025-12-18,MTY-01,Norte,Online,Electrónica,Audífonos Bluetooth,1,753.78,0.0,381.49,Recurrente,Tarjeta,False,2.0
ORD-001792,2025-07-15,VER-01,Golfo,Online,Deportes,Tapete de yoga,3,388.91,0.0,159.9,Nuevo,Tarjeta,False,4.0
ORD-001436,2025-03-31,MER-01,Sureste,Tienda,Hogar,Juego de sábanas,3,681.31,0.15,304.5,Recurrente,Tarjeta,False,4.0
ORD-003478,2025-01-19,PUE-01,Centro,Tienda,Hogar,Cafetera programable,1,1504.17,0.0,840.06,Nuevo,Tarjeta,False,3.0
ORD-003385,2025-04-17,CHH-01,Norte,Tienda,Deportes,Tapete de yoga,2,416.4,0.3,155.84,Recurrente,Transferencia,False,4.0
ORD-001057,2025-10-02,CDMX-01,Centro,Online,Hogar,Juego de sábanas,1,663.36,0.0,315.26,Nuevo,Tarjeta,False,1.0
ORD-002458,2025-03-11,ZAP-01,Occidente,Tienda,Electrónica,Audífonos Bluetooth,1,722.82,0.1,378.51,Nuevo,Efectivo,False,3.0
ORD-000386,2025-09-12,CDMX-02,Centro,Online,Hogar,Licuadora,1,1019.27,0.2,550.83,Empresa,Tarjeta,False,4.0
ORD-003569,2025-02-08,CHH-01,Norte,Online,Hogar,Juego de sábanas,2,632.89,0.05,313.72,Recurrente,Transferencia,False,3.0
ORD-003036,2025-01-29,GDL-01,Occidente,Tienda,Oficina,Organizador de escritorio,3,300.02,0.0,105.65,Empresa,Transferencia,False,4.0
ORD-003319,2025-04-14,VER-01,Golfo,Tienda,Hogar,Juego de sábanas,1,657.9,0.1,304.02,Recurrente,Transferencia,False,4.0
ORD-000482,2025-01-27,MER-01,Sureste,Tienda,Electrónica,Teclado mecánico,3,1229.7,0.0,733.67,Nuevo,Efectivo,False,5.0
ORD-000035,2025-08-02,CAN-01,Sureste,Tienda,Oficina,Silla ergonómica,1,2912.88,0.15,1804.29,Nuevo,Tarjeta,False,2.0
ORD-000994,2025-04-04,CAN-01,Sureste,Tienda,Hogar,Juego de sábanas,2,656.19,0.05,319.38,Nuevo,Efectivo,False,3.0
ORD-000193,2025-10-01,GDL-01,Occidente,Tienda,Oficina,Silla ergonómica,5,2838.99,0.15,1785.15,Recurrente,Transferencia,False,5.0
ORD-001886,2025-08-08,GDL-01,Occidente,Online,Deportes,Tapete de yoga,4,383.94,0.05,157.24,Nuevo,Tarjeta,False,5.0
ORD-002420,2025-05-10,GDL-01,Occidente,Tienda,Hogar,Juego de sábanas,1,646.52,0.1,313.61,Nuevo,Tarjeta,False,3.0
ORD-003181,2025-01-18,PUE-01,Centro,Tienda,Oficina,Lámpara LED,1,542.8,0.0,248.77,Nuevo,Tarjeta,False,5.0
ORD-003483,2025-10-14,GDL-01,Occidente,Tienda,Deportes,Mancuernas 10 kg,1,866.36,0.0,519.3,Recurrente,Tarjeta,False,4.0
ORD-001315,2025-08-26,MTY-02,Norte,Tienda,Oficina,Lámpara LED,5,563.82,0.0,242.16,Empresa,Tarjeta,False,5.0
ORD-000502,2025-01-29,GDL-01,Occidente,Tienda,Electrónica,Audífonos Bluetooth,2,725.71,0.0,374.85,Recurrente,Tarjeta,False,4.0
ORD-002307,2025-01-17,MTY-02,Norte,Online,Deportes,Tapete de yoga,1,393.24,0.2,159.78,Nuevo,Tarjeta,False,5.0
ORD-000151,2025-11-20,MTY-02,Norte,Online,Electrónica,Audífonos Bluetooth,4,800.72,0.1,388.97,Recurrente,Transferencia,False,4.0
ORD-000642,2025-12-14,GDL-01,Occidente,Online,Electrónica,Teclado mecánico,2,1312.15,0.1,738.81,Empresa,Tarjeta,False,5.0
ORD-001478,2025-01-21,CDMX-01,Centro,Tienda,Hogar,Juego de sábanas,1,653.21,0.1,315.48,Nuevo,Efectivo,False,5.0
ORD-003414,2025-01-16,GDL-02,Occidente,Online,Oficina,Organizador de escritorio,3,291.58,0.15,103.92,Recurrente,Transferencia,False,3.0
ORD-001170,2025-01-25,CAN-01,Sureste,Tienda,Hogar,Licuadora,3,960.3,0.0,563.92,Recurrente,Efectivo,False,4.0
ORD-001688,2025-04-08,CDMX-02,Centro,Tienda,Electrónica,Monitor 24 pulgadas,3,3365.68,0.05,2304.91,Recurrente,Transferencia,False,5.0
ORD-002298,2025-03-15,ZAP-01,Occidente,Tienda,Deportes,Mancuernas 10 kg,2,896.38,0.0,522.84,Nuevo,Tarjeta,False,4.0
ORD-002281,2025-01-10,PUE-01,Centro,Online,Electrónica,Monitor 24 pulgadas,1,3325.5,0.1,2336.6,Nuevo,Tarjeta,True,3.0
ORD-000060,2025-11-14,GDL-02,Occidente,Online,Oficina,Silla ergonómica,5,3252.94,0.0,1827.01,Recurrente,Efectivo,False,3.0
ORD-000509,2025-04-23,GDL-02,Occidente,Online,Hogar,Juego de sábanas,1,647.8,0.05,309.48,Nuevo,Tarjeta,False,3.0
ORD-003334,2025-02-22,MTY-01,Norte,Tienda,Hogar,Licuadora,1,963.48,0.1,562.11,Nuevo,Tarjeta,False,4.0
ORD-002862,2025-02-17,MTY-02,Norte,Tienda,Oficina,Lámpara LED,1,567.95,0.0,237.9,Recurrente,Efectivo,False,5.0
ORD-000773,2025-03-07,GDL-02,Occidente,Tienda,Deportes,Tapete de yoga,1,395.47,0.05,156.14,Nuevo,Efectivo,False,3.0
ORD-000083,2025-02-08,CDMX-01,Centro,Tienda,Deportes,Tapete de yoga,1,388.25,0.15,160.18,Nuevo,Tarjeta,False,
ORD-001389,2025-06-07,GDL-02,Occidente,Tienda,Electrónica,Teclado mecánico,3,1202.16,0.0,703.03,Recurrente,Efectivo,False,5.0
ORD-001935,2025-02-07,MTY-01,Norte,Tienda,Hogar,Juego de sábanas,1,658.28,0.2,313.21,Empresa,Tarjeta,False,4.0
ORD-000034,2025-01-22,MTY-01,Norte,Tienda,Electrónica,Monitor 24 pulgadas,2,3179.96,0.1,2310.52,Recurrente,Tarjeta,False,4.0
ORD-002622,2025-09-12,MTY-01,,Online,Deportes,Mancuernas 10 kg,1,910.06,0.1,516.05,Recurrente,Tarjeta,False,4.0
ORD-002734,2025-05-18,PUE-01,Centro,Tienda,Oficina,Lámpara LED,1,524.35,0.1,238.3,Nuevo,Tarjeta,False,4.0
ORD-002930,2025-06-17,CDMX-01,Centro,Online,Electrónica,Teclado mecánico,1,1238.4,1.25,713.55,Recurrente,Tarjeta,False,4.0
ORD-001835,2025-09-24,PUE-01,Centro,Tienda,Hogar,Cafetera programable,1,1520.14,0.05,868.9,Recurrente,Tarjeta,False,5.0
ORD-002943,2025-04-30,VER-01,Golfo,Tienda,Oficina,Silla ergonómica,1,2876.59,0.0,1825.33,Recurrente,Efectivo,False,5.0
ORD-000794,2025-11-15,CHH-01,Norte,Online,Electrónica,Monitor 24 pulgadas,3,3554.72,0.05,2292.96,Recurrente,Tarjeta,False,5.0
ORD-002308,2025-01-19,MTY-01,Norte,Tienda,Deportes,Tapete de yoga,4,411.88,0.2,160.84,Recurrente,Efectivo,False,1.0
ORD-000315,2025-01-28,MER-01,Sureste,Tienda,Electrónica,Audífonos Bluetooth,1,720.71,0.1,376.83,Nuevo,Efectivo,False,2.0
ORD-000896,2025-03-28,MTY-01,Norte,Tienda,Deportes,Mancuernas 10 kg,2,897.52,0.0,519.04,Empresa,Transferencia,False,5.0
ORD-000420,2025-04-12,PUE-01,Centro,Tienda,Hogar,Juego de sábanas,5,639.23,0.05,306.37,Empresa,Tarjeta,False,4.0
ORD-001815,2025-02-03,CDMX-02,Centro,Online,Electrónica,Monitor 24 pulgadas,3,3340.0,0.0,2394.37,Recurrente,Tarjeta,False,5.0
ORD-000781,2025-06-26,GDL-02,Occidente,Online,Hogar,Juego de sábanas,6,645.57,0.1,313.68,Recurrente,Efectivo,False,4.0
ORD-000477,2025-12-19,ZAP-01,Occidente,Tienda,Deportes,Mochila deportiva,3,810.07,0.1,341.82,Recurrente,Transferencia,False,5.0
ORD-001130,2025-01-02,GDL-02,Occidente,Tienda,Hogar,Cafetera programable,3,1455.53,0.1,874.21,Recurrente,Transferencia,False,4.0
ORD-002847,2025-06-28,VER-01,Golfo,Tienda,Deportes,Tapete de yoga,3,412.8,0.2,159.71,Recurrente,Efectivo,False,5.0
ORD-001463,2025-01-03,GDL-01,Occidente,Online,Electrónica,Audífonos Bluetooth,1,722.14,0.2,378.78,Recurrente,Tarjeta,False,4.0
ORD-003052,2025-04-08,GDL-02,Occidente,Tienda,Electrónica,Teclado mecánico,2,1193.65,0.1,698.1,Recurrente,Tarjeta,False,3.0
ORD-001068,2025-03-04,CAN-01,Sureste,Tienda,Oficina,Lámpara LED,3,551.14,0.0,244.81,Recurrente,Tarjeta,False,5.0
ORD-003587,2025-12-14,CDMX-01,Centro,Tienda,Deportes,Mochila deportiva,5,882.76,0.05,344.13,Recurrente,Efectivo,False,3.0
ORD-000945,2025-01-30,PUE-01,Centro,Tienda,Oficina,Organizador de escritorio,5,285.9,0.05,104.43,Nuevo,Efectivo,False,5.0
ORD-002369,2025-01-18,CHH-01,Norte,Tienda,Oficina,Lámpara LED,2,547.21,0.05,241.51,Recurrente,Tarjeta,False,2.0
ORD-001054,2025-06-20,GDL-01,Occidente,Tienda,Deportes,Mancuernas 10 kg,3,934.78,0.0,513.82,Recurrente,Tarjeta,False,5.0
ORD-002027,2025-08-02,MTY-01,Norte,Tienda,Hogar,Juego de sábanas,2,664.82,0.0,308.88,Empresa,Tarjeta,False,3.0
ORD-000299,2025-01-16,PUE-01,Centro,Tienda,Oficina,Organizador de escritorio,3,290.07,0.2,104.84,Nuevo,Tarjeta,False,5.0
ORD-000082,2025-09-15,PUE-01,Centro,Tienda,Oficina,Silla ergonómica,2,2938.07,0.0,1785.56,Recurrente,Tarjeta,False,5.0
ORD-000644,2025-06-09,MTY-01,Norte,Tienda,Deportes,Mancuernas 10 kg,2,915.64,0.15,515.79,Nuevo,Efectivo,False,5.0
ORD-003339,2025-09-08,MER-01,Sureste,Online,Hogar,Juego de sábanas,4,626.43,0.05,314.26,Nuevo,Tarjeta,False,5.0
ORD-000511,2025-04-14,MTY-01,Norte,Online,Electrónica,Monitor 24 pulgadas,3,3330.46,0.0,2414.84,Empresa,Efectivo,False,1.0
ORD-002301,2025-03-10,MER-01,Sureste,Online,Hogar,Cafetera programable,3,1490.2,0.2,872.1,Empresa,Tarjeta,False,3.0
ORD-002686,2025-11-01,PUE-01,Centro,Online,Deportes,Mancuernas 10 kg,5,962.84,0.1,527.88,Nuevo,Tarjeta,True,3.0
ORD-000695,2025-08-10,MER-01,Sureste,Tienda,Oficina,Silla ergonómica,2,2858.52,0.2,1848.28,Empresa,Tarjeta,False,1.0
ORD-000616,2025-10-29,MER-01,Sureste,Online,Electrónica,Teclado mecánico,4,1217.88,0.15,710.43,Empresa,Transferencia,False,5.0
ORD-002387,2025-11-11,PUE-01,Centro,Tienda,Electrónica,Audífonos Bluetooth,2,807.25,0.05,385.5,Recurrente,Tarjeta,False,4.0
ORD-001871,2025-04-13,VER-01,Golfo,Tienda,Deportes,Mancuernas 10 kg,1,888.3,0.0,508.45,Nuevo,Tarjeta,False,3.0
ORD-003069,2025-03-19,MER-01,Sureste,Online,Electrónica,Monitor 24 pulgadas,2,3147.37,0.05,2409.9,Nuevo,Transferencia,False,5.0
ORD-000898,2025-07-10,MTY-02,Norte,Tienda,Oficina,Silla ergonómica,3,2762.66,0.3,1807.95,Recurrente,Tarjeta,False,3.0
ORD-001874,2025-11-09,GDL-02,Occidente,Tienda,Hogar,Cafetera programable,1,1610.73,0.05,869.38,Nuevo,Efectivo,False,5.0
ORD-001516,2025-02-14,CDMX-01,Centro,Online,Oficina,Organizador de escritorio,6,288.22,0.1,103.86,Nuevo,Efectivo,False,4.0
ORD-003170,2025-05-07,GDL-01,Occidente,Tienda,Electrónica,Monitor 24 pulgadas,2,3409.73,0.15,2343.66,Recurrente,Efectivo,False,3.0
ORD-002720,2025-05-10,VER-01,Golfo,Online,Deportes,Mochila deportiva,1,716.9,0.2,335.07,Nuevo,Tarjeta,False,5.0
ORD-001969,2025-09-17,MTY-01,Norte,Online,Electrónica,Teclado mecánico,1,1156.92,0.1,697.81,Recurrente,Tarjeta,True,2.0
ORD-000538,2025-07-30,PUE-01,Centro,Tienda,Electrónica,Monitor 24 pulgadas,3,3287.49,0.2,2347.18,Recurrente,Efectivo,False,5.0
ORD-003204,2025-09-03,MER-01,Sureste,Tienda,Hogar,Licuadora,1,954.52,0.1,561.77,Recurrente,Tarjeta,False,4.0
ORD-002753,2025-06-20,MTY-01,Norte,Tienda,Electrónica,Monitor 24 pulgadas,2,3323.49,0.0,2283.22,Recurrente,Tarjeta,False,5.0
ORD-002376,2025-10-07,MTY-01,Norte,Tienda,Electrónica,Monitor 24 pulgadas,1,3349.62,0.2,2354.49,Nuevo,Tarjeta,False,5.0
ORD-002781,2025-04-18,CAN-01,Sureste,Tienda,Hogar,Cafetera programable,3,1498.24,0.1,863.58,Nuevo,Tarjeta,False,5.0
ORD-003275,2025-04-17,PUE-01,Centro,Tienda,Electrónica,Audífonos Bluetooth,3,712.19,0.0,390.59,Nuevo,Efectivo,False,5.0
ORD-003074,2025-03-12,MER-01,Sureste,Online,Hogar,Juego de sábanas,5,645.25,0.0,311.29,Recurrente,Transferencia,False,4.0
ORD-003524,2025-05-09,GDL-02,Occidente,Online,Electrónica,Teclado mecánico,1,1211.86,0.1,717.4,Empresa,Efectivo,False,2.0
ORD-001581,2025-04-17,MTY-01,Norte,Online,Oficina,Organizador de escritorio,3,284.92,0.15,102.12,Recurrente,Efectivo,False,4.0
ORD-002048,2025-12-13,CDMX-02,Centro,Online,Electrónica,Monitor 24 pulgadas,2,3601.57,0.1,2439.7,Empresa,Efectivo,False,3.0
ORD-000113,2025-02-27,CHH-01,Norte,Tienda,Oficina,Organizador de escritorio,3,284.34,0.1,105.34,Recurrente,Tarjeta,False,4.0
ORD-003262,2025-10-22,ZAP-01,Occidente,Tienda,Hogar,Juego de sábanas,1,689.87,0.05,310.81,Nuevo,Tarjeta,False,4.0
ORD-000356,2025-02-26,CAN-01,Sureste,Tienda,Oficina,Organizador de escritorio,1,294.95,0.0,104.35,Nuevo,Tarjeta,False,5.0
ORD-000751,2025-03-25,MTY-01,Norte,Tienda,Deportes,Mancuernas 10 kg,1,907.68,0.0,537.9,Recurrente,Tarjeta,False,5.0
ORD-003263,2025-04-19,CDMX-01,Centro,Tienda,Oficina,Organizador de escritorio,1,292.33,0.0,104.89,Recurrente,Tarjeta,False,5.0
ORD-003000,2025-12-10,CDMX-01,Centro,Online,Electrónica,Monitor 24 pulgadas,1,3483.9,0.05,2351.63,Empresa,Transferencia,False,4.0
ORD-000727,2025-07-07,MTY-01,Norte,Tienda,Deportes,Tapete de yoga,6,385.58,0.1,159.72,Recurrente,Tarjeta,False,3.0
ORD-002762,2025-11-01,MER-01,Sureste,Online,Oficina,Silla ergonómica,1,3217.2,0.05,1824.64,Recurrente,Tarjeta,False,4.0
ORD-003402,2025-07-29,VER-01,Golfo,Online,Hogar,Licuadora,2,980.27,0.2,561.18,Nuevo,Transferencia,False,3.0
ORD-001210,2025-02-16,CAN-01,Sureste,Tienda,Hogar,Cafetera programable,1,1536.12,0.0,884.71,Nuevo,Tarjeta,False,3.0
ORD-002261,2025-02-01,ZAP-01,Occidente,Tienda,Deportes,Mancuernas 10 kg,6,887.8,0.1,520.07,Nuevo,Efectivo,False,4.0
ORD-000196,2025-07-06,MER-01,Sureste,Tienda,Oficina,Lámpara LED,1,538.24,0.2,246.59,Nuevo,Transferencia,False,5.0
ORD-000481,2025-07-13,VER-01,Golfo,Tienda,Deportes,Tapete de yoga,1,399.3,0.05,160.11,Nuevo,Tarjeta,False,4.0
ORD-000668,2025-10-07,MER-01,Sureste,Tienda,Electrónica,Monitor 24 pulgadas,2,3091.96,0.0,2382.36,Empresa,Tarjeta,False,5.0
ORD-001755,2025-11-20,GDL-01,Occidente,Online,Electrónica,Monitor 24 pulgadas,1,3745.38,0.1,2300.81,Recurrente,Tarjeta,False,4.0
ORD-003061,2025-05-14,ZAP-01,Occidente,Online,Electrónica,Monitor 24 pulgadas,1,3176.07,0.2,2338.65,Nuevo,Tarjeta,False,3.0
ORD-002206,2025-02-14,CHH-01,Norte,Online,Hogar,Cafetera programable,1,1438.53,0.15,859.2,Nuevo,Tarjeta,False,3.0
ORD-000226,2025-06-22,PUE-01,Centro,Tienda,Deportes,Tapete de yoga,3,393.28,0.0,157.36,Nuevo,Tarjeta,False,4.0
ORD-000325,2025-05-28,CAN-01,Sureste,Tienda,Oficina,Organizador de escritorio,1,284.01,0.0,104.17,Recurrente,Tarjeta,False,5.0
ORD-001559,2025-08-12,ZAP-01,Occidente,Tienda,Electrónica,Audífonos Bluetooth,3,671.7,0.1,379.07,Empresa,Tarjeta,False,5.0
ORD-001569,2025-03-24,CDMX-02,Centro,Online,Electrónica,Teclado mecánico,2,1240.24,0.2,720.33,Recurrente,Tarjeta,False,3.0
ORD-003534,2025-05-06,CDMX-02,Centro,Online,Deportes,Tapete de yoga,4,412.48,0.0,160.52,Recurrente,Tarjeta,False,4.0
ORD-002526,2025-05-30,GDL-02,Occidente,Tienda,Hogar,Juego de sábanas,2,646.01,0.1,311.51,Nuevo,Transferencia,False,1.0
ORD-002584,2025-07-12,CHH-01,Norte,Tienda,Hogar,Cafetera programable,1,1559.73,0.0,874.25,Nuevo,Tarjeta,False,4.0
ORD-002578,2025-12-09,CDMX-01,Centro,Tienda,Electrónica,Monitor 24 pulgadas,1,3618.77,0.05,2322.72,Recurrente,Tarjeta,False,5.0
ORD-001964,2025-07-25,VER-01,Golfo,Online,Oficina,Organizador de escritorio,2,282.88,0.0,106.62,Recurrente,Tarjeta,False,5.0
ORD-002435,2025-01-05,VER-01,Golfo,Tienda,Deportes,Tapete de yoga,1,386.77,0.05,160.12,Recurrente,Tarjeta,False,5.0
ORD-000493,2025-05-21,MTY-02,Norte,Tienda,Electrónica,Teclado mecánico,2,1142.96,0.0,733.17,Recurrente,Efectivo,False,5.0
ORD-002571,2025-11-20,PUE-01,Centro,Online,Oficina,Silla ergonómica,3,3252.0,0.0,1845.59,Recurrente,Efectivo,False,5.0
ORD-002180,2025-03-05,GDL-01,Occidente,Tienda,Deportes,Tapete de yoga,5,404.44,0.1,159.71,Empresa,Efectivo,False,5.0
ORD-001270,2025-12-21,GDL-01,Occidente,Tienda,Deportes,Tapete de yoga,1,438.05,0.0,156.49,Recurrente,Efectivo,False,4.0
ORD-001228,2025-04-26,CHH-01,Norte,Tienda,Oficina,Lámpara LED,2,540.94,0.1,237.72,Nuevo,Transferencia,False,5.0
ORD-000878,2025-11-20,CAN-01,Sureste,Tienda,Electrónica,Monitor 24 pulgadas,1,3638.68,0.1,2394.26,Recurrente,Transferencia,True,4.0
ORD-000627,2025-11-23,MTY-01,Norte,Tienda,Hogar,Cafetera programable,1,1669.4,0.0,886.37,Nuevo,Efectivo,False,3.0
ORD-000076,2025-01-14,ZAP-01,Occidente,Tienda,Deportes,Mancuernas 10 kg,2,895.08,0.05,521.2,Recurrente,Tarjeta,False,3.0
ORD-000849,2025-05-17,PUE-01,Centro,Online,Oficina,Silla ergonómica,1,2846.21,0.3,1798.22,Recurrente,Tarjeta,False,4.0
ORD-000349,2025-01-04,MER-01,Sureste,Online,Electrónica,Teclado mecánico,5,1227.57,0.0,711.4,Recurrente,Tarjeta,False,5.0
ORD-000586,2025-11-27,MTY-02,Norte,Online,Oficina,Organizador de escritorio,6,320.4,0.1,100.17,Nuevo,Efectivo,False,4.0
ORD-000905,2025-02-14,CAN-01,Sureste,Tienda,Oficina,Lámpara LED,2,546.7,0.05,240.9,Nuevo,Tarjeta,False,5.0
ORD-002755,2025-08-04,GDL-02,Occidente,Tienda,Electrónica,Audífonos Bluetooth,1,694.24,0.05,390.42,Nuevo,Tarjeta,False,4.0
ORD-001049,2025-10-25,CDMX-01,Centro,Tienda,Oficina,Lámpara LED,2,545.58,0.1,240.25,Nuevo,Tarjeta,False,4.0
ORD-000429,2025-07-28,CAN-01,Sureste,Tienda,Hogar,Licuadora,2,1005.19,0.1,567.23,Recurrente,Transferencia,False,2.0
ORD-001817,2025-02-28,CHH-01,Norte,Tienda,Oficina,Organizador de escritorio,1,297.21,0.2,103.15,Nuevo,Tarjeta,False,4.0
ORD-001235,2025-02-01,MER-01,Sureste,Tienda,Electrónica,Audífonos Bluetooth,2,724.67,0.1,393.11,Recurrente,Tarjeta,False,4.0
ORD-002883,2025-10-31,MER-01,Sureste,Online,Oficina,Organizador de escritorio,3,294.63,0.0,103.73,Nuevo,Tarjeta,False,4.0
ORD-000245,2025-02-26,MTY-01,Norte,Online,Hogar,Cafetera programable,2,1518.29,0.0,864.17,Nuevo,Tarjeta,False,4.0
ORD-003196,2025-02-03,MER-01,Sureste,Tienda,Oficina,Silla ergonómica,5,2854.07,0.1,1848.62,Recurrente,Efectivo,False,2.0
ORD-002029,2025-09-30,CDMX-01,Centro,Tienda,Electrónica,Monitor 24 pulgadas,1,3238.57,0.1,2298.28,Nuevo,Tarjeta,True,4.0
ORD-001321,2025-06-05,CDMX-02,Centro,Tienda,Deportes,Tapete de yoga,3,380.43,0.1,155.54,Recurrente,Efectivo,False,2.0
ORD-003377,2025-02-03,MTY-02,Norte,Online,Hogar,Cafetera programable,2,1510.04,0.05,869.61,Empresa,Efectivo,False,4.0
ORD-000946,2025-08-29,CHH-01,Norte,Tienda,Deportes,Mochila deportiva,1,728.43,0.1,345.03,Empresa,Tarjeta,True,4.0
ORD-003427,2025-04-18,MTY-01,Norte,Tienda,Electrónica,Teclado mecánico,1,1194.8,0.05,715.34,Recurrente,Transferencia,False,5.0
ORD-002139,2025-08-15,PUE-01,Centro,Tienda,Oficina,Organizador de escritorio,1,289.89,0.0,104.12,Nuevo,Tarjeta,False,4.0
ORD-000381,2025-06-27,CDMX-02,Centro,Tienda,Oficina,Organizador de escritorio,1,286.13,0.1,102.7,Nuevo,Efectivo,False,4.0
ORD-001293,2025-07-08,CDMX-01,Centro,Tienda,Electrónica,Monitor 24 pulgadas,2,3305.66,0.0,2326.45,Nuevo,Tarjeta,False,4.0
ORD-000868,2025-01-08,MTY-01,Norte,Tienda,Oficina,Organizador de escritorio,1,301.53,0.15,103.44,Recurrente,Tarjeta,False,3.0
ORD-001249,2025-01-28,CHH-01,Norte,Tienda,Deportes,Mancuernas 10 kg,1,886.48,0.0,529.72,Nuevo,Efectivo,False,3.0
ORD-003442,2025-06-21,MTY-02,Norte,Tienda,Oficina,Lámpara LED,2,542.56,0.0,233.46,Nuevo,Tarjeta,False,3.0
ORD-003090,2025-05-21,GDL-02,Occidente,Tienda,Deportes,Mancuernas 10 kg,2,894.64,0.15,520.39,Recurrente,Tarjeta,False,5.0
ORD-000268,2025-05-28,ZAP-01,Occidente,Online,Hogar,Juego de sábanas,1,643.79,0.3,305.81,Nuevo,Tarjeta,False,3.0
ORD-002096,2025-04-13,CAN-01,Sureste,Tienda,Deportes,Mochila deportiva,1,727.7,0.05,333.58,Recurrente,Efectivo,False,3.0
ORD-002165,2025-04-18,CDMX-02,Centro,Tienda,Electrónica,Monitor 24 pulgadas,4,3286.33,0.15,2393.41,Nuevo,Tarjeta,False,2.0
ORD-001356,2025-06-27,PUE-01,Centro,Online,Hogar,Cafetera programable,2,1506.93,0.1,855.44,Recurrente,Tarjeta,False,4.0
ORD-002150,2025-11-01,CDMX-01,Centro,Tienda,Oficina,Organizador de escritorio,2,326.26,0.1,104.12,Nuevo,Transferencia,False,4.0
ORD-002881,2025-02-27,MTY-01,Norte,Tienda,Hogar,Cafetera programable,5,1514.03,0.3,873.26,Nuevo,Tarjeta,False,4.0
ORD-002909,2025-04-11,MTY-01,Norte,Tienda,Oficina,Silla ergonómica,1,2933.2,0.1,1765.11,Recurrente,Efectivo,False,5.0
ORD-000199,2025-12-07,CAN-01,Sureste,Tienda,Oficina,Lámpara LED,4,603.04,0.0,239.28,Recurrente,Tarjeta,False,4.0
ORD-001017,2025-11-04,PUE-01,Centro,Online,Oficina,Lámpara LED,1,602.53,0.1,238.89,Recurrente,Transferencia,False,5.0
ORD-000234,2025-04-30,CHH-01,Norte,Tienda,Hogar,Cafetera programable,3,1486.38,0.05,898.6,Nuevo,Tarjeta,False,4.0
ORD-003519,2025-11-22,CHH-01,Norte,Tienda,Oficina,Silla ergonómica,1,3300.82,0.15,1813.92,Nuevo,Efectivo,False,5.0
ORD-001388,2025-01-23,ZAP-01,Occidente,Online,Electrónica,Monitor 24 pulgadas,4,3354.0,0.2,2387.91,Recurrente,Efectivo,False,3.0
ORD-002852,2025-03-11,CDMX-02,Centro,Online,Hogar,Cafetera programable,5,1427.98,0.1,847.71,Recurrente,Tarjeta,False,5.0
ORD-000455,2025-01-23,CAN-01,Sureste,Tienda,Electrónica,Teclado mecánico,4,1235.57,0.0,709.32,Recurrente,Efectivo,False,4.0
ORD-000206,2025-07-12,VER-01,Golfo,Online,Deportes,Mancuernas 10 kg,1,872.74,0.0,515.45,Nuevo,Tarjeta,False,4.0
ORD-001724,2025-06-25,CDMX-01,Centro,Tienda,Oficina,Silla ergonómica,3,2906.3,0.15,1831.32,Nuevo,Tarjeta,False,5.0
ORD-003146,2025-03-28,MTY-01,Norte,Tienda,Deportes,Mochila deportiva,1,750.78,0.1,339.92,Nuevo,Efectivo,False,4.0
ORD-003152,2025-02-03,ZAP-01,Occidente,Tienda,Hogar,Cafetera programable,3,1540.73,0.15,858.2,Recurrente,Efectivo,False,2.0
ORD-000870,2025-12-12,MTY-01,Norte,Tienda,Oficina,Organizador de escritorio,3,315.44,0.1,106.12,Nuevo,Tarjeta,False,3.0
ORD-001196,2025-07-28,GDL-01,Occidente,Tienda,Oficina,Lámpara LED,1,535.57,0.0,239.34,Recurrente,Efectivo,False,5.0
ORD-003164,2025-06-21,CDMX-02,Centro,Tienda,Deportes,Tapete de yoga,5,395.44,0.0,159.92,Nuevo,Tarjeta,False,3.0
ORD-003113,2025-02-06,CHH-01,Norte,Tienda,Oficina,Silla ergonómica,3,2857.11,0.1,1840.4,Nuevo,Tarjeta,False,5.0
ORD-002085,2025-12-24,MTY-01,,Online,Hogar,Licuadora,1,1091.32,0.15,560.61,Recurrente,Tarjeta,False,5.0
ORD-001011,2025-02-20,MTY-01,Norte,Online,Deportes,Tapete de yoga,4,391.5,0.0,156.74,Recurrente,Tarjeta,False,4.0
ORD-000963,2025-10-19,MER-01,Sureste,Tienda,Deportes,Mochila deportiva,1,740.49,0.05,346.23,Recurrente,Tarjeta,False,5.0
ORD-000146,2025-07-22,GDL-02,Occidente,Online,Oficina,Organizador de escritorio,1,278.9,0.1,104.07,Recurrente,Transferencia,False,4.0
ORD-000692,2025-04-19,MTY-02,Norte,Tienda,Deportes,Mochila deportiva,1,756.56,0.0,340.63,Nuevo,Tarjeta,False,3.0
ORD-000581,2025-10-08,CAN-01,Sureste,Tienda,Oficina,Silla ergonómica,2,2844.51,0.0,1825.8,Recurrente,Tarjeta,False,4.0
ORD-001541,2025-08-28,CDMX-01,Centro,Tienda,Oficina,Organizador de escritorio,3,292.73,0.0,108.45,Nuevo,Efectivo,False,5.0
ORD-001991,2025-12-16,CDMX-02,Centro,Tienda,Electrónica,Monitor 24 pulgadas,5,3622.77,0.05,2310.52,Empresa,Tarjeta,False,5.0
ORD-000513,2025-09-28,CDMX-02,Centro,Tienda,Oficina,Organizador de escritorio,5,290.76,0.05,101.88,Nuevo,Tarjeta,False,4.0
ORD-001288,2025-12-05,CHH-01,Norte,Tienda,Electrónica,Audífonos Bluetooth,2,772.54,0.0,387.61,Empresa,Tarjeta,True,4.0
ORD-002882,2025-10-17,PUE-01,Centro,Tienda,Hogar,Cafetera programable,2,1474.07,0.15,864.03,Recurrente,Tarjeta,False,5.0
ORD-000044,2025-10-16,GDL-02,Occidente,Online,Hogar,Licuadora,2,1020.47,0.1,555.58,Nuevo,Tarjeta,False,4.0
ORD-002130,2025-05-28,GDL-01,Occidente,Tienda,Oficina,Organizador de escritorio,5,293.77,0.05,103.56,Recurrente,Transferencia,True,4.0
ORD-001286,2025-06-19,CDMX-02,Centro,Tienda,Hogar,Licuadora,2,1013.0,0.0,558.33,Nuevo,Tarjeta,False,3.0
ORD-001003,2025-08-08,CDMX-02,Centro,Online,Hogar,Juego de sábanas,3,636.83,0.1,314.89,Nuevo,Transferencia,False,5.0
ORD-000028,2025-03-15,ZAP-01,Occidente,Tienda,Electrónica,Audífonos Bluetooth,3,705.57,0.15,382.48,Recurrente,Tarjeta,False,4.0
ORD-001892,2025-08-26,GDL-02,Occidente,Online,Hogar,Juego de sábanas,3,628.15,0.05,311.84,Recurrente,Tarjeta,False,5.0
ORD-001370,2025-02-28,CAN-01,Sureste,Tienda,Hogar,Cafetera programable,3,1514.94,0.0,854.89,Nuevo,Tarjeta,False,4.0
ORD-000266,2025-02-20,GDL-02,Occidente,Tienda,Hogar,Licuadora,2,1016.22,0.0,558.72,Recurrente,Tarjeta,False,3.0
ORD-000125,2025-02-23,MTY-02,Norte,Online,Oficina,Lámpara LED,3,560.54,0.1,240.61,Recurrente,Tarjeta,False,3.0
ORD-002000,2025-11-17,CAN-01,Sureste,Tienda,Hogar,Licuadora,5,1135.49,0.1,557.43,Recurrente,Tarjeta,False,4.0
ORD-001339,2025-03-23,GDL-01,Occidente,Online,Electrónica,Monitor 24 pulgadas,6,3188.18,0.1,2410.64,Recurrente,Tarjeta,False,5.0
ORD-001861,2025-08-31,MER-01,Sureste,Tienda,Oficina,Silla ergonómica,6,2834.23,0.15,1854.16,Recurrente,Efectivo,False,3.0
ORD-003167,2025-04-16,MTY-01,Norte,Tienda,Hogar,Licuadora,1,957.09,0.3,562.2,Recurrente,Tarjeta,False,5.0
ORD-001795,2025-06-24,ZAP-01,Occidente,Online,Deportes,Tapete de yoga,2,401.13,0.0,163.46,Recurrente,Tarjeta,False,2.0
ORD-002506,2025-08-26,MTY-01,,Tienda,Oficina,Organizador de escritorio,1,292.86,0.0,104.69,Recurrente,Tarjeta,False,2.0
ORD-002575,2025-03-05,MTY-01,Norte,Online,Electrónica,Monitor 24 pulgadas,2,3397.16,0.1,2401.25,Nuevo,Tarjeta,False,4.0
ORD-003494,2025-05-12,CDMX-01,Centro,Tienda,Oficina,Organizador de escritorio,1,279.13,0.05,106.74,Empresa,Tarjeta,False,3.0
ORD-002759,2025-03-09,ZAP-01,Occidente,Online,Deportes,Mochila deportiva,4,758.57,0.1,333.42,Recurrente,Tarjeta,False,5.0
ORD-002742,2025-08-09,GDL-01,Occidente,Tienda,Hogar,Cafetera programable,2,1517.95,0.05,854.1,Nuevo,Tarjeta,False,2.0
ORD-003178,2025-09-01,CAN-01,Sureste,Tienda,Hogar,Licuadora,3,938.44,0.05,576.84,Recurrente,Tarjeta,False,4.0
ORD-003285,2025-05-17,PUE-01,Centro,Tienda,Electrónica,Audífonos Bluetooth,2,738.17,0.0,387.48,Nuevo,Tarjeta,False,4.0
ORD-002192,2025-08-09,GDL-02,Occidente,Online,Deportes,Mochila deportiva,2,744.49,0.0,335.63,Nuevo,Tarjeta,False,4.0
ORD-000432,2025-05-12,GDL-02,Occidente,Online,Deportes,Tapete de yoga,3,398.44,0.1,159.29,Recurrente,Transferencia,False,3.0
ORD-000856,2025-05-04,VER-01,Golfo,Tienda,Electrónica,Audífonos Bluetooth,2,693.36,0.05,384.93,Empresa,Tarjeta,False,4.0
ORD-003215,2025-06-29,CDMX-01,Centro,Tienda,Electrónica,Audífonos Bluetooth,1,695.03,0.3,377.93,Recurrente,Tarjeta,False,1.0
ORD-000725,2025-05-31,MER-01,Sureste,Tienda,Oficina,Organizador de escritorio,2,292.27,0.3,106.11,Nuevo,Tarjeta,False,5.0
ORD-000942,2025-10-21,CDMX-02,Centro,Tienda,Deportes,Tapete de yoga,2,391.92,0.0,160.68,Nuevo,Efectivo,False,4.0
ORD-002736,2025-06-06,CDMX-02,Centro,Tienda,Deportes,Mochila deportiva,2,760.35,0.0,346.53,Recurrente,Tarjeta,False,3.0
ORD-000134,2025-04-05,MTY-01,Norte,Tienda,Deportes,Mochila deportiva,1,759.36,0.0,345.92,Empresa,Tarjeta,False,5.0
ORD-003115,2025-10-28,CAN-01,Sureste,Online,Hogar,Juego de sábanas,2,672.34,0.15,313.52,Recurrente,Transferencia,False,5.0
ORD-003176,2025-10-02,CDMX-02,Centro,Tienda,Deportes,Tapete de yoga,1,410.73,0.15,159.85,Recurrente,Transferencia,False,5.0
ORD-000828,2025-05-20,MTY-01,Norte,Online,Deportes,Mancuernas 10 kg,1,901.7,0.1,520.38,Nuevo,Efectivo,False,1.0
ORD-003095,2025-02-23,GDL-02,Occidente,Tienda,Hogar,Juego de sábanas,2,657.62,0.3,309.11,Recurrente,Tarjeta,False,4.0
ORD-000114,2025-11-13,PUE-01,Centro,Tienda,Hogar,Cafetera programable,3,1657.8,0.05,870.79,Empresa,Tarjeta,False,5.0
ORD-000504,2025-07-08,MTY-02,Norte,Tienda,Electrónica,Teclado mecánico,3,1144.31,0.2,718.86,Recurrente,Tarjeta,False,5.0
ORD-000167,2025-10-27,VER-01,Golfo,Tienda,Hogar,Licuadora,1,996.85,0.0,555.35,Recurrente,Tarjeta,False,4.0
ORD-001117,2025-07-16,MTY-02,Norte,Tienda,Deportes,Tapete de yoga,1,384.81,0.1,158.77,Empresa,Tarjeta,False,4.0
ORD-001110,2025-07-21,MTY-02,Norte,Online,Hogar,Cafetera programable,2,1560.37,0.0,869.58,Empresa,Efectivo,False,4.0
ORD-003458,2025-10-06,MTY-01,Norte,Online,Deportes,Mochila deportiva,1,752.85,0.0,351.2,Recurrente,Tarjeta,False,5.0
ORD-000626,2025-03-30,ZAP-01,Occidente,Tienda,Electrónica,Teclado mecánico,2,1206.57,0.1,714.5,Recurrente,Transferencia,False,5.0
ORD-001696,2025-11-11,MER-01,Sureste,Online,Deportes,Mochila deportiva,3,818.26,0.1,334.88,Nuevo,Tarjeta,False,3.0
ORD-003440,2025-11-26,PUE-01,Centro,Tienda,Hogar,Licuadora,3,1142.8,0.1,559.19,Recurrente,Tarjeta,False,5.0
ORD-001464,2025-02-13,CHH-01,Norte,Tienda,Oficina,Silla ergonómica,1,2940.77,0.0,1818.57,Recurrente,Efectivo,False,4.0
ORD-003394,2025-08-19,GDL-01,Occidente,Tienda,Deportes,Mochila deportiva,1,779.2,0.15,345.15,Nuevo,Efectivo,False,4.0
ORD-003143,2025-04-29,VER-01,Golfo,Tienda,Deportes,Mancuernas 10 kg,2,861.24,0.05,526.62,Recurrente,Transferencia,False,5.0
ORD-003558,2025-02-12,CDMX-01,Centro,Tienda,Deportes,Mancuernas 10 kg,1,865.91,0.05,526.88,Recurrente,Tarjeta,False,4.0
ORD-003214,2025-03-31,CDMX-01,Centro,Tienda,Hogar,Licuadora,4,1003.67,0.1,548.51,Recurrente,Transferencia,False,4.0
ORD-002618,2025-11-21,GDL-02,Occidente,Tienda,Hogar,Juego de sábanas,5,703.75,0.15,311.69,Nuevo,Efectivo,False,5.0
ORD-000073,2025-04-20,MER-01,Sureste,Tienda,Electrónica,Audífonos Bluetooth,1,703.25,0.1,384.47,Recurrente,Tarjeta,False,5.0
ORD-002698,2025-12-12,CAN-01,Sureste,Tienda,Oficina,Lámpara LED,2,609.2,0.05,241.21,Nuevo,Efectivo,False,2.0
ORD-002317,2025-08-31,CDMX-02,Centro,Tienda,Deportes,Tapete de yoga,1,395.86,0.05,157.68,Nuevo,Tarjeta,False,3.0
ORD-000595,2025-02-08,PUE-01,Centro,Online,Electrónica,Teclado mecánico,1,1275.03,0.15,704.93,Nuevo,Efectivo,False,3.0
ORD-001596,2025-03-19,GDL-02,Occidente,Tienda,Deportes,Tapete de yoga,4,391.14,0.0,158.18,Nuevo,Tarjeta,False,3.0
ORD-001692,2025-06-09,ZAP-01,Occidente,Tienda,Oficina,Lámpara LED,2,543.5,0.05,239.0,Recurrente,Tarjeta,True,3.0
ORD-001134,2025-09-19,PUE-01,Centro,Tienda,Deportes,Mochila deportiva,1,719.15,0.15,337.44,Nuevo,Transferencia,False,5.0
ORD-002932,2025-08-22,CAN-01,Sureste,Tienda,Deportes,Tapete de yoga,1,408.12,0.0,159.78,Empresa,Tarjeta,False,5.0
ORD-000718,2025-08-24,CDMX-01,Centro,Tienda,Oficina,Lámpara LED,1,523.19,0.0,239.92,Recurrente,Efectivo,False,3.0
ORD-002201,2025-06-16,CDMX-02,Centro,Online,Hogar,Licuadora,2,1022.27,0.1,547.7,Nuevo,Tarjeta,False,5.0
ORD-003028,2025-10-11,GDL-01,Occidente,Tienda,Electrónica,Monitor 24 pulgadas,1,3222.53,0.15,2375.19,Empresa,Tarjeta,False,3.0
ORD-002273,2025-09-21,VER-01,Golfo,Tienda,Deportes,Mochila deportiva,2,726.98,0.05,330.31,Nuevo,Efectivo,False,4.0
ORD-000866,2025-05-11,CHH-01,Norte,Tienda,Electrónica,Monitor 24 pulgadas,3,3241.84,0.1,2380.23,Recurrente,Tarjeta,False,4.0
ORD-002722,2025-03-18,PUE-01,Centro,Tienda,Deportes,Tapete de yoga,2,414.2,0.3,160.24,Nuevo,Efectivo,False,5.0
ORD-000757,2025-09-20,VER-01,Golfo,Tienda,Electrónica,Monitor 24 pulgadas,5,3187.53,0.0,2349.14,Recurrente,Tarjeta,False,3.0
ORD-002850,2025-04-20,MTY-02,Norte,Online,Electrónica,Teclado mecánico,1,1212.62,0.05,726.05,Recurrente,Tarjeta,False,3.0
ORD-003271,2025-06-03,MTY-02,Norte,Tienda,Hogar,Cafetera programable,6,1498.28,0.15,869.37,Recurrente,Tarjeta,False,3.0
ORD-002196,2025-09-16,MER-01,Sureste,Tienda,Deportes,Tapete de yoga,1,375.36,0.15,156.42,Recurrente,Tarjeta,False,2.0
ORD-000758,2025-04-23,CDMX-01,Centro,Tienda,Deportes,Mancuernas 10 kg,2,920.95,0.15,507.03,Recurrente,Efectivo,False,2.0
ORD-001307,2025-03-06,MER-01,Sureste,Online,Electrónica,Monitor 24 pulgadas,1,3420.92,0.05,2304.61,Recurrente,Tarjeta,False,3.0
ORD-001810,2025-12-05,CDMX-01,Centro,Tienda,Oficina,Silla ergonómica,1,3204.43,0.15,1818.89,Nuevo,Efectivo,False,2.0
ORD-000499,2025-05-08,ZAP-01,Occidente,Tienda,Deportes,Mochila deportiva,1,730.69,0.05,347.27,Nuevo,Transferencia,False,3.0
ORD-002782,2025-06-21,GDL-02,Occidente,Online,Electrónica,Monitor 24 pulgadas,3,3302.48,0.1,2382.12,Nuevo,Tarjeta,False,5.0
ORD-003244,2025-04-03,CDMX-02,Centro,Online,Deportes,Tapete de yoga,2,387.0,0.05,161.08,Recurrente,Tarjeta,False,4.0
ORD-000204,2025-06-16,MTY-02,Norte,Tienda,Deportes,Mancuernas 10 kg,1,928.09,0.0,516.84,Nuevo,Transferencia,False,5.0
ORD-001480,2025-01-05,CDMX-02,Centro,Tienda,Electrónica,Audífonos Bluetooth,1,720.38,0.0,387.65,Recurrente,Efectivo,False,4.0
ORD-001704,2025-08-15,CAN-01,Sureste,Online,Oficina,Organizador de escritorio,1,276.77,0.1,103.09,Empresa,Tarjeta,False,4.0
ORD-002639,2025-04-05,GDL-02,Occidente,Online,Electrónica,Audífonos Bluetooth,1,703.73,0.3,380.48,Recurrente,Efectivo,False,4.0
ORD-000732,2025-07-24,VER-01,Golfo,Tienda,Oficina,Lámpara LED,2,531.37,0.0,236.77,Nuevo,Tarjeta,False,5.0
ORD-003543,2025-09-13,VER-01,Golfo,Tienda,Hogar,Cafetera programable,1,1543.31,0.15,869.93,Recurrente,Efectivo,False,3.0
ORD-002878,2025-08-09,CDMX-02,Centro,Tienda,Hogar,Licuadora,2,980.63,0.0,570.2,Nuevo,Efectivo,False,3.0
ORD-000683,2025-11-25,GDL-01,Occidente,Online,Oficina,Lámpara LED,2,606.06,0.0,233.65,Recurrente,Tarjeta,False,4.0
ORD-002761,2025-08-01,MTY-01,Norte,Tienda,Electrónica,Monitor 24 pulgadas,4,3295.88,0.0,2366.13,Recurrente,Efectivo,False,4.0
ORD-001681,2025-02-04,ZAP-01,Occidente,Online,Electrónica,Monitor 24 pulgadas,1,3379.05,0.15,2381.0,Recurrente,Transferencia,False,4.0
ORD-002743,2025-06-18,MTY-02,Norte,Tienda,Electrónica,Teclado mecánico,1,1210.18,0.1,710.78,Nuevo,Efectivo,False,4.0
ORD-000679,2025-01-20,CHH-01,Norte,Tienda,Oficina,Silla ergonómica,2,3076.22,0.05,1803.29,Nuevo,Transferencia,False,4.0
ORD-001261,2025-04-11,CDMX-02,Centro,Tienda,Deportes,Mochila deportiva,3,749.68,0.0,340.57,Recurrente,Transferencia,False,4.0
ORD-003140,2025-04-03,CAN-01,Sureste,Tienda,Deportes,Tapete de yoga,1,402.51,0.0,161.12,Nuevo,Efectivo,False,5.0
ORD-000992,2025-07-21,PUE-01,Centro,Tienda,Hogar,Licuadora,1,982.82,0.2,541.64,Recurrente,Efectivo,False,5.0
ORD-000281,2025-09-16,MTY-02,Norte,Tienda,Hogar,Licuadora,1,968.55,0.0,561.61,Recurrente,Tarjeta,True,5.0
ORD-000769,2025-04-04,VER-01,Golfo,Tienda,Hogar,Licuadora,1,1014.11,0.05,565.3,Recurrente,Efectivo,False,5.0
ORD-001245,2025-05-31,CAN-01,Sureste,Tienda,Deportes,Mochila deportiva,1,738.37,0.05,342.99,Recurrente,Tarjeta,False,5.0
ORD-002061,2025-12-18,CHH-01,Norte,Tienda,Deportes,Mancuernas 10 kg,2,976.53,0.15,519.87,Recurrente,Efectivo,False,3.0
ORD-003266,2025-03-16,PUE-01,Centro,Tienda,Hogar,Juego de sábanas,2,649.52,0.1,307.92,Nuevo,Efectivo,False,3.0
ORD-001722,2025-03-09,MER-01,Sureste,Tienda,Deportes,Tapete de yoga,5,401.18,0.0,158.09,Nuevo,Efectivo,False,2.0
ORD-003412,2025-01-11,GDL-02,Occidente,Tienda,Hogar,Juego de sábanas,1,658.69,0.1,312.0,Nuevo,Transferencia,False,4.0
ORD-002284,2025-01-12,CHH-01,Norte,Online,Deportes,Mochila deportiva,1,763.49,0.1,344.9,Recurrente,Tarjeta,False,3.0
ORD-002197,2025-09-21,ZAP-01,Occidente,Online,Oficina,Organizador de escritorio,1,288.57,0.1,106.43,Nuevo,Efectivo,False,4.0
ORD-003160,2025-08-08,GDL-01,Occidente,Tienda,Electrónica,Monitor 24 pulgadas,2,3327.88,0.05,2329.56,Nuevo,Tarjeta,True,3.0
ORD-003358,2025-02-06,MTY-02,Norte,Tienda,Oficina,Lámpara LED,1,552.11,0.15,239.1,Recurrente,Tarjeta,False,5.0
ORD-001854,2025-05-31,VER-01,Golfo,Tienda,Hogar,Cafetera programable,2,1579.09,0.1,871.88,Nuevo,Efectivo,False,3.0
ORD-000240,2025-07-13,PUE-01,Centro,Tienda,Hogar,Juego de sábanas,1,659.95,0.15,314.19,Nuevo,Efectivo,False,5.0
ORD-001412,2025-07-23,ZAP-01,Occidente,Tienda,Hogar,Juego de sábanas,2,663.63,0.0,306.63,Empresa,Tarjeta,False,4.0
ORD-003213,2025-05-20,MTY-02,Norte,Tienda,Electrónica,Teclado mecánico,1,1262.95,0.3,706.07,Recurrente,Transferencia,False,4.0
ORD-002480,2025-04-06,GDL-02,Occidente,Tienda,Hogar,Licuadora,2,1050.96,0.2,556.59,Empresa,Tarjeta,False,4.0
ORD-001958,2025-09-27,PUE-01,Centro,Tienda,Oficina,Silla ergonómica,1,2850.24,0.1,1820.22,Recurrente,Tarjeta,False,4.0
ORD-003463,2025-11-08,MER-01,Sureste,Online,Electrónica,Audífonos Bluetooth,5,735.4,0.1,389.44,Recurrente,Tarjeta,False,2.0
ORD-003559,2025-10-07,CAN-01,Sureste,Tienda,Oficina,Silla ergonómica,2,2990.29,0.1,1875.67,Nuevo,Tarjeta,False,2.0
ORD-000230,2025-02-18,MTY-01,Norte,Tienda,Deportes,Tapete de yoga,2,397.26,0.05,162.58,Nuevo,Tarjeta,False,5.0
ORD-002527,2025-04-20,MTY-01,Norte,Tienda,Oficina,Silla ergonómica,1,3106.92,0.0,1832.17,Recurrente,Efectivo,False,4.0
ORD-001620,2025-05-14,ZAP-01,Occidente,Tienda,Hogar,Juego de sábanas,2,634.69,0.05,315.41,Recurrente,Tarjeta,False,4.0
ORD-002611,2025-11-17,CDMX-02,Centro,Online,Electrónica,Audífonos Bluetooth,3,781.37,0.1,389.33,Recurrente,Tarjeta,False,4.0
ORD-000444,2025-09-05,CAN-01,Sureste,Tienda,Electrónica,Monitor 24 pulgadas,2,3413.97,0.15,2325.8,Recurrente,Tarjeta,True,4.0
ORD-003374,2025-11-18,MER-01,Sureste,Tienda,Hogar,Juego de sábanas,1,712.73,0.15,318.79,Recurrente,Transferencia,False,4.0
ORD-000104,2025-07-22,MTY-02,Norte,Tienda,Oficina,Organizador de escritorio,1,302.81,0.1,104.23,Recurrente,Efectivo,False,3.0
ORD-002406,2025-05-20,ZAP-01,Occidente,Tienda,Deportes,Tapete de yoga,3,396.33,0.1,160.02,Recurrente,Efectivo,True,5.0
ORD-002667,2025-03-11,CDMX-01,Centro,Online,Deportes,Mancuernas 10 kg,3,877.87,0.15,523.41,Nuevo,Tarjeta,False,4.0
ORD-002831,2025-01-11,CAN-01,Sureste,Tienda,Deportes,Mochila deportiva,2,717.27,0.15,344.23,Recurrente,Efectivo,False,4.0
ORD-003128,2025-11-14,PUE-01,Centro,Tienda,Deportes,Tapete de yoga,2,442.27,0.15,159.89,Empresa,Efectivo,False,5.0
ORD-000341,2025-03-12,ZAP-01,Occidente,Tienda,Electrónica,Monitor 24 pulgadas,1,3290.36,0.0,2340.75,Nuevo,Efectivo,False,4.0
ORD-000741,2025-07-06,GDL-01,Occidente,Online,Hogar,Cafetera programable,1,1596.66,0.0,900.58,Nuevo,Efectivo,False,4.0
ORD-001015,2025-10-21,CHH-01,Norte,Tienda,Electrónica,Teclado mecánico,2,1183.9,0.15,716.02,Recurrente,Efectivo,False,5.0
ORD-000157,2025-01-02,CAN-01,Sureste,Tienda,Hogar,Cafetera programable,2,1525.76,0.15,871.49,Nuevo,Tarjeta,False,3.0
ORD-002567,2025-06-23,GDL-01,Occidente,Tienda,Deportes,Tapete de yoga,3,403.61,0.1,156.67,Nuevo,Efectivo,False,3.0
ORD-001917,2025-03-29,GDL-01,Occidente,Tienda,Deportes,Tapete de yoga,3,399.13,0.15,159.05,Recurrente,Tarjeta,False,5.0
ORD-002428,2025-12-02,MTY-02,Norte,Tienda,Deportes,Tapete de yoga,1,442.82,0.0,159.36,Nuevo,Tarjeta,False,4.0
ORD-003447,2025-04-27,MER-01,Sureste,Tienda,Electrónica,Teclado mecánico,1,1219.08,0.05,722.35,Nuevo,Tarjeta,False,3.0
ORD-000068,2025-02-26,GDL-02,Occidente,Tienda,Oficina,Lámpara LED,1,540.97,0.0,237.72,Empresa,Efectivo,False,4.0
ORD-001083,2025-08-07,GDL-02,Occidente,Online,Oficina,Silla ergonómica,2,2974.64,0.0,1805.7,Empresa,Tarjeta,False,4.0
ORD-002331,2025-09-18,CHH-01,Norte,Tienda,Hogar,Juego de sábanas,1,662.28,0.1,304.33,Nuevo,Tarjeta,False,5.0
ORD-001987,2025-01-03,CAN-01,Sureste,Tienda,Deportes,Mancuernas 10 kg,1,937.5,0.15,517.21,Recurrente,Tarjeta,False,5.0
ORD-001020,2025-06-01,MER-01,Sureste,Online,Oficina,Lámpara LED,6,528.89,0.0,234.48,Nuevo,Tarjeta,False,5.0
ORD-001937,2025-07-27,GDL-02,Occidente,Online,Deportes,Mochila deportiva,3,748.82,0.05,338.01,Nuevo,Tarjeta,False,5.0
ORD-003418,2025-02-18,PUE-01,Centro,Tienda,Oficina,Organizador de escritorio,2,290.5,0.1,104.51,Nuevo,Tarjeta,False,3.0
ORD-002910,2025-05-30,CAN-01,Sureste,Online,Oficina,Silla ergonómica,1,3018.55,0.05,1847.8,Empresa,Tarjeta,False,1.0
ORD-002901,2025-01-05,PUE-01,Centro,Tienda,Deportes,Mochila deportiva,1,738.68,0.15,340.06,Recurrente,Tarjeta,False,5.0
ORD-003020,2025-04-06,MTY-01,Norte,Tienda,Hogar,Cafetera programable,4,1497.46,0.3,873.54,Nuevo,Efectivo,False,4.0
ORD-001476,2025-06-05,MTY-01,Norte,Online,Hogar,Licuadora,2,1001.0,0.0,567.97,Recurrente,Tarjeta,False,4.0
ORD-003280,2025-09-29,PUE-01,Centro,Online,Deportes,Tapete de yoga,4,390.09,0.15,163.48,Recurrente,Tarjeta,False,5.0
ORD-001149,2025-07-26,CDMX-02,Centro,Online,Hogar,Cafetera programable,3,1494.16,0.1,859.93,Recurrente,Tarjeta,False,4.0
ORD-000415,2025-03-18,GDL-01,Occidente,Online,Deportes,Mancuernas 10 kg,1,875.24,0.0,519.27,Recurrente,Tarjeta,False,4.0
ORD-002602,2025-12-10,MTY-01,Norte,Online,Electrónica,Audífonos Bluetooth,6,765.07,0.3,392.5,Empresa,Tarjeta,False,5.0
ORD-002374,2025-11-01,MTY-01,Norte,Online,Electrónica,Monitor 24 pulgadas,2,3570.54,0.3,2294.7,Nuevo,Efectivo,False,5.0
ORD-002017,2025-05-21,MTY-02,Norte,Tienda,Oficina,Lámpara LED,2,524.7,0.15,239.58,Nuevo,Efectivo,False,4.0
ORD-000484,2025-03-15,MTY-01,Norte,Online,Oficina,Organizador de escritorio,1,291.45,0.0,105.27,Recurrente,Tarjeta,False,3.0
ORD-001654,2025-10-07,MER-01,Sureste,Tienda,Oficina,Silla ergonómica,3,2988.02,0.0,1815.95,Recurrente,Tarjeta,False,3.0
ORD-003395,2025-04-23,CHH-01,Norte,Online,Oficina,Silla ergonómica,4,2865.78,0.15,1821.75,Recurrente,Tarjeta,False,5.0
ORD-001848,2025-04-19,CHH-01,Norte,Tienda,Deportes,Mochila deportiva,1,736.65,0.05,338.17,Nuevo,Efectivo,False,2.0
ORD-001763,2025-12-13,MTY-02,Norte,Tienda,Oficina,Organizador de escritorio,5,327.28,0.0,106.4,Recurrente,Transferencia,False,2.0
ORD-000393,2025-12-05,ZAP-01,Occidente,Online,Hogar,Licuadora,5,1060.59,0.2,566.89,Recurrente,Efectivo,False,1.0
ORD-000133,2025-11-10,ZAP-01,Occidente,Tienda,Hogar,Cafetera programable,1,1665.18,0.0,871.0,Recurrente,Transferencia,False,4.0
ORD-002717,2025-12-16,CAN-01,Sureste,Tienda,Deportes,Mancuernas 10 kg,3,960.14,0.0,532.86,Nuevo,Tarjeta,False,2.0
ORD-000116,2025-06-06,MTY-02,Norte,Tienda,Deportes,Mochila deportiva,1,792.7,0.1,331.32,Nuevo,Transferencia,False,5.0
ORD-000156,2025-07-20,CDMX-02,Centro,Online,Hogar,Cafetera programable,1,1496.47,0.0,880.22,Empresa,Transferencia,False,3.0
ORD-002437,2025-05-12,MER-01,Sureste,Online,Deportes,Mancuernas 10 kg,1,884.78,0.05,508.68,Recurrente,Tarjeta,False,3.0
ORD-002690,2025-11-09,CDMX-02,Centro,Online,Oficina,Organizador de escritorio,2,320.82,0.05,103.34,Nuevo,Efectivo,False,5.0
ORD-002304,2025-01-31,GDL-02,Occidente,Online,Oficina,Organizador de escritorio,3,296.92,0.3,106.14,Recurrente,Tarjeta,False,3.0
ORD-000426,2025-06-02,CDMX-01,Centro,Tienda,Deportes,Tapete de yoga,1,397.72,0.1,157.22,Nuevo,Transferencia,False,5.0
ORD-001544,2025-06-01,ZAP-01,Occidente,Tienda,Electrónica,Monitor 24 pulgadas,5,3242.41,0.1,2298.63,Nuevo,Efectivo,False,4.0
ORD-001008,2025-03-18,CDMX-02,Centro,Online,Electrónica,Monitor 24 pulgadas,3,3263.06,0.0,2384.47,Nuevo,Tarjeta,False,3.0
ORD-001032,2025-10-18,ZAP-01,Occidente,Online,Electrónica,Audífonos Bluetooth,1,678.45,0.15,389.17,Nuevo,Tarjeta,False,4.0
ORD-002486,2025-11-22,MTY-02,Norte,Tienda,Deportes,Mochila deportiva,3,808.76,0.1,350.43,Recurrente,Efectivo,False,4.0
ORD-000545,2025-09-29,GDL-01,Occidente,Tienda,Deportes,Mancuernas 10 kg,3,886.93,0.05,517.42,Nuevo,Tarjeta,False,5.0
ORD-000733,2025-12-27,GDL-01,Occidente,Tienda,Electrónica,Audífonos Bluetooth,1,790.45,0.1,382.98,Recurrente,Tarjeta,False,5.0
ORD-000955,2025-04-12,CHH-01,Norte,Online,Electrónica,Monitor 24 pulgadas,1,3286.13,0.1,2339.8,Nuevo,Transferencia,True,4.0
ORD-001535,2025-03-06,GDL-02,Occidente,Tienda,Electrónica,Teclado mecánico,2,1193.66,0.2,702.32,Empresa,Tarjeta,False,5.0
ORD-003254,2025-11-04,ZAP-01,Occidente,Tienda,Oficina,Silla ergonómica,5,3211.92,0.2,1875.3,Nuevo,Transferencia,False,2.0
ORD-001552,2025-06-26,CAN-01,Sureste,Online,Electrónica,Audífonos Bluetooth,4,706.15,0.05,388.64,Nuevo,Efectivo,False,4.0
ORD-000205,2025-07-06,MER-01,Sureste,Online,Hogar,Licuadora,3,1007.28,0.1,556.0,Recurrente,Tarjeta,False,4.0
ORD-002718,2025-09-05,MTY-02,Norte,Tienda,Hogar,Cafetera programable,1,1518.54,0.1,853.05,Recurrente,Tarjeta,False,4.0
ORD-002041,2025-02-12,CDMX-02,Centro,Tienda,Oficina,Lámpara LED,1,542.96,0.05,246.85,Recurrente,Transferencia,False,3.0
ORD-001168,2025-07-13,CDMX-01,Centro,Tienda,Hogar,Licuadora,5,992.22,0.15,575.2,Recurrente,Tarjeta,False,4.0
ORD-000979,2025-10-09,GDL-01,Occidente,Online,Electrónica,Monitor 24 pulgadas,4,3222.11,0.05,2307.24,Recurrente,Tarjeta,False,4.0
ORD-002049,2025-08-28,MTY-01,Norte,Online,Oficina,Silla ergonómica,1,2924.78,0.15,1798.88,Nuevo,Tarjeta,False,4.0
ORD-001984,2025-07-10,GDL-02,Occidente,Tienda,Electrónica,Monitor 24 pulgadas,2,3330.04,0.0,2348.31,Recurrente,Tarjeta,False,5.0
ORD-003373,2025-08-04,CDMX-01,Centro,Online,Hogar,Juego de sábanas,1,653.45,0.0,313.85,Nuevo,Efectivo,False,3.0
ORD-000742,2025-07-27,VER-01,Golfo,Tienda,Deportes,Mochila deportiva,1,757.66,0.15,343.28,Nuevo,Efectivo,False,2.0
ORD-001188,2025-05-26,GDL-02,Occidente,Tienda,Electrónica,Audífonos Bluetooth,2,695.0,0.15,373.35,Recurrente,Tarjeta,False,3.0
ORD-000238,2025-11-25,GDL-02,Occidente,Online,Electrónica,Audífonos Bluetooth,1,788.24,0.15,380.83,Recurrente,Tarjeta,False,5.0
ORD-001337,2025-07-31,MER-01,Sureste,Tienda,Hogar,Licuadora,1,1011.48,0.0,559.58,Nuevo,Tarjeta,False,4.0
ORD-000699,2025-08-18,CDMX-02,Centro,Tienda,Hogar,Cafetera programable,2,1526.52,0.15,870.03,Empresa,Tarjeta,False,4.0
ORD-000357,2025-05-16,MTY-02,Norte,Tienda,Hogar,Licuadora,2,977.25,0.05,570.68,Empresa,Tarjeta,False,5.0
ORD-003588,2025-10-31,CHH-01,Norte,Tienda,Electrónica,Monitor 24 pulgadas,1,3238.81,0.2,2348.29,Recurrente,Tarjeta,False,3.0
ORD-000652,2025-11-02,GDL-01,Occidente,Online,Deportes,Tapete de yoga,2,446.61,0.0,156.88,Nuevo,Tarjeta,False,4.0
ORD-001601,2025-04-12,CDMX-02,Centro,Tienda,Deportes,Mancuernas 10 kg,5,904.74,0.0,531.85,Recurrente,Efectivo,False,2.0
ORD-003584,2025-04-17,GDL-02,Occidente,Online,Oficina,Silla ergonómica,3,2974.29,0.05,1785.21,Recurrente,Tarjeta,False,4.0
ORD-000643,2025-06-19,CHH-01,Norte,Tienda,Deportes,Mochila deportiva,1,759.18,0.05,341.62,Nuevo,Tarjeta,False,4.0
ORD-003108,2025-04-02,CHH-01,Norte,Tienda,Electrónica,Audífonos Bluetooth,3,713.08,0.15,389.53,Recurrente,Efectivo,False,4.0
ORD-000843,2025-02-13,CHH-01,Norte,Online,Hogar,Cafetera programable,1,1543.72,0.0,872.73,Recurrente,Tarjeta,False,4.0
ORD-000182,2025-11-27,MER-01,Sureste,Tienda,Hogar,Juego de sábanas,3,706.41,0.05,311.63,Empresa,Transferencia,False,4.0
ORD-002857,2025-12-27,CAN-01,Sureste,Online,Hogar,Cafetera programable,4,1691.71,0.05,878.78,Recurrente,Tarjeta,True,3.0
ORD-002037,2025-10-21,MTY-02,Norte,Tienda,Deportes,Tapete de yoga,3,410.87,0.15,164.44,Recurrente,Tarjeta,False,4.0
ORD-003331,2025-12-23,MER-01,Sureste,Tienda,Electrónica,Teclado mecánico,3,1254.1,0.0,703.52,Recurrente,Tarjeta,False,5.0
ORD-000190,2025-04-11,MER-01,Sureste,Online,Deportes,Mancuernas 10 kg,3,882.88,0.0,532.29,Recurrente,Transferencia,False,4.0
ORD-002955,2025-09-15,MTY-01,Norte,Tienda,Oficina,Lámpara LED,1,574.57,0.3,239.69,Empresa,Tarjeta,False,2.0
ORD-002204,2025-10-25,CDMX-01,Centro,Tienda,Electrónica,Teclado mecánico,1,1200.41,0.0,730.7,Nuevo,Tarjeta,False,5.0
ORD-002979,2025-01-23,CDMX-02,Centro,Online,Electrónica,Audífonos Bluetooth,2,692.56,0.05,382.07,Nuevo,Transferencia,False,1.0
ORD-003527,2025-12-21,MTY-01,Norte,Tienda,Hogar,Cafetera programable,4,1692.49,0.0,870.4,Recurrente,Tarjeta,False,5.0
ORD-001491,2025-04-15,ZAP-01,Occidente,Online,Deportes,Mochila deportiva,2,807.47,0.0,345.04,Nuevo,Tarjeta,False,5.0
ORD-001591,2025-12-08,PUE-01,Centro,Tienda,Hogar,Juego de sábanas,1,707.06,0.0,312.55,Nuevo,Tarjeta,False,4.0
ORD-002684,2025-10-03,VER-01,Golfo,Tienda,Electrónica,Monitor 24 pulgadas,4,3435.82,0.0,2342.9,Recurrente,Tarjeta,False,3.0
ORD-000826,2025-11-14,MTY-02,Norte,Tienda,Hogar,Juego de sábanas,1,689.83,0.1,315.8,Recurrente,Tarjeta,False,2.0
ORD-001628,2025-01-14,CHH-01,Norte,Tienda,Deportes,Tapete de yoga,1,399.55,0.15,161.99,Nuevo,Transferencia,False,4.0
ORD-001283,2025-05-19,VER-01,Golfo,Online,Electrónica,Audífonos Bluetooth,3,660.85,0.05,384.64,Recurrente,Tarjeta,False,1.0
ORD-000011,2025-10-09,CAN-01,Sureste,Online,Deportes,Mancuernas 10 kg,3,935.76,0.15,507.29,Nuevo,Efectivo,False,4.0
ORD-003581,2025-11-09,CDMX-02,Centro,Tienda,Hogar,Licuadora,3,1097.79,0.2,565.52,Nuevo,Efectivo,False,4.0
ORD-000726,2025-12-17,GDL-01,Occidente,Online,Deportes,Mochila deportiva,2,823.66,0.15,337.26,Recurrente,Efectivo,False,2.0
ORD-002617,2025-08-31,GDL-01,Occidente,Tienda,Hogar,Juego de sábanas,3,664.0,0.2,308.09,Recurrente,Tarjeta,False,5.0
ORD-000069,2025-08-22,PUE-01,Centro,Online,Electrónica,Audífonos Bluetooth,2,703.44,0.15,385.11,Recurrente,Tarjeta,False,2.0
ORD-000882,2025-07-01,PUE-01,Centro,Online,Electrónica,Monitor 24 pulgadas,4,3320.07,0.0,2358.16,Recurrente,Tarjeta,False,4.0
ORD-000901,2025-03-30,GDL-01,Occidente,Tienda,Oficina,Silla ergonómica,1,2986.05,0.15,1903.64,Recurrente,Efectivo,False,5.0
ORD-003506,2025-04-28,ZAP-01,Occidente,Tienda,Deportes,Mancuernas 10 kg,2,933.66,0.05,530.88,Nuevo,Tarjeta,False,3.0
ORD-001812,2025-06-19,MTY-01,Norte,Online,Electrónica,Teclado mecánico,2,1151.95,0.1,709.45,Empresa,Tarjeta,False,4.0
ORD-000653,2025-12-17,CDMX-02,Centro,Online,Deportes,Tapete de yoga,5,436.9,0.0,160.16,Recurrente,Tarjeta,False,5.0
ORD-000631,2025-01-16,MER-01,Sureste,Tienda,Oficina,Organizador de escritorio,1,294.05,0.05,103.17,Nuevo,Efectivo,False,5.0
ORD-001125,2025-01-01,MER-01,Sureste,Tienda,Deportes,Tapete de yoga,1,419.91,0.2,163.39,Nuevo,Tarjeta,False,4.0
ORD-000674,2025-01-27,MTY-02,Norte,Tienda,Oficina,Lámpara LED,2,548.67,0.15,243.92,Recurrente,Tarjeta,False,3.0
ORD-000874,2025-03-20,VER-01,Golfo,Tienda,Hogar,Cafetera programable,1,1504.34,0.1,871.23,Recurrente,Tarjeta,False,5.0
ORD-003570,2025-07-11,MTY-02,Norte,Online,Oficina,Organizador de escritorio,2,295.93,0.0,109.0,Recurrente,Efectivo,False,3.0
ORD-001947,2025-05-05,CHH-01,Norte,Online,Hogar,Juego de sábanas,1,685.78,0.2,311.45,Recurrente,Tarjeta,False,5.0
ORD-001563,2025-10-16,MER-01,Sureste,Tienda,Hogar,Licuadora,1,1021.44,0.1,565.56,Recurrente,Tarjeta,False,4.0
ORD-001138,2025-12-24,ZAP-01,Occidente,Tienda,Hogar,Juego de sábanas,2,725.87,0.2,311.87,Empresa,Tarjeta,False,3.0
ORD-001998,2025-09-15,MTY-02,Norte,Online,Electrónica,Audífonos Bluetooth,1,713.5,0.1,382.36,Nuevo,Transferencia,False,3.0
ORD-001451,2025-05-04,VER-01,Golfo,Tienda,Oficina,Lámpara LED,4,549.26,0.1,240.79,Recurrente,Tarjeta,False,
ORD-003309,2025-09-03,MTY-01,Norte,Tienda,Electrónica,Monitor 24 pulgadas,1,3321.25,0.0,2372.73,Recurrente,Efectivo,False,1.0
ORD-002838,2025-01-21,GDL-01,Occidente,Tienda,Hogar,Juego de sábanas,1,658.87,0.0,300.25,Recurrente,Tarjeta,False,5.0
ORD-002791,2025-02-22,MTY-02,Norte,Online,Deportes,Tapete de yoga,2,390.13,0.05,158.21,Recurrente,Tarjeta,False,3.0
ORD-002455,2025-10-10,PUE-01,Centro,Tienda,Electrónica,Monitor 24 pulgadas,2,3390.87,0.0,2374.0,Recurrente,Tarjeta,False,1.0
ORD-001697,2025-01-31,MER-01,Sureste,Online,Electrónica,Teclado mecánico,1,1184.62,0.3,732.11,Recurrente,Efectivo,True,4.0
ORD-001680,2025-11-01,VER-01,Golfo,Online,Hogar,Cafetera programable,2,1612.54,0.0,861.23,Recurrente,Tarjeta,False,5.0
ORD-001424,2025-11-21,MER-01,Sureste,Online,Oficina,Organizador de escritorio,3,313.34,0.1,104.04,Recurrente,Tarjeta,False,4.0
ORD-001313,2025-08-12,GDL-02,Occidente,Tienda,Deportes,Mancuernas 10 kg,1,917.67,0.1,503.48,Nuevo,Tarjeta,False,4.0
ORD-001243,2025-06-01,PUE-01,Centro,Tienda,Deportes,Mochila deportiva,5,760.52,0.2,348.77,Nuevo,Tarjeta,False,3.0
ORD-000558,2025-11-20,ZAP-01,Occidente,Online,Deportes,Mancuernas 10 kg,5,973.13,0.2,518.0,Recurrente,Transferencia,False,4.0
ORD-003398,2025-09-07,CHH-01,Norte,Tienda,Hogar,Cafetera programable,1,1540.13,0.15,854.13,Recurrente,Tarjeta,True,5.0
ORD-002102,2025-05-12,CDMX-02,Centro,Tienda,Electrónica,Teclado mecánico,3,1194.61,0.1,729.69,Recurrente,Tarjeta,False,2.0
ORD-001802,2025-02-04,VER-01,Golfo,Online,Electrónica,Teclado mecánico,3,1219.16,0.0,717.95,Recurrente,Efectivo,False,4.0
ORD-001319,2025-10-02,CDMX-01,Centro,Tienda,Hogar,Juego de sábanas,4,658.31,0.0,306.29,Recurrente,Transferencia,False,5.0
ORD-000330,2025-11-12,GDL-01,Occidente,Online,Hogar,Cafetera programable,1,1599.89,0.3,852.32,Empresa,Efectivo,False,5.0
ORD-003465,2025-12-25,MTY-01,Norte,Tienda,Hogar,Juego de sábanas,1,720.75,0.15,316.78,Recurrente,Tarjeta,False,3.0
ORD-001448,2025-01-19,GDL-01,Occidente,Tienda,Electrónica,Teclado mecánico,5,1169.26,0.1,724.09,Nuevo,Tarjeta,False,3.0
ORD-002503,2025-10-04,CDMX-01,Centro,Tienda,Electrónica,Monitor 24 pulgadas,5,3299.95,0.1,2340.94,Recurrente,Tarjeta,True,4.0
ORD-000786,2025-03-18,VER-01,Golfo,Tienda,Oficina,Silla ergonómica,6,3028.51,0.0,1860.19,Nuevo,Efectivo,False,5.0
ORD-001422,2025-05-10,GDL-01,Occidente,Online,Electrónica,Teclado mecánico,1,1230.59,0.2,717.42,Empresa,Efectivo,False,4.0
ORD-003297,2025-10-03,CDMX-01,Centro,Online,Oficina,Organizador de escritorio,1,290.95,0.05,104.85,Nuevo,Tarjeta,True,4.0
ORD-000250,2025-07-26,MER-01,Sureste,Online,Electrónica,Teclado mecánico,3,1175.42,0.15,716.44,Nuevo,Tarjeta,False,4.0
ORD-001331,2025-08-12,PUE-01,Centro,Tienda,Oficina,Organizador de escritorio,2,297.02,0.1,105.47,Nuevo,Tarjeta,True,5.0
ORD-000534,2025-04-21,GDL-01,Occidente,Online,Electrónica,Audífonos Bluetooth,3,704.1,0.1,390.59,Recurrente,Tarjeta,False,4.0
ORD-000032,2025-02-28,GDL-01,Occidente,Tienda,Electrónica,Monitor 24 pulgadas,3,3458.26,0.2,2265.38,Recurrente,Efectivo,False,5.0
ORD-000296,2025-04-24,MER-01,Sureste,Tienda,Electrónica,Monitor 24 pulgadas,1,3253.9,0.1,2354.07,Recurrente,Tarjeta,False,3.0
ORD-000603,2025-11-25,GDL-01,Occidente,Tienda,Deportes,Mancuernas 10 kg,3,987.67,0.15,518.88,Nuevo,Efectivo,False,4.0
ORD-001240,2025-08-21,MTY-02,Norte,Online,Electrónica,Audífonos Bluetooth,3,684.53,0.2,382.48,Nuevo,Tarjeta,False,4.0
ORD-003485,2025-10-02,PUE-01,Centro,Tienda,Oficina,Organizador de escritorio,2,290.45,0.05,106.08,Nuevo,Tarjeta,False,5.0
ORD-001163,2025-06-09,GDL-02,,Online,Electrónica,Audífonos Bluetooth,4,716.36,0.0,375.62,Nuevo,Efectivo,True,3.0
ORD-001890,2025-10-12,MTY-01,Norte,Tienda,Electrónica,Teclado mecánico,1,1227.82,0.0,717.86,Recurrente,Tarjeta,False,2.0
ORD-002379,2025-09-11,CHH-01,Norte,Tienda,Electrónica,Teclado mecánico,4,1152.36,0.15,709.98,Recurrente,Tarjeta,False,5.0
ORD-001278,2025-04-26,CDMX-02,Centro,Online,Oficina,Silla ergonómica,2,2828.99,0.0,1781.84,Nuevo,Tarjeta,False,5.0
ORD-002366,2025-11-21,CHH-01,Norte,Tienda,Hogar,Cafetera programable,2,1632.31,0.0,862.51,Recurrente,Transferencia,False,3.0
ORD-001213,2025-10-24,CHH-01,Norte,Tienda,Deportes,Mancuernas 10 kg,2,885.19,0.1,522.01,Recurrente,Efectivo,False,5.0
ORD-003504,2025-02-19,GDL-02,Occidente,Online,Deportes,Tapete de yoga,1,389.17,0.1,159.72,Nuevo,Efectivo,False,5.0
ORD-001839,2025-07-06,CDMX-02,Centro,Tienda,Electrónica,Audífonos Bluetooth,2,711.78,0.1,381.36,Recurrente,Efectivo,False,5.0
ORD-003322,2025-10-28,MTY-01,Norte,Online,Deportes,Mochila deportiva,3,778.69,0.15,335.97,Nuevo,Efectivo,False,4.0
ORD-002562,2025-05-07,ZAP-01,Occidente,Tienda,Electrónica,Audífonos Bluetooth,1,736.15,0.2,389.55,Recurrente,Tarjeta,False,4.0
ORD-002677,2025-03-09,GDL-01,Occidente,Tienda,Oficina,Silla ergonómica,2,2934.89,0.15,1832.81,Nuevo,Transferencia,False,4.0
ORD-000510,2025-04-19,MER-01,Sureste,Tienda,Hogar,Cafetera programable,2,1498.08,0.0,860.39,Recurrente,Tarjeta,False,4.0
ORD-002151,2025-07-11,ZAP-01,Occidente,Tienda,Electrónica,Monitor 24 pulgadas,1,3298.26,0.0,2363.21,Recurrente,Tarjeta,False,5.0
ORD-003149,2025-05-22,MER-01,Sureste,Tienda,Electrónica,Teclado mecánico,-1,1157.88,0.05,739.54,Nuevo,Tarjeta,False,4.0
ORD-002108,2025-08-30,VER-01,Golfo,Tienda,Electrónica,Teclado mecánico,1,1224.73,0.05,738.48,Nuevo,Tarjeta,False,5.0
ORD-000243,2025-01-17,MTY-02,Norte,Tienda,Electrónica,Teclado mecánico,5,1241.39,0.05,731.44,Nuevo,Transferencia,False,4.0
ORD-003419,2025-09-07,MTY-02,Norte,Tienda,Deportes,Mancuernas 10 kg,2,853.9,0.0,524.45,Recurrente,Efectivo,False,4.0
ORD-002744,2025-02-23,CHH-01,Norte,Online,Deportes,Mancuernas 10 kg,2,892.83,0.0,516.2,Recurrente,Tarjeta,False,3.0
ORD-000797,2025-11-02,GDL-01,Occidente,Tienda,Oficina,Lámpara LED,2,612.81,0.15,238.89,Recurrente,Transferencia,False,2.0
ORD-001976,2025-03-08,PUE-01,Centro,Online,Hogar,Cafetera programable,2,1450.48,0.05,853.45,Recurrente,Efectivo,False,5.0
ORD-003580,2025-09-04,GDL-01,Occidente,Tienda,Oficina,Silla ergonómica,2,2871.95,0.0,1836.96,Empresa,Transferencia,False,4.0
ORD-002914,2025-12-26,CDMX-02,Centro,Tienda,Hogar,Juego de sábanas,1,730.87,0.15,319.29,Recurrente,Tarjeta,False,4.0
ORD-001018,2025-02-10,CAN-01,Sureste,Tienda,Hogar,Licuadora,1,993.08,0.0,565.6,Recurrente,Efectivo,False,4.0
ORD-002550,2025-04-11,VER-01,Golfo,Online,Oficina,Organizador de escritorio,4,281.95,0.0,105.02,Recurrente,Tarjeta,False,4.0
ORD-001028,2025-12-17,ZAP-01,Occidente,Tienda,Oficina,Organizador de escritorio,1,334.98,0.1,104.54,Nuevo,Tarjeta,False,4.0
ORD-003034,2025-11-12,CAN-01,Sureste,Tienda,Oficina,Lámpara LED,5,610.77,0.2,244.17,Nuevo,Tarjeta,False,3.0
ORD-003437,2025-11-21,GDL-02,Occidente,Tienda,Oficina,Organizador de escritorio,6,317.26,0.0,109.49,Recurrente,Efectivo,False,4.0
ORD-001347,2025-11-08,MTY-01,Norte,Tienda,Oficina,Lámpara LED,1,610.24,0.15,240.25,Recurrente,Tarjeta,False,4.0
ORD-000602,2025-06-01,CAN-01,Sureste,Online,Electrónica,Teclado mecánico,1,1184.98,0.1,705.22,Nuevo,Transferencia,False,5.0
ORD-003533,2025-05-11,GDL-01,Occidente,Tienda,Hogar,Juego de sábanas,3,660.48,0.1,310.27,Recurrente,Tarjeta,False,3.0
ORD-002530,2025-01-26,VER-01,Golfo,Tienda,Oficina,Organizador de escritorio,1,275.11,0.1,104.74,Nuevo,Tarjeta,False,4.0
ORD-000175,2025-01-01,GDL-02,Occidente,Online,Hogar,Cafetera programable,5,1448.8,0.05,870.59,Recurrente,Efectivo,False,4.0
ORD-001538,2025-03-01,CHH-01,Norte,Tienda,Electrónica,Teclado mecánico,1,1229.5,0.1,691.59,Empresa,Tarjeta,False,4.0
ORD-001677,2025-11-26,GDL-02,Occidente,Online,Oficina,Organizador de escritorio,6,313.26,0.05,103.79,Nuevo,Tarjeta,False,4.0
ORD-002046,2025-12-11,MTY-01,Norte,Tienda,Electrónica,Monitor 24 pulgadas,3,3516.71,0.3,2326.47,Recurrente,Tarjeta,False,5.0
ORD-000031,2025-07-10,ZAP-01,Occidente,Online,Electrónica,Audífonos Bluetooth,4,708.31,0.1,386.56,Empresa,Tarjeta,False,1.0
ORD-001614,2025-10-04,CHH-01,Norte,Tienda,Oficina,Lámpara LED,1,561.94,0.3,240.39,Nuevo,Tarjeta,False,4.0
ORD-002277,2025-09-19,ZAP-01,Occidente,Online,Deportes,Mancuernas 10 kg,6,904.88,0.05,516.78,Recurrente,Tarjeta,True,4.0
ORD-001542,2025-03-01,CHH-01,Norte,Online,Deportes,Mancuernas 10 kg,1,919.9,0.2,524.02,Recurrente,Transferencia,False,5.0
ORD-001145,2025-05-02,MTY-01,Norte,Tienda,Electrónica,Audífonos Bluetooth,2,707.11,0.0,384.81,Empresa,Tarjeta,False,5.0
ORD-002473,2025-05-25,ZAP-01,Occidente,Tienda,Deportes,Mancuernas 10 kg,3,894.35,0.15,512.73,Nuevo,Tarjeta,False,4.0
ORD-003120,2025-12-24,CDMX-02,Centro,Tienda,Oficina,Lámpara LED,1,576.54,0.1,240.06,Recurrente,Tarjeta,False,3.0
ORD-002559,2025-10-06,GDL-02,Occidente,Tienda,Electrónica,Teclado mecánico,1,1201.06,0.15,712.56,Recurrente,Tarjeta,False,4.0
ORD-000169,2025-03-02,MER-01,Sureste,Online,Oficina,Silla ergonómica,4,2846.04,0.2,1813.0,Recurrente,Efectivo,False,4.0
ORD-000078,2025-11-30,CHH-01,Norte,Online,Hogar,Juego de sábanas,5,719.41,0.3,299.04,Recurrente,Tarjeta,True,5.0
ORD-002624,2025-06-11,CDMX-02,Centro,Online,Hogar,Cafetera programable,2,1489.25,0.0,862.97,Empresa,Efectivo,False,5.0
ORD-002219,2025-01-29,CHH-01,Norte,Tienda,Hogar,Cafetera programable,2,1499.48,0.15,880.2,Recurrente,Tarjeta,False,4.0
ORD-002137,2025-01-01,GDL-01,Occidente,Tienda,Hogar,Licuadora,2,970.23,0.0,556.35,Nuevo,Tarjeta,False,5.0
ORD-003522,2025-07-17,CDMX-01,Centro,Tienda,Electrónica,Monitor 24 pulgadas,2,3249.71,0.0,2340.51,Recurrente,Efectivo,False,2.0
ORD-001761,2025-07-30,MTY-01,Norte,Online,Oficina,Lámpara LED,1,554.38,0.05,238.33,Nuevo,Tarjeta,False,5.0
ORD-000731,2025-12-25,MTY-01,Norte,Online,Oficina,Organizador de escritorio,2,320.18,0.1,105.75,Nuevo,Tarjeta,False,4.0
ORD-003553,2025-03-13,PUE-01,Centro,Tienda,Deportes,Mancuernas 10 kg,3,899.76,0.0,531.5,Nuevo,Efectivo,False,2.0
ORD-002966,2025-04-01,PUE-01,Centro,Online,Hogar,Licuadora,1,993.41,0.0,563.75,Nuevo,Efectivo,False,3.0
ORD-002520,2025-03-18,CDMX-02,Centro,Tienda,Hogar,Cafetera programable,2,1514.18,0.1,876.39,Nuevo,Tarjeta,False,4.0
ORD-002523,2025-01-21,CDMX-01,Centro,Tienda,Electrónica,Monitor 24 pulgadas,5,3447.3,0.2,2367.89,Recurrente,Tarjeta,False,3.0
ORD-001878,2025-07-12,GDL-02,Occidente,Online,Oficina,Silla ergonómica,2,2916.81,0.0,1866.3,Recurrente,Transferencia,False,5.0
ORD-003372,2025-01-23,VER-01,Golfo,Online,Oficina,Silla ergonómica,2,2826.24,0.05,1818.14,Nuevo,Efectivo,False,5.0
ORD-001089,2025-08-19,CDMX-01,Centro,Online,Electrónica,Teclado mecánico,2,1159.44,0.0,725.38,Recurrente,Tarjeta,False,4.0
ORD-001251,2025-06-15,CHH-01,Norte,Tienda,Electrónica,Audífonos Bluetooth,1,702.0,0.0,384.43,Recurrente,Tarjeta,False,3.0
ORD-001999,2025-11-26,VER-01,Golfo,Tienda,Oficina,Lámpara LED,4,615.19,0.2,242.93,Recurrente,Transferencia,False,5.0
ORD-000119,2025-08-12,MER-01,Sureste,Tienda,Hogar,Juego de sábanas,3,661.41,0.1,308.17,Nuevo,Efectivo,False,5.0
ORD-000312,2025-10-21,MTY-02,Norte,Online,Electrónica,Audífonos Bluetooth,1,694.34,0.15,384.58,Recurrente,Efectivo,False,5.0
ORD-002851,2025-11-11,MTY-01,Norte,Tienda,Hogar,Licuadora,4,1082.9,0.1,558.85,Recurrente,Efectivo,False,3.0
ORD-001155,2025-12-20,VER-01,Golfo,Tienda,Hogar,Juego de sábanas,1,722.06,0.1,314.92,Recurrente,Tarjeta,False,1.0
ORD-001266,2025-10-26,MTY-01,Norte,Tienda,Oficina,Lámpara LED,1,542.69,0.0,236.56,Recurrente,Tarjeta,False,4.0
ORD-000537,2025-01-29,VER-01,Golfo,Tienda,Hogar,Juego de sábanas,2,663.81,0.3,315.34,Recurrente,Transferencia,False,4.0
ORD-002181,2025-08-02,CHH-01,Norte,Tienda,Oficina,Silla ergonómica,1,2973.84,0.15,1837.95,Nuevo,Tarjeta,False,4.0
ORD-002517,2025-01-01,MTY-02,Norte,Tienda,Electrónica,Teclado mecánico,2,1205.66,0.0,734.43,Nuevo,Tarjeta,False,5.0
ORD-000347,2025-11-19,GDL-02,Occidente,Online,Hogar,Juego de sábanas,2,693.01,0.2,310.67,Recurrente,Transferencia,False,4.0
ORD-000020,2025-09-03,CDMX-01,Centro,Online,Electrónica,Teclado mecánico,2,1120.86,0.0,716.83,Nuevo,Tarjeta,False,4.0
ORD-001981,2025-02-02,MER-01,Sureste,Tienda,Hogar,Licuadora,1,988.97,0.15,548.21,Recurrente,Tarjeta,False,4.0
ORD-000508,2025-11-02,CHH-01,Norte,Tienda,Oficina,Lámpara LED,5,620.46,0.15,235.78,Empresa,Transferencia,False,4.0
ORD-001644,2025-08-04,GDL-01,Occidente,Tienda,Deportes,Mancuernas 10 kg,1,914.98,0.1,518.2,Empresa,Tarjeta,False,5.0
ORD-001573,2025-06-29,MTY-02,Norte,Online,Deportes,Tapete de yoga,1,399.45,0.1,159.6,Recurrente,Tarjeta,False,4.0
ORD-000673,2025-01-24,PUE-01,Centro,Tienda,Deportes,Mochila deportiva,1,756.49,0.1,348.59,Recurrente,Tarjeta,False,5.0
ORD-001753,2025-08-31,VER-01,Golfo,Tienda,Deportes,Mancuernas 10 kg,1,847.72,0.0,516.32,Recurrente,Transferencia,False,3.0
ORD-002668,2025-06-14,ZAP-01,Occidente,Online,Electrónica,Teclado mecánico,2,1163.45,0.2,735.27,Recurrente,Efectivo,False,4.0
ORD-001143,2025-06-19,GDL-02,Occidente,Tienda,Oficina,Silla ergonómica,1,2905.71,0.05,1773.97,Empresa,Efectivo,False,5.0
ORD-002052,2025-07-01,CHH-01,Norte,Tienda,Hogar,Licuadora,2,970.28,0.0,552.44,Recurrente,Efectivo,False,5.0
ORD-003291,2025-04-20,CAN-01,Sureste,Tienda,Electrónica,Audífonos Bluetooth,3,695.73,0.15,374.22,Recurrente,Tarjeta,False,2.0
ORD-002067,2025-04-30,ZAP-01,Occidente,Online,Hogar,Licuadora,2,976.07,0.15,550.71,Recurrente,Tarjeta,False,5.0
ORD-001584,2025-09-10,MTY-02,Norte,Tienda,Hogar,Cafetera programable,3,1554.78,0.1,863.88,Recurrente,Tarjeta,False,5.0
ORD-000352,2025-10-08,PUE-01,Centro,Tienda,Electrónica,Teclado mecánico,1,1246.25,0.15,726.2,Recurrente,Tarjeta,False,4.0
ORD-000703,2025-07-02,MTY-01,Norte,Online,Electrónica,Teclado mecánico,3,1128.4,0.0,727.77,Recurrente,Tarjeta,False,4.0
ORD-001367,2025-10-17,PUE-01,Centro,Tienda,Hogar,Licuadora,1,1030.54,0.2,539.39,Nuevo,Tarjeta,False,3.0
ORD-003017,2025-08-05,CAN-01,Sureste,Online,Hogar,Cafetera programable,1,1522.07,0.05,861.66,Nuevo,Tarjeta,False,4.0
ORD-001694,2025-01-29,ZAP-01,Occidente,Tienda,Deportes,Mochila deportiva,5,745.54,0.1,341.51,Nuevo,Tarjeta,False,4.0
ORD-001982,2025-10-14,CDMX-01,Centro,Tienda,Hogar,Juego de sábanas,2,648.43,0.0,308.78,Recurrente,Tarjeta,False,5.0
ORD-002141,2025-09-13,MER-01,Sureste,Tienda,Deportes,Tapete de yoga,4,406.29,0.15,158.43,Recurrente,Efectivo,False,3.0
ORD-001503,2025-04-11,CHH-01,Norte,Tienda,Electrónica,Monitor 24 pulgadas,2,3149.1,0.0,2334.1,Nuevo,Efectivo,False,5.0
ORD-001809,2025-09-20,VER-01,Golfo,Tienda,Hogar,Cafetera programable,1,1529.35,0.15,872.75,Recurrente,Efectivo,True,5.0
ORD-001232,2025-05-18,VER-01,Golfo,Online,Oficina,Lámpara LED,2,540.58,0.0,234.67,Nuevo,Efectivo,False,4.0
ORD-003330,2025-10-10,GDL-01,Occidente,Online,Oficina,Silla ergonómica,1,2927.58,0.0,1828.35,Nuevo,Tarjeta,False,5.0
ORD-000345,2025-06-06,CAN-01,Sureste,Tienda,Electrónica,Teclado mecánico,4,1211.12,0.05,717.84,Recurrente,Tarjeta,False,2.0
ORD-001751,2025-08-19,CAN-01,Sureste,Tienda,Oficina,Silla ergonómica,1,2915.95,0.05,1807.92,Nuevo,Tarjeta,False,4.0
ORD-001676,2025-04-02,CAN-01,Sureste,Online,Electrónica,Teclado mecánico,1,1219.05,0.2,734.74,Nuevo,Efectivo,False,2.0
ORD-001359,2025-08-22,CAN-01,Sureste,Online,Electrónica,Monitor 24 pulgadas,1,3364.8,0.0,2342.05,Recurrente,Efectivo,False,5.0
ORD-001564,2025-06-25,VER-01,Golfo,Online,Hogar,Juego de sábanas,5,664.53,0.15,312.2,Nuevo,Tarjeta,False,4.0
ORD-000842,2025-06-25,VER-01,Golfo,Online,Deportes,Mochila deportiva,4,720.47,0.1,335.84,Nuevo,Efectivo,False,4.0
ORD-002394,2025-07-24,MTY-01,Norte,Tienda,Electrónica,Teclado mecánico,2,1210.88,0.15,719.35,Recurrente,Transferencia,False,4.0
ORD-000334,2025-07-10,MTY-01,Norte,Tienda,Oficina,Silla ergonómica,2,2855.01,0.3,1762.44,Recurrente,Efectivo,False,5.0
ORD-000837,2025-01-16,MTY-02,Norte,Tienda,Hogar,Juego de sábanas,2,647.83,0.2,308.67,Recurrente,Tarjeta,True,3.0
ORD-001181,2025-06-18,GDL-01,Occidente,Online,Deportes,Tapete de yoga,1,402.06,0.05,157.49,Empresa,Efectivo,False,4.0
ORD-000181,2025-04-22,CAN-01,Sureste,Tienda,Electrónica,Monitor 24 pulgadas,1,3242.56,0.0,2333.73,Nuevo,Efectivo,False,4.0
ORD-002319,2025-12-25,MTY-01,Norte,Tienda,Oficina,Organizador de escritorio,2,325.81,0.05,104.16,Nuevo,Tarjeta,False,5.0
ORD-000185,2025-08-08,MTY-02,Norte,Tienda,Deportes,Mancuernas 10 kg,4,901.31,0.15,511.67,Recurrente,Tarjeta,False,4.0
ORD-001659,2025-11-09,ZAP-01,Occidente,Tienda,Hogar,Cafetera programable,2,1623.62,0.2,873.13,Recurrente,Tarjeta,False,4.0
ORD-003433,2025-06-03,GDL-01,Occidente,Online,Electrónica,Teclado mecánico,2,1189.89,0.2,734.83,Recurrente,Efectivo,False,4.0
ORD-000803,2025-04-06,CAN-01,Sureste,Online,Oficina,Lámpara LED,1,568.99,0.1,240.46,Nuevo,Tarjeta,True,4.0
ORD-002980,2025-09-10,ZAP-01,Occidente,Tienda,Hogar,Licuadora,3,978.23,0.3,564.91,Nuevo,Tarjeta,False,3.0
ORD-001752,2025-01-08,VER-01,Golfo,Tienda,Electrónica,Teclado mecánico,1,1191.89,0.0,720.44,Nuevo,Tarjeta,False,4.0
ORD-002425,2025-02-03,MTY-01,Norte,Online,Deportes,Mancuernas 10 kg,1,884.98,0.05,523.63,Recurrente,Tarjeta,False,4.0
ORD-002371,2025-07-05,PUE-01,Centro,Online,Deportes,Mancuernas 10 kg,2,880.55,0.0,512.98,Recurrente,Efectivo,True,
ORD-001290,2025-08-19,VER-01,Golfo,Tienda,Electrónica,Monitor 24 pulgadas,2,3349.67,0.05,2366.93,Nuevo,Efectivo,False,3.0
ORD-003025,2025-09-01,MER-01,Sureste,Online,Hogar,Cafetera programable,1,1505.27,0.2,869.92,Nuevo,Tarjeta,False,3.0
ORD-002390,2025-04-05,CAN-01,Sureste,Online,Hogar,Licuadora,2,1006.37,0.1,559.95,Nuevo,Tarjeta,False,5.0
ORD-001081,2025-05-22,MER-01,Sureste,Online,Oficina,Lámpara LED,3,542.53,0.3,240.02,Nuevo,Tarjeta,False,2.0
ORD-001205,2025-07-11,GDL-01,Occidente,Tienda,Electrónica,Teclado mecánico,1,1183.03,0.1,715.19,Nuevo,Tarjeta,False,4.0
ORD-000914,2025-04-13,MTY-01,Norte,Tienda,Hogar,Juego de sábanas,2,637.83,0.05,313.03,Empresa,Tarjeta,False,5.0
ORD-000563,2025-08-05,GDL-01,Occidente,Tienda,Oficina,Lámpara LED,1,559.64,0.3,248.27,Nuevo,Tarjeta,False,4.0
ORD-000820,2025-11-14,VER-01,Golfo,Tienda,Deportes,Mancuernas 10 kg,2,1023.36,0.05,508.39,Empresa,Efectivo,True,5.0
ORD-002912,2025-05-03,CAN-01,Sureste,Tienda,Oficina,Lámpara LED,2,545.13,0.2,243.57,Recurrente,Tarjeta,False,4.0
ORD-001840,2025-11-06,GDL-01,Occidente,Online,Electrónica,Teclado mecánico,4,1306.06,0.1,709.09,Recurrente,Efectivo,False,5.0
ORD-000730,2025-10-12,GDL-02,Occidente,Online,Oficina,Silla ergonómica,2,2959.87,0.1,1877.35,Nuevo,Efectivo,False,5.0
ORD-003171,2025-05-06,MER-01,Sureste,Tienda,Hogar,Juego de sábanas,2,627.87,0.05,312.02,Empresa,Tarjeta,False,3.0
ORD-001636,2025-08-02,PUE-01,Centro,Tienda,Deportes,Tapete de yoga,2,394.74,0.1,161.21,Recurrente,Tarjeta,False,2.0
ORD-002260,2025-01-03,ZAP-01,Occidente,Tienda,Oficina,Lámpara LED,2,550.65,0.1,233.87,Nuevo,Efectivo,False,4.0
ORD-003189,2025-12-11,ZAP-01,Occidente,Tienda,Hogar,Licuadora,1,1104.98,0.1,555.08,Recurrente,Efectivo,False,5.0
ORD-003202,2025-03-27,VER-01,Golfo,Tienda,Deportes,Mancuernas 10 kg,3,896.41,0.05,518.81,Recurrente,Transferencia,False,2.0
ORD-001415,2025-02-03,VER-01,Golfo,Online,Hogar,Juego de sábanas,2,656.71,0.1,318.25,Nuevo,Tarjeta,False,5.0
ORD-003540,2025-07-13,CAN-01,Sureste,Tienda,Deportes,Tapete de yoga,3,387.37,0.05,160.06,Nuevo,Tarjeta,True,5.0
ORD-002644,2025-05-31,CAN-01,Sureste,Tienda,Hogar,Licuadora,2,1013.27,0.0,553.43,Recurrente,Tarjeta,False,3.0
ORD-003209,2025-10-26,VER-01,Golfo,Tienda,Oficina,Silla ergonómica,2,2936.23,0.0,1838.91,Recurrente,Tarjeta,False,3.0
ORD-002609,2025-05-07,MTY-01,Norte,Online,Deportes,Mancuernas 10 kg,1,916.5,0.0,507.25,Empresa,Tarjeta,False,5.0
ORD-000041,2025-02-10,GDL-01,Occidente,Tienda,Electrónica,Teclado mecánico,3,1218.73,0.05,695.74,Recurrente,Efectivo,False,4.0
ORD-001259,2025-11-16,MTY-01,Norte,Tienda,Electrónica,Monitor 24 pulgadas,3,3816.93,0.05,2335.33,Recurrente,Tarjeta,False,3.0
ORD-000441,2025-09-30,ZAP-01,Occidente,Tienda,Electrónica,Monitor 24 pulgadas,1,3230.56,0.2,2383.08,Nuevo,Transferencia,False,3.0
ORD-000398,2025-10-22,VER-01,Golfo,Tienda,Electrónica,Monitor 24 pulgadas,1,3311.82,0.1,2343.54,Recurrente,Tarjeta,False,4.0
ORD-000982,2025-07-03,CDMX-01,Centro,Tienda,Deportes,Mancuernas 10 kg,1,893.24,0.05,526.17,Nuevo,Tarjeta,False,5.0
ORD-003282,2025-01-12,PUE-01,Centro,Tienda,Oficina,Organizador de escritorio,1,280.03,0.0,103.33,Recurrente,Tarjeta,False,5.0
ORD-001903,2025-06-03,GDL-02,Occidente,Online,Hogar,Juego de sábanas,1,642.96,0.05,318.9,Empresa,Tarjeta,False,5.0
ORD-003563,2025-04-16,CHH-01,Norte,Online,Electrónica,Monitor 24 pulgadas,2,3335.83,0.15,2335.21,Nuevo,Tarjeta,False,5.0
ORD-001399,2025-05-22,MTY-01,Norte,Online,Deportes,Mochila deportiva,3,708.72,0.05,337.47,Nuevo,Tarjeta,False,4.0
ORD-000723,2025-05-02,PUE-01,Centro,Tienda,Oficina,Lámpara LED,3,559.03,0.0,240.67,Recurrente,Tarjeta,False,5.0
ORD-001582,2025-11-18,MTY-02,Norte,Online,Hogar,Cafetera programable,2,1688.29,0.05,873.65,Nuevo,Tarjeta,False,3.0
ORD-000760,2025-01-11,ZAP-01,Occidente,Online,Deportes,Mochila deportiva,3,764.81,0.1,337.9,Recurrente,Tarjeta,False,4.0
ORD-003582,2025-06-21,ZAP-01,Occidente,Online,Electrónica,Teclado mecánico,2,1201.5,0.0,707.38,Nuevo,Tarjeta,False,5.0
ORD-002272,2025-08-25,GDL-02,Occidente,Online,Hogar,Licuadora,2,1034.8,0.0,568.11,Recurrente,Tarjeta,False,3.0
ORD-000698,2025-09-17,GDL-01,Occidente,Tienda,Oficina,Lámpara LED,2,560.18,0.0,239.92,Recurrente,Transferencia,False,5.0
ORD-002673,2025-10-05,GDL-02,Occidente,Online,Deportes,Tapete de yoga,1,402.84,0.05,159.16,Recurrente,Tarjeta,False,2.0
ORD-001827,2025-12-22,PUE-01,Centro,Online,Hogar,Juego de sábanas,3,727.56,0.0,311.5,Empresa,Efectivo,False,4.0
ORD-000451,2025-09-20,MER-01,Sureste,Online,Electrónica,Teclado mecánico,1,1202.91,0.0,736.75,Nuevo,Efectivo,False,5.0
ORD-001431,2025-09-28,ZAP-01,Occidente,Tienda,Electrónica,Monitor 24 pulgadas,1,3365.15,0.0,2339.58,Recurrente,Tarjeta,False,4.0
ORD-003470,2025-07-16,GDL-02,Occidente,Tienda,Electrónica,Teclado mecánico,1,1178.96,0.2,722.42,Recurrente,Tarjeta,True,3.0
ORD-001461,2025-09-08,CDMX-02,Centro,Tienda,Deportes,Mancuernas 10 kg,5,903.6,0.05,515.82,Nuevo,Tarjeta,False,4.0
ORD-002178,2025-11-17,VER-01,Golfo,Online,Deportes,Mancuernas 10 kg,1,999.62,0.1,532.98,Recurrente,Tarjeta,False,3.0
ORD-002800,2025-12-10,ZAP-01,Occidente,Tienda,Deportes,Tapete de yoga,2,440.45,0.1,163.97,Recurrente,Tarjeta,False,2.0
ORD-002738,2025-09-29,GDL-02,Occidente,Tienda,Hogar,Juego de sábanas,1,679.0,0.3,313.14,Empresa,Tarjeta,False,5.0
ORD-000362,2025-03-05,GDL-01,Occidente,Tienda,Hogar,Cafetera programable,2,1510.97,0.15,881.98,Nuevo,Tarjeta,False,4.0
ORD-000394,2025-02-22,GDL-02,Occidente,Online,Deportes,Mochila deportiva,3,784.17,0.1,333.71,Nuevo,Efectivo,True,4.0
ORD-002845,2025-04-14,CDMX-02,Centro,Tienda,Oficina,Silla ergonómica,3,2834.49,0.3,1834.85,Recurrente,Tarjeta,False,2.0
ORD-003315,2025-04-13,VER-01,Golfo,Online,Deportes,Tapete de yoga,6,403.12,0.05,162.56,Recurrente,Tarjeta,True,5.0
ORD-001667,2025-09-21,CHH-01,Norte,Tienda,Hogar,Juego de sábanas,2,623.53,0.05,311.43,Recurrente,Tarjeta,False,5.0
ORD-001915,2025-11-02,PUE-01,Centro,Online,Deportes,Mancuernas 10 kg,1,960.6,0.1,519.08,Nuevo,Tarjeta,False,4.0
ORD-002414,2025-12-03,MER-01,Sureste,Online,Electrónica,Teclado mecánico,1,1301.45,0.2,719.97,Nuevo,Tarjeta,True,3.0
ORD-001820,2025-11-06,VER-01,Golfo,Tienda,Hogar,Juego de sábanas,2,682.5,0.0,311.65,Empresa,Efectivo,False,1.0
ORD-001647,2025-04-02,GDL-02,Occidente,Online,Hogar,Juego de sábanas,3,654.35,0.0,309.55,Recurrente,Tarjeta,False,5.0
ORD-001851,2025-10-07,GDL-02,Occidente,Tienda,Deportes,Mancuernas 10 kg,2,895.18,0.1,522.46,Recurrente,Transferencia,False,3.0
ORD-002128,2025-03-30,PUE-01,Centro,Online,Oficina,Lámpara LED,5,544.01,0.1,240.18,Nuevo,Tarjeta,False,3.0
ORD-001571,2025-05-29,MTY-02,Norte,Online,Hogar,Juego de sábanas,5,646.72,0.15,308.94,Recurrente,Tarjeta,False,5.0
ORD-002549,2025-11-24,PUE-01,Centro,Tienda,Oficina,Silla ergonómica,3,3179.91,0.0,1791.63,Recurrente,Tarjeta,False,1.0
ORD-000387,2025-03-22,GDL-01,Occidente,Online,Hogar,Juego de sábanas,1,699.0,0.1,314.08,Empresa,Efectivo,True,4.0
ORD-003102,2025-08-25,CAN-01,Sureste,Online,Deportes,Mochila deportiva,1,765.54,0.2,338.88,Empresa,Transferencia,False,5.0
ORD-002223,2025-01-01,CDMX-02,Centro,Tienda,Hogar,Licuadora,1,1008.85,0.1,556.74,Recurrente,Tarjeta,False,5.0
ORD-001776,2025-06-07,MER-01,Sureste,Tienda,Electrónica,Audífonos Bluetooth,1,683.74,0.0,387.24,Recurrente,Tarjeta,False,5.0
ORD-002040,2025-12-16,CDMX-02,Centro,Tienda,Hogar,Juego de sábanas,2,690.44,0.1,307.76,Nuevo,Tarjeta,False,5.0
ORD-000784,2025-06-25,CAN-01,Sureste,Online,Oficina,Silla ergonómica,5,2975.4,0.0,1869.82,Recurrente,Efectivo,False,5.0
ORD-001658,2025-10-05,GDL-01,Occidente,Online,Electrónica,Audífonos Bluetooth,2,683.47,0.0,386.79,Nuevo,Tarjeta,False,1.0
ORD-000521,2025-02-07,CAN-01,Sureste,Tienda,Electrónica,Monitor 24 pulgadas,1,3206.94,0.0,2391.52,Recurrente,Transferencia,False,3.0
ORD-001784,2025-06-16,CAN-01,Sureste,Tienda,Electrónica,Teclado mecánico,1,1192.62,0.0,744.33,Recurrente,Tarjeta,False,4.0
ORD-000934,2025-02-08,PUE-01,Centro,Tienda,Hogar,Licuadora,2,1019.08,0.2,539.45,Recurrente,Efectivo,False,3.0
ORD-000409,2025-10-07,MER-01,Sureste,Tienda,Electrónica,Teclado mecánico,3,1187.55,0.05,696.96,Recurrente,Tarjeta,False,4.0
ORD-000401,2025-05-10,PUE-01,Centro,Tienda,Oficina,Lámpara LED,4,557.17,0.0,244.37,Recurrente,Tarjeta,False,5.0
ORD-002815,2025-12-16,CDMX-02,Centro,Online,Deportes,Mancuernas 10 kg,2,951.75,0.1,509.73,Recurrente,Tarjeta,False,4.0
ORD-002110,2025-01-17,CHH-01,Norte,Online,Electrónica,Monitor 24 pulgadas,1,3343.78,0.05,2370.13,Nuevo,Efectivo,True,3.0
ORD-000936,2025-07-08,VER-01,Golfo,Online,Electrónica,Monitor 24 pulgadas,1,3312.36,0.0,2337.06,Nuevo,Tarjeta,False,4.0
ORD-002899,2025-06-12,MTY-02,Norte,Tienda,Oficina,Lámpara LED,5,575.59,0.1,238.25,Recurrente,Tarjeta,False,4.0
ORD-000904,2025-01-11,PUE-01,Centro,Tienda,Oficina,Lámpara LED,2,540.57,0.0,237.84,Recurrente,Tarjeta,False,4.0
ORD-003218,2025-12-14,GDL-02,Occidente,Tienda,Electrónica,Teclado mecánico,1,1277.44,0.1,708.96,Recurrente,Efectivo,False,5.0
ORD-003512,2025-11-15,GDL-02,Occidente,Tienda,Deportes,Mochila deportiva,5,832.04,0.2,343.62,Empresa,Efectivo,False,3.0
ORD-002190,2025-09-09,MTY-01,Norte,Tienda,Deportes,Mochila deportiva,3,739.03,0.0,340.19,Recurrente,Tarjeta,False,4.0
ORD-002589,2025-12-04,MTY-01,Norte,Online,Oficina,Organizador de escritorio,5,314.1,0.1,106.79,Recurrente,Efectivo,False,5.0
ORD-000995,2025-12-17,ZAP-01,Occidente,Tienda,Hogar,Cafetera programable,1,1649.02,0.2,866.7,Nuevo,Tarjeta,False,3.0
ORD-002555,2025-12-09,CDMX-01,Centro,Tienda,Hogar,Licuadora,3,1113.33,0.0,562.24,Empresa,Tarjeta,False,3.0
ORD-000958,2025-12-23,VER-01,Golfo,Online,Electrónica,Teclado mecánico,5,1348.9,0.0,731.96,Nuevo,Efectivo,False,5.0
ORD-001408,2025-03-28,GDL-01,Occidente,Tienda,Deportes,Tapete de yoga,2,412.4,0.05,162.57,Empresa,Efectivo,False,5.0
ORD-001813,2025-03-19,MER-01,Sureste,Tienda,Deportes,Tapete de yoga,2,391.11,0.2,158.67,Recurrente,Tarjeta,False,5.0
ORD-002905,2025-10-06,GDL-02,Occidente,Online,Hogar,Cafetera programable,3,1521.36,0.05,855.4,Nuevo,Tarjeta,False,3.0
ORD-000287,2025-06-03,GDL-02,Occidente,Online,Deportes,Tapete de yoga,1,377.03,0.2,162.9,Empresa,Efectivo,False,3.0
ORD-001096,2025-11-05,GDL-01,Occidente,Tienda,Oficina,Lámpara LED,2,622.25,0.05,235.42,Nuevo,Transferencia,False,5.0
ORD-002924,2025-10-01,GDL-01,Occidente,Tienda,Electrónica,Teclado mecánico,1,1150.27,0.05,726.64,Recurrente,Tarjeta,False,3.0
ORD-000228,2025-12-22,PUE-01,Centro,Online,Oficina,Organizador de escritorio,5,312.98,0.05,106.09,Recurrente,Transferencia,False,4.0
ORD-000862,2025-07-23,GDL-01,Occidente,Tienda,Oficina,Lámpara LED,1,545.5,0.15,238.98,Recurrente,Tarjeta,False,4.0
ORD-002675,2025-01-16,MTY-01,Norte,Tienda,Hogar,Licuadora,3,980.29,0.0,558.91,Recurrente,Transferencia,False,4.0
ORD-003435,2025-12-04,PUE-01,Centro,Tienda,Oficina,Organizador de escritorio,3,323.32,0.0,105.48,Recurrente,Tarjeta,False,2.0
ORD-002388,2025-07-12,MTY-01,Norte,Online,Electrónica,Monitor 24 pulgadas,4,3376.63,0.0,2368.89,Nuevo,Tarjeta,False,3.0
ORD-001707,2025-07-02,GDL-02,Occidente,Online,Hogar,Cafetera programable,2,1465.19,0.2,878.17,Empresa,Tarjeta,False,3.0
ORD-003421,2025-03-30,MER-01,Sureste,Tienda,Hogar,Juego de sábanas,2,633.72,0.1,317.09,Recurrente,Tarjeta,False,3.0
ORD-001004,2025-02-15,CDMX-02,Centro,Tienda,Electrónica,Teclado mecánico,1,1210.97,0.05,725.44,Recurrente,Tarjeta,True,4.0
ORD-002907,2025-03-10,CDMX-01,Centro,Tienda,Hogar,Juego de sábanas,4,634.9,0.1,311.47,Recurrente,Tarjeta,False,5.0
ORD-001995,2025-09-19,CAN-01,Sureste,Online,Hogar,Cafetera programable,2,1465.89,0.0,862.93,Recurrente,Tarjeta,False,4.0
ORD-002222,2025-04-30,CAN-01,Sureste,Online,Hogar,Licuadora,1,1008.11,0.0,567.33,Nuevo,Efectivo,False,4.0
ORD-002727,2025-06-02,VER-01,Golfo,Tienda,Electrónica,Teclado mecánico,1,1204.35,0.15,723.07,Recurrente,Tarjeta,False,2.0
ORD-000840,2025-09-09,MTY-01,Norte,Tienda,Electrónica,Monitor 24 pulgadas,6,3358.07,0.1,2347.63,Recurrente,Efectivo,False,5.0
ORD-002771,2025-06-15,CDMX-01,Centro,Tienda,Deportes,Mancuernas 10 kg,5,920.8,0.0,513.42,Recurrente,Tarjeta,False,3.0
ORD-001872,2025-11-17,CDMX-02,Centro,Online,Oficina,Organizador de escritorio,2,318.08,0.2,104.18,Nuevo,Tarjeta,False,5.0
ORD-001100,2025-01-04,CDMX-01,Centro,Online,Deportes,Mancuernas 10 kg,2,889.11,0.15,521.05,Nuevo,Tarjeta,False,3.0
ORD-001960,2025-06-02,MTY-01,Norte,Tienda,Deportes,Mancuernas 10 kg,1,890.38,0.1,521.02,Recurrente,Efectivo,False,1.0
ORD-002802,2025-07-29,VER-01,Golfo,Tienda,Deportes,Tapete de yoga,2,387.83,0.1,163.1,Recurrente,Tarjeta,False,2.0
ORD-003476,2025-02-18,CDMX-02,,Online,Hogar,Juego de sábanas,6,670.91,0.05,317.41,Nuevo,Tarjeta,False,3.0
ORD-003305,2025-06-20,MTY-01,Norte,Tienda,Deportes,Mancuernas 10 kg,3,860.87,0.0,515.97,Nuevo,Tarjeta,False,5.0
ORD-002451,2025-08-25,GDL-01,Occidente,Tienda,Electrónica,Monitor 24 pulgadas,3,3343.39,0.0,2343.61,Nuevo,Tarjeta,False,5.0
ORD-001612,2025-03-06,CDMX-01,Centro,Tienda,Hogar,Licuadora,1,965.25,0.15,559.53,Recurrente,Tarjeta,False,4.0
ORD-002992,2025-05-17,PUE-01,Centro,Tienda,Deportes,Mochila deportiva,2,783.86,0.15,340.87,Nuevo,Efectivo,False,5.0
ORD-000428,2025-08-21,CDMX-01,Centro,Online,Deportes,Tapete de yoga,1,403.45,0.1,158.38,Recurrente,Efectivo,False,4.0
ORD-001904,2025-01-27,MTY-01,Norte,Online,Electrónica,Monitor 24 pulgadas,1,3379.84,0.15,2344.9,Recurrente,Tarjeta,False,1.0
ORD-003513,2025-02-18,GDL-02,,Online,Deportes,Mancuernas 10 kg,1,963.1,0.2,534.3,Recurrente,Tarjeta,False,5.0
ORD-001550,2025-04-07,CAN-01,Sureste,Online,Deportes,Mochila deportiva,1,738.56,0.1,335.78,Nuevo,Efectivo,False,5.0
ORD-002132,2025-07-20,GDL-01,Occidente,Tienda,Electrónica,Teclado mecánico,4,1189.85,0.0,723.99,Nuevo,Tarjeta,True,4.0
ORD-000261,2025-07-19,CAN-01,Sureste,Tienda,Hogar,Cafetera programable,1,1506.62,0.15,860.24,Nuevo,Efectivo,True,4.0
ORD-000453,2025-06-03,VER-01,Golfo,Online,Deportes,Mochila deportiva,1,746.97,0.0,343.82,Recurrente,Tarjeta,False,5.0
ORD-001689,2025-10-16,CAN-01,Sureste,Online,Electrónica,Audífonos Bluetooth,1,669.88,0.0,386.62,Recurrente,Efectivo,False,2.0
ORD-000016,2025-04-20,MER-01,Sureste,Tienda,Deportes,Mochila deportiva,5,770.67,0.05,342.59,Recurrente,Tarjeta,False,5.0
ORD-002172,2025-03-29,CHH-01,Norte,Tienda,Deportes,Tapete de yoga,4,396.24,0.2,157.31,Recurrente,Efectivo,False,4.0
ORD-001148,2025-06-19,VER-01,Golfo,Online,Deportes,Mancuernas 10 kg,4,876.35,0.2,511.87,Empresa,Tarjeta,False,
ORD-003568,2025-11-06,ZAP-01,Occidente,Tienda,Electrónica,Monitor 24 pulgadas,3,3458.71,0.0,2343.19,Nuevo,Tarjeta,False,5.0
ORD-001426,2025-10-29,CDMX-02,Centro,Online,Oficina,Silla ergonómica,3,2998.14,0.15,1832.1,Recurrente,Tarjeta,False,5.0
ORD-001781,2025-08-16,MTY-02,Norte,Tienda,Hogar,Licuadora,3,1002.86,0.05,566.94,Recurrente,Efectivo,False,2.0
ORD-002816,2025-04-21,CHH-01,Norte,Tienda,Electrónica,Teclado mecánico,5,1200.11,0.1,722.71,Recurrente,Tarjeta,False,3.0
ORD-001076,2025-03-22,GDL-02,Occidente,Tienda,Electrónica,Audífonos Bluetooth,1,704.92,0.15,375.42,Nuevo,Tarjeta,False,4.0
ORD-001080,2025-05-27,CHH-01,Norte,Tienda,Hogar,Juego de sábanas,5,655.44,0.15,314.7,Empresa,Transferencia,False,3.0
ORD-001993,2025-01-04,CDMX-01,Centro,Tienda,Electrónica,Teclado mecánico,3,1146.02,0.15,722.8,Recurrente,Tarjeta,False,2.0
ORD-000244,2025-03-22,ZAP-01,Occidente,Tienda,Hogar,Juego de sábanas,1,650.2,0.0,314.57,Empresa,Tarjeta,False,5.0
ORD-003530,2025-01-15,CAN-01,Sureste,Online,Deportes,Mochila deportiva,6,747.95,0.0,343.18,Recurrente,Tarjeta,False,4.0
ORD-002834,2025-03-30,CDMX-02,Centro,Online,Deportes,Tapete de yoga,5,419.02,0.0,167.37,Empresa,Efectivo,False,3.0
ORD-000117,2025-09-24,CDMX-01,Centro,Online,Oficina,Silla ergonómica,3,2890.26,0.2,1846.05,Nuevo,Tarjeta,False,3.0
ORD-002150,2025-11-01,CDMX-01,Centro,Tienda,Oficina,Organizador de escritorio,2,326.26,0.1,104.12,Nuevo,Transferencia,False,4.0
ORD-001857,2025-11-04,CAN-01,Sureste,Tienda,Electrónica,Teclado mecánico,6,1276.52,0.15,700.1,Recurrente,Tarjeta,False,5.0
ORD-001363,2025-06-11,CDMX-02,Centro,Online,Electrónica,Audífonos Bluetooth,1,695.54,0.2,386.85,Recurrente,Tarjeta,False,5.0
ORD-002157,2025-12-30,VER-01,Golfo,Tienda,Oficina,Silla ergonómica,1,3142.55,0.05,1785.14,Recurrente,Tarjeta,False,4.0
ORD-000530,2025-01-17,CHH-01,Norte,Online,Deportes,Mochila deportiva,2,753.79,0.1,344.09,Nuevo,Transferencia,False,4.0
ORD-003133,2025-09-16,CDMX-01,Centro,Tienda,Hogar,Cafetera programable,2,1409.49,0.15,860.72,Nuevo,Transferencia,False,4.0
ORD-001395,2025-05-10,PUE-01,Centro,Tienda,Hogar,Licuadora,1,982.59,0.05,568.79,Recurrente,Efectivo,False,5.0
ORD-001297,2025-08-16,MER-01,,Tienda,Hogar,Juego de sábanas,1,663.18,0.05,313.56,Empresa,Efectivo,False,4.0
ORD-001592,2025-07-25,CAN-01,Sureste,Tienda,Oficina,Lámpara LED,2,544.34,0.15,240.0,Nuevo,Transferencia,False,4.0
ORD-003259,2025-12-02,CHH-01,Norte,Online,Hogar,Licuadora,3,1081.25,0.2,546.5,Recurrente,Tarjeta,False,4.0
ORD-000894,2025-10-26,CHH-01,Norte,Tienda,Hogar,Licuadora,2,1005.12,0.0,563.59,Nuevo,Efectivo,False,3.0
ORD-003434,2025-06-18,CDMX-02,Centro,Tienda,Oficina,Silla ergonómica,5,2838.57,0.05,1815.58,Nuevo,Tarjeta,False,4.0
ORD-003590,2025-12-19,VER-01,Golfo,Online,Oficina,Silla ergonómica,1,3223.08,0.1,1856.52,Nuevo,Tarjeta,False,5.0
ORD-001322,2025-05-24,GDL-01,Occidente,Tienda,Electrónica,Teclado mecánico,2,1120.64,0.0,704.37,Recurrente,Tarjeta,False,4.0
ORD-001656,2025-09-09,CDMX-02,Centro,Online,Electrónica,Teclado mecánico,1,1179.12,0.0,713.96,Empresa,Tarjeta,False,5.0
ORD-002501,2025-08-04,CDMX-02,Centro,Online,Deportes,Tapete de yoga,4,417.75,0.15,160.81,Empresa,Efectivo,True,4.0
ORD-003567,2025-04-09,MTY-02,Norte,Online,Oficina,Organizador de escritorio,1,275.65,0.0,108.9,Recurrente,Tarjeta,False,5.0
ORD-000877,2025-08-18,CDMX-02,Centro,Tienda,Electrónica,Teclado mecánico,1,1142.65,0.2,726.46,Recurrente,Tarjeta,False,3.0
ORD-001638,2025-11-21,CDMX-01,Centro,Tienda,Hogar,Cafetera programable,2,1625.94,0.0,867.21,Nuevo,Tarjeta,False,5.0
ORD-000480,2025-03-24,MTY-02,Norte,Tienda,Deportes,Mochila deportiva,5,757.28,0.1,349.61,Nuevo,Efectivo,True,4.0
ORD-001870,2025-06-04,ZAP-01,Occidente,Tienda,Deportes,Tapete de yoga,4,390.28,0.0,158.51,Recurrente,Efectivo,False,3.0
ORD-001402,2025-09-15,VER-01,Golfo,Online,Deportes,Mancuernas 10 kg,5,902.02,0.15,520.13,Recurrente,Tarjeta,False,3.0
ORD-000252,2025-11-01,CDMX-01,Centro,Online,Electrónica,Teclado mecánico,3,1370.63,0.2,699.65,Nuevo,Efectivo,False,5.0
ORD-001825,2025-07-22,ZAP-01,Occidente,Online,Deportes,Mochila deportiva,1,724.8,0.0,343.19,Recurrente,Efectivo,False,
ORD-003138,2025-08-15,VER-01,Golfo,Online,Hogar,Juego de sábanas,1,646.09,0.0,316.01,Nuevo,Tarjeta,False,5.0
ORD-003079,2025-09-15,MTY-01,Norte,Tienda,Deportes,Mochila deportiva,2,779.73,0.2,331.75,Nuevo,Tarjeta,False,2.0
ORD-001312,2025-07-12,GDL-01,Occidente,Tienda,Electrónica,Monitor 24 pulgadas,3,3247.13,0.1,2310.09,Recurrente,Tarjeta,False,5.0
ORD-002665,2025-02-02,CAN-01,Sureste,Tienda,Oficina,Organizador de escritorio,1,277.9,0.15,104.02,Recurrente,Tarjeta,False,4.0
ORD-003091,2025-07-25,CDMX-02,Centro,Tienda,Hogar,Licuadora,3,989.68,0.05,559.07,Nuevo,Tarjeta,False,4.0
ORD-003029,2025-02-20,MTY-01,Norte,Tienda,Hogar,Cafetera programable,2,1451.22,0.0,869.01,Recurrente,Transferencia,False,4.0
ORD-001358,2025-04-17,CDMX-02,Centro,Tienda,Electrónica,Monitor 24 pulgadas,1,3349.27,0.0,2348.2,Nuevo,Tarjeta,False,5.0
ORD-002681,2025-08-20,GDL-02,Occidente,Tienda,Hogar,Juego de sábanas,1,648.17,0.0,308.16,Nuevo,Tarjeta,False,4.0
ORD-002031,2025-03-10,CHH-01,Norte,Tienda,Electrónica,Audífonos Bluetooth,1,684.78,0.0,381.94,Nuevo,Tarjeta,False,5.0
ORD-000443,2025-10-30,MER-01,Sureste,Tienda,Oficina,Silla ergonómica,4,2904.68,0.2,1848.73,Nuevo,Efectivo,False,4.0
ORD-003406,2025-07-30,PUE-01,Centro,Online,Electrónica,Monitor 24 pulgadas,3,3305.91,0.05,2382.01,Recurrente,Efectivo,False,5.0
ORD-001778,2025-02-15,CDMX-02,Centro,Tienda,Hogar,Licuadora,6,954.6,0.0,570.85,Nuevo,Transferencia,False,5.0
ORD-000075,2025-08-02,CDMX-02,Centro,Tienda,Oficina,Lámpara LED,2,569.98,0.3,241.11,Nuevo,Efectivo,False,5.0
ORD-000609,2025-05-14,MTY-02,Norte,Online,Electrónica,Teclado mecánico,5,1237.21,0.15,705.69,Recurrente,Tarjeta,False,4.0
ORD-000952,2025-12-18,MTY-02,Norte,Tienda,Hogar,Cafetera programable,3,1687.67,0.05,859.91,Nuevo,Tarjeta,False,5.0
ORD-002492,2025-04-06,GDL-02,Occidente,Tienda,Electrónica,Teclado mecánico,3,1137.48,0.15,727.59,Empresa,Tarjeta,False,4.0
ORD-000754,2025-07-05,ZAP-01,Occidente,Tienda,Deportes,Tapete de yoga,1,390.04,0.1,157.43,Recurrente,Tarjeta,False,5.0
ORD-002367,2025-12-07,CDMX-01,Centro,Tienda,Hogar,Juego de sábanas,2,736.93,0.15,306.29,Nuevo,Tarjeta,False,3.0
ORD-000798,2025-03-31,PUE-01,Centro,Online,Electrónica,Monitor 24 pulgadas,1,3222.86,0.1,2317.29,Empresa,Tarjeta,False,5.0
ORD-003201,2025-11-17,MTY-01,Norte,Tienda,Oficina,Organizador de escritorio,3,308.56,0.2,105.77,Nuevo,Tarjeta,False,4.0
ORD-001938,2025-08-16,CDMX-01,Centro,Tienda,Oficina,Organizador de escritorio,2,283.85,0.05,106.09,Nuevo,Efectivo,False,4.0
ORD-000787,2025-06-05,CAN-01,Sureste,Tienda,Hogar,Licuadora,1,982.78,0.2,557.82,Recurrente,Tarjeta,False,3.0
ORD-001139,2025-12-02,GDL-01,Occidente,Tienda,Electrónica,Teclado mecánico,2,1324.87,0.15,717.9,Recurrente,Efectivo,True,5.0
ORD-002823,2025-01-13,MER-01,Sureste,Tienda,Electrónica,Audífonos Bluetooth,4,719.73,0.15,386.97,Nuevo,Efectivo,False,5.0
ORD-001336,2025-07-23,GDL-01,Occidente,Tienda,Oficina,Lámpara LED,2,547.71,0.2,243.11,Empresa,Tarjeta,False,3.0
ORD-002726,2025-10-17,GDL-01,Occidente,Online,Oficina,Organizador de escritorio,2,290.95,0.0,107.71,Empresa,Tarjeta,False,5.0
ORD-002333,2025-04-18,CHH-01,Norte,Online,Hogar,Cafetera programable,2,1525.74,0.05,867.57,Nuevo,Tarjeta,False,5.0
ORD-002302,2025-09-23,CHH-01,Norte,Online,Deportes,Mancuernas 10 kg,4,880.66,0.15,528.35,Nuevo,Efectivo,False,5.0
ORD-002965,2025-01-02,MTY-01,Norte,Tienda,Deportes,Mancuernas 10 kg,3,900.52,0.0,518.31,Recurrente,Tarjeta,False,5.0
ORD-003467,2025-06-20,CDMX-02,Centro,Online,Oficina,Silla ergonómica,1,2893.3,0.1,1845.97,Recurrente,Tarjeta,False,3.0
ORD-000939,2025-07-09,MER-01,Sureste,Online,Hogar,Licuadora,2,1038.28,0.05,564.56,Nuevo,Efectivo,False,4.0
ORD-002365,2025-09-10,GDL-02,Occidente,Online,Hogar,Juego de sábanas,1,640.68,0.2,311.77,Nuevo,Tarjeta,False,5.0
ORD-002152,2025-09-29,CDMX-01,Centro,Tienda,Hogar,Juego de sábanas,1,632.12,0.0,304.53,Nuevo,Tarjeta,False,3.0
ORD-000766,2025-09-30,MER-01,Sureste,Tienda,Hogar,Licuadora,2,941.84,0.15,572.71,Recurrente,Tarjeta,False,1.0
ORD-002984,2025-04-08,ZAP-01,Occidente,Online,Electrónica,Monitor 24 pulgadas,1,3231.04,0.0,2334.61,Empresa,Efectivo,False,5.0
ORD-000885,2025-02-10,CDMX-02,Centro,Online,Oficina,Lámpara LED,1,539.3,0.0,236.26,Recurrente,Tarjeta,False,4.0
ORD-002936,2025-05-14,VER-01,Golfo,Online,Hogar,Licuadora,2,1024.52,0.05,555.04,Empresa,Tarjeta,False,5.0
ORD-000235,2025-08-10,MTY-02,Norte,Tienda,Electrónica,Monitor 24 pulgadas,1,3365.93,0.15,2337.21,Recurrente,Efectivo,False,4.0
ORD-000154,2025-03-21,CDMX-02,Centro,Tienda,Electrónica,Monitor 24 pulgadas,1,3115.57,0.0,2355.58,Nuevo,Efectivo,False,3.0
ORD-000001,2025-09-18,MER-01,Sureste,Online,Oficina,Organizador de escritorio,1,290.32,0.1,101.4,Recurrente,Tarjeta,False,5.0
ORD-003174,2025-03-20,GDL-01,Occidente,Tienda,Oficina,Organizador de escritorio,4,293.3,0.1,104.1,Nuevo,Tarjeta,False,2.0
ORD-000917,2025-11-30,MTY-01,Norte,Online,Deportes,Tapete de yoga,5,431.11,0.05,162.41,Recurrente,Efectivo,False,2.0
ORD-002763,2025-09-19,CDMX-01,Centro,Tienda,Electrónica,Audífonos Bluetooth,1,674.78,0.15,391.17,Recurrente,Tarjeta,False,5.0
ORD-001630,2025-08-04,GDL-01,Occidente,Tienda,Electrónica,Teclado mecánico,1,1202.67,0.05,729.59,Nuevo,Efectivo,False,2.0
ORD-000525,2025-04-21,GDL-01,Occidente,Tienda,Oficina,Silla ergonómica,3,2816.37,0.1,1809.22,Nuevo,Tarjeta,False,4.0
ORD-001094,2025-08-08,CHH-01,Norte,Tienda,Electrónica,Teclado mecánico,2,1181.75,0.05,722.69,Empresa,Tarjeta,False,1.0
ORD-002249,2025-07-20,VER-01,Golfo,Tienda,Oficina,Organizador de escritorio,1,287.41,0.05,105.88,Recurrente,Transferencia,False,3.0
ORD-003528,2025-10-06,PUE-01,Centro,Tienda,Electrónica,Monitor 24 pulgadas,4,3236.9,0.0,2377.39,Nuevo,Tarjeta,False,4.0
ORD-001335,2025-10-16,CDMX-01,Centro,Tienda,Deportes,Tapete de yoga,3,403.52,0.1,157.4,Nuevo,Tarjeta,False,1.0
ORD-001821,2025-01-30,MTY-02,Norte,Tienda,Deportes,Mochila deportiva,2,779.01,0.15,337.2,Nuevo,Efectivo,False,5.0
ORD-002707,2025-04-08,CDMX-02,Centro,Tienda,Deportes,Mochila deportiva,1,724.0,0.0,341.54,Recurrente,Tarjeta,False,4.0
ORD-001712,2025-04-08,GDL-01,Occidente,Online,Oficina,Silla ergonómica,2,2963.64,0.1,1758.44,Nuevo,Efectivo,False,5.0
ORD-002097,2025-09-25,CAN-01,Sureste,Tienda,Electrónica,Teclado mecánico,5,1186.33,0.2,722.87,Recurrente,Transferencia,False,2.0
ORD-001036,2025-11-25,VER-01,Golfo,Tienda,Oficina,Lámpara LED,3,586.18,0.0,237.86,Recurrente,Tarjeta,False,5.0
ORD-002220,2025-10-27,ZAP-01,Occidente,Online,Oficina,Silla ergonómica,5,2959.78,0.1,1815.67,Nuevo,Tarjeta,False,5.0
ORD-000017,2025-05-02,CDMX-01,Centro,Online,Hogar,Cafetera programable,2,1487.25,0.0,867.72,Nuevo,Efectivo,False,5.0
ORD-002030,2025-09-22,CDMX-01,Centro,Tienda,Deportes,Mochila deportiva,2,737.81,0.2,342.13,Nuevo,Tarjeta,False,2.0
ORD-003087,2025-11-08,MTY-01,Norte,Tienda,Electrónica,Teclado mecánico,2,1331.63,0.1,702.2,Nuevo,Efectivo,False,5.0
ORD-002231,2025-10-12,GDL-01,Occidente,Online,Oficina,Organizador de escritorio,2,284.5,0.05,103.58,Recurrente,Tarjeta,True,3.0
ORD-001382,2025-07-15,CDMX-01,Centro,Online,Hogar,Licuadora,5,1000.41,0.2,567.33,Empresa,Tarjeta,False,2.0
ORD-003338,2025-05-31,ZAP-01,Occidente,Tienda,Deportes,Mochila deportiva,1,752.26,0.1,348.48,Nuevo,Tarjeta,True,2.0
ORD-003366,2025-12-25,MTY-01,Norte,Tienda,Electrónica,Audífonos Bluetooth,1,781.26,0.1,397.65,Nuevo,Transferencia,False,4.0
ORD-000579,2025-01-30,CDMX-01,Centro,Tienda,Oficina,Lámpara LED,1,535.65,0.2,239.43,Nuevo,Efectivo,False,2.0
ORD-002329,2025-10-27,CDMX-01,Centro,Tienda,Hogar,Licuadora,3,1016.76,0.2,556.59,Recurrente,Tarjeta,False,4.0
ORD-002090,2025-07-18,VER-01,Golfo,Tienda,Oficina,Lámpara LED,4,549.84,0.0,239.94,Recurrente,Tarjeta,False,2.0
ORD-000705,2025-03-01,MER-01,Sureste,Online,Deportes,Mochila deportiva,6,761.0,0.0,347.4,Nuevo,Efectivo,False,5.0
ORD-001285,2025-10-08,GDL-02,Occidente,Tienda,Oficina,Organizador de escritorio,2,293.83,0.05,108.0,Recurrente,Tarjeta,False,2.0
ORD-002353,2025-05-05,GDL-02,Occidente,Tienda,Hogar,Licuadora,1,955.03,0.05,574.41,Recurrente,Tarjeta,False,3.0
ORD-000218,2025-03-02,VER-01,Golfo,Online,Oficina,Organizador de escritorio,2,292.81,0.1,105.73,Recurrente,Transferencia,True,4.0
ORD-001737,2025-05-21,CDMX-02,Centro,Online,Oficina,Silla ergonómica,1,2996.72,0.05,1839.8,Empresa,Efectivo,False,4.0
ORD-000242,2025-01-13,VER-01,Golfo,Online,Electrónica,Teclado mecánico,5,1200.1,0.15,718.17,Recurrente,Efectivo,True,4.0
ORD-002346,2025-03-20,MTY-02,Norte,Tienda,Electrónica,Audífonos Bluetooth,4,688.62,0.0,385.41,Nuevo,Efectivo,False,4.0
ORD-001466,2025-01-19,GDL-02,Occidente,Tienda,Oficina,Lámpara LED,1,549.07,0.15,236.69,Recurrente,Efectivo,False,4.0
ORD-000363,2025-04-27,MTY-01,Norte,Tienda,Oficina,Silla ergonómica,4,2790.08,0.0,1803.58,Nuevo,Tarjeta,False,5.0
ORD-001701,2025-10-29,CAN-01,Sureste,Tienda,Hogar,Juego de sábanas,4,653.34,0.0,311.95,Recurrente,Transferencia,False,3.0
ORD-001309,2025-12-09,GDL-02,Occidente,Online,Oficina,Organizador de escritorio,1,317.46,0.15,102.99,Nuevo,Efectivo,False,3.0
ORD-001803,2025-11-17,PUE-01,Centro,Tienda,Deportes,Mancuernas 10 kg,3,1002.73,0.05,519.74,Nuevo,Tarjeta,False,4.0
ORD-001739,2025-10-24,CHH-01,Norte,Online,Oficina,Silla ergonómica,2,2902.24,0.0,1813.79,Recurrente,Efectivo,False,4.0
ORD-002948,2025-02-01,CHH-01,Norte,Tienda,Hogar,Licuadora,1,1043.55,0.15,561.88,Nuevo,Tarjeta,True,1.0
ORD-002228,2025-09-21,CDMX-01,Centro,Online,Electrónica,Monitor 24 pulgadas,3,3319.07,0.15,2398.57,Recurrente,Tarjeta,False,2.0
ORD-001780,2025-06-14,ZAP-01,Occidente,Online,Electrónica,Monitor 24 pulgadas,1,3275.7,0.1,2369.35,Nuevo,Efectivo,False,4.0
ORD-000022,2025-04-12,GDL-02,Occidente,Tienda,Electrónica,Teclado mecánico,2,1210.19,0.05,729.86,Recurrente,Tarjeta,False,4.0
ORD-002334,2025-12-11,CDMX-01,Centro,Tienda,Hogar,Juego de sábanas,2,675.86,0.15,309.86,Nuevo,Tarjeta,True,2.0
ORD-002981,2025-08-02,CDMX-02,Centro,Tienda,Deportes,Mancuernas 10 kg,1,947.81,0.0,521.44,Empresa,Tarjeta,False,4.0
ORD-001435,2025-10-01,MTY-01,Norte,Tienda,Electrónica,Audífonos Bluetooth,3,670.06,0.0,384.2,Nuevo,Tarjeta,False,4.0
ORD-003260,2025-08-18,MTY-01,Norte,Tienda,Electrónica,Teclado mecánico,6,1167.98,0.05,724.49,Empresa,Tarjeta,False,4.0
ORD-003487,2025-04-04,ZAP-01,Occidente,Tienda,Electrónica,Audífonos Bluetooth,2,714.85,0.05,396.16,Recurrente,Tarjeta,False,4.0
ORD-003247,2025-01-04,ZAP-01,Occidente,Tienda,Hogar,Licuadora,2,981.95,0.2,558.48,Recurrente,Tarjeta,False,3.0
ORD-001073,2025-05-30,MTY-02,Norte,Tienda,Deportes,Tapete de yoga,3,396.75,0.0,158.08,Recurrente,Tarjeta,False,4.0
ORD-002313,2025-10-04,PUE-01,Centro,Online,Oficina,Silla ergonómica,4,2878.3,0.1,1815.68,Nuevo,Transferencia,False,2.0
ORD-000580,2025-02-12,MTY-02,Norte,Tienda,Electrónica,Monitor 24 pulgadas,4,3233.17,0.05,2371.38,Recurrente,Tarjeta,False,5.0
ORD-003233,2025-04-11,PUE-01,Centro,Tienda,Hogar,Licuadora,2,981.61,0.15,568.36,Recurrente,Transferencia,False,4.0
ORD-003026,2025-02-17,GDL-02,Occidente,Tienda,Electrónica,Audífonos Bluetooth,3,722.83,0.05,382.25,Nuevo,Efectivo,False,3.0
ORD-002566,2025-04-11,CDMX-02,Centro,Tienda,Deportes,Mochila deportiva,4,735.99,0.1,337.54,Recurrente,Efectivo,False,4.0
ORD-000777,2025-07-29,VER-01,Golfo,Tienda,Deportes,Mancuernas 10 kg,6,922.97,0.05,519.98,Nuevo,Tarjeta,False,5.0
ORD-001885,2025-08-08,CDMX-02,Centro,Tienda,Deportes,Mochila deportiva,3,730.19,0.15,350.25,Nuevo,Efectivo,False,2.0
ORD-000495,2025-01-15,CHH-01,Norte,Tienda,Oficina,Lámpara LED,1,570.16,0.15,241.1,Nuevo,Efectivo,False,4.0
ORD-000202,2025-12-20,MTY-02,Norte,Tienda,Deportes,Tapete de yoga,2,445.52,0.1,157.08,Recurrente,Tarjeta,False,3.0
ORD-002335,2025-08-12,MER-01,Sureste,Online,Oficina,Silla ergonómica,1,2904.63,0.2,1838.59,Recurrente,Efectivo,False,3.0
ORD-000542,2025-10-05,MTY-02,Norte,Online,Electrónica,Audífonos Bluetooth,4,701.85,0.0,380.09,Nuevo,Tarjeta,False,4.0
ORD-003082,2025-03-13,VER-01,Golfo,Online,Oficina,Silla ergonómica,2,2999.17,0.2,1831.37,Nuevo,Tarjeta,False,2.0
ORD-001037,2025-01-07,PUE-01,Centro,Tienda,Oficina,Lámpara LED,2,522.96,0.0,233.97,Nuevo,Transferencia,False,4.0
ORD-002712,2025-03-20,ZAP-01,Occidente,Online,Electrónica,Teclado mecánico,1,1193.76,0.3,727.61,Nuevo,Tarjeta,False,5.0
ORD-001774,2025-01-11,GDL-02,Occidente,Online,Hogar,Juego de sábanas,1,654.42,0.1,315.85,Recurrente,Efectivo,False,3.0
ORD-000089,2025-10-30,MTY-01,Norte,Tienda,Electrónica,Audífonos Bluetooth,3,703.21,0.2,381.6,Nuevo,Tarjeta,False,4.0
ORD-002848,2025-03-07,GDL-02,Occidente,Tienda,Oficina,Organizador de escritorio,4,296.0,0.1,107.28,Recurrente,Tarjeta,False,2.0
ORD-001590,2025-11-02,GDL-01,Occidente,Tienda,Oficina,Silla ergonómica,3,3185.83,0.05,1828.02,Nuevo,Transferencia,False,4.0
ORD-003058,2025-10-08,ZAP-01,Occidente,Online,Deportes,Tapete de yoga,2,377.45,0.05,161.97,Recurrente,Efectivo,True,3.0
ORD-003210,2025-04-02,GDL-01,Occidente,Tienda,Deportes,Mochila deportiva,3,743.36,0.0,341.9,Recurrente,Tarjeta,False,5.0
ORD-001116,2025-08-10,ZAP-01,Occidente,Online,Deportes,Mochila deportiva,1,789.97,0.3,335.74,Recurrente,Tarjeta,False,4.0
ORD-003269,2025-01-12,GDL-01,Occidente,Tienda,Deportes,Mochila deportiva,6,769.58,0.0,342.07,Recurrente,Transferencia,False,2.0
ORD-001685,2025-04-01,MER-01,Sureste,Tienda,Deportes,Mancuernas 10 kg,3,879.92,0.3,515.75,Recurrente,Efectivo,True,4.0
ORD-002389,2025-12-09,MER-01,Sureste,Tienda,Hogar,Licuadora,1,1114.96,0.2,573.19,Recurrente,Tarjeta,False,5.0
ORD-001633,2025-09-14,CDMX-01,Centro,Online,Oficina,Silla ergonómica,3,2750.41,0.1,1833.16,Recurrente,Tarjeta,True,4.0
ORD-001508,2025-05-10,CDMX-01,Centro,Tienda,Electrónica,Monitor 24 pulgadas,3,3287.56,0.05,2414.47,Recurrente,Efectivo,False,4.0
ORD-000847,2025-07-26,PUE-01,Centro,Tienda,Oficina,Silla ergonómica,6,2840.0,0.1,1837.14,Nuevo,Efectivo,False,4.0
ORD-000390,2025-09-05,CAN-01,Sureste,Online,Electrónica,Audífonos Bluetooth,1,689.74,0.1,393.76,Nuevo,Transferencia,False,4.0
ORD-001975,2025-08-16,MTY-02,Norte,Online,Electrónica,Monitor 24 pulgadas,2,3262.83,0.0,2333.09,Recurrente,Efectivo,True,4.0
ORD-002688,2025-09-27,MTY-02,Norte,Tienda,Deportes,Mancuernas 10 kg,2,929.19,0.2,516.85,Nuevo,Efectivo,True,3.0
ORD-000487,2025-03-07,ZAP-01,Occidente,Tienda,Electrónica,Teclado mecánico,3,1197.17,0.0,727.81,Recurrente,Tarjeta,False,5.0
ORD-001142,2025-03-24,CDMX-01,Centro,Online,Deportes,Mancuernas 10 kg,1,926.91,0.05,523.03,Empresa,Efectivo,False,3.0
ORD-001597,2025-10-08,CAN-01,Sureste,Tienda,Deportes,Mochila deportiva,1,711.84,0.05,336.64,Nuevo,Tarjeta,False,4.0
ORD-001698,2025-08-20,CAN-01,Sureste,Tienda,Oficina,Lámpara LED,2,549.54,0.05,235.67,Nuevo,Efectivo,False,3.0
ORD-000657,2025-04-27,GDL-01,Occidente,Online,Deportes,Mochila deportiva,5,763.04,0.15,344.23,Recurrente,Tarjeta,False,5.0
ORD-001609,2025-11-06,MTY-02,Norte,Tienda,Oficina,Silla ergonómica,1,3119.29,0.0,1818.49,Recurrente,Efectivo,False,5.0
ORD-000811,2025-02-26,CDMX-01,Centro,Tienda,Oficina,Lámpara LED,1,542.0,0.0,237.39,Nuevo,Efectivo,False,3.0
ORD-002529,2025-08-23,ZAP-01,Occidente,Online,Hogar,Licuadora,1,962.64,0.15,543.25,Nuevo,Tarjeta,False,5.0
ORD-001721,2025-05-10,MTY-01,Norte,Online,Electrónica,Monitor 24 pulgadas,1,3441.78,0.05,2398.33,Recurrente,Tarjeta,False,4.0
ORD-001977,2025-03-09,CAN-01,Sureste,Tienda,Hogar,Cafetera programable,2,1520.38,0.2,859.46,Recurrente,Tarjeta,False,5.0
ORD-002218,2025-11-12,CAN-01,Sureste,Tienda,Hogar,Licuadora,1,1094.87,0.05,562.23,Recurrente,Efectivo,False,5.0
ORD-000918,2025-09-16,ZAP-01,Occidente,Tienda,Hogar,Cafetera programable,1,1559.97,0.15,874.43,Recurrente,Tarjeta,False,3.0
ORD-003511,2025-06-15,MTY-01,Norte,Tienda,Oficina,Organizador de escritorio,5,280.74,0.1,107.35,Recurrente,Efectivo,False,4.0
ORD-000192,2025-06-25,GDL-01,,Online,Hogar,Juego de sábanas,2,629.47,0.2,313.04,Recurrente,Efectivo,False,4.0
ORD-002104,2025-11-20,MER-01,Sureste,Online,Electrónica,Audífonos Bluetooth,1,764.63,0.0,382.33,Recurrente,Tarjeta,False,4.0
ORD-001132,2025-08-28,VER-01,Golfo,Tienda,Hogar,Cafetera programable,1,1498.54,0.1,878.29,Recurrente,Transferencia,False,2.0
ORD-000042,2025-11-11,MER-01,Sureste,Tienda,Hogar,Juego de sábanas,2,710.64,0.3,310.21,Nuevo,Tarjeta,False,5.0
ORD-002361,2025-08-27,CDMX-02,Centro,Tienda,Deportes,Tapete de yoga,1,392.99,0.1,164.02,Empresa,Tarjeta,False,4.0
ORD-003084,2025-09-27,ZAP-01,Occidente,Tienda,Hogar,Cafetera programable,2,1556.31,0.0,889.74,Recurrente,Transferencia,False,4.0
ORD-000604,2025-12-05,GDL-01,Occidente,Online,Hogar,Cafetera programable,1,1670.88,0.0,869.22,Nuevo,Tarjeta,False,5.0
ORD-000876,2025-01-12,CDMX-01,Centro,Tienda,Electrónica,Monitor 24 pulgadas,1,3364.17,0.0,2337.58,Nuevo,Tarjeta,False,4.0
ORD-002415,2025-03-18,PUE-01,,Tienda,Oficina,Silla ergonómica,5,2913.54,0.1,1838.13,Nuevo,Tarjeta,False,4.0
ORD-003092,2025-04-11,GDL-02,Occidente,Online,Electrónica,Teclado mecánico,1,1172.77,0.3,719.16,Empresa,Tarjeta,True,4.0
ORD-001605,2025-03-20,ZAP-01,Occidente,Tienda,Oficina,Organizador de escritorio,1,292.56,0.15,103.5,Nuevo,Tarjeta,False,3.0
ORD-002337,2025-02-14,VER-01,Golfo,Tienda,Electrónica,Teclado mecánico,2,1199.96,0.0,735.75,Nuevo,Tarjeta,False,2.0
ORD-003187,2025-07-01,CDMX-01,Centro,Tienda,Electrónica,Audífonos Bluetooth,1,692.76,0.05,384.65,Nuevo,Tarjeta,False,5.0
ORD-000553,2025-11-22,CAN-01,Sureste,Tienda,Oficina,Lámpara LED,4,606.52,0.05,228.11,Recurrente,Efectivo,False,4.0
ORD-000153,2025-10-01,CAN-01,Sureste,Online,Electrónica,Audífonos Bluetooth,3,722.49,0.1,379.38,Recurrente,Tarjeta,False,4.0
ORD-001340,2025-04-04,VER-01,Golfo,Tienda,Electrónica,Teclado mecánico,-1,1201.2,0.1,717.72,Recurrente,Tarjeta,True,5.0
ORD-002605,2025-08-27,PUE-01,Centro,Tienda,Oficina,Organizador de escritorio,6,291.47,0.0,103.68,Nuevo,Tarjeta,False,4.0
ORD-001343,2025-08-25,PUE-01,Centro,Tienda,Deportes,Tapete de yoga,1,401.35,0.05,155.61,Nuevo,Tarjeta,False,5.0
ORD-001957,2025-10-14,CDMX-02,Centro,Tienda,Oficina,Silla ergonómica,2,2844.16,0.15,1819.06,Recurrente,Efectivo,False,3.0
ORD-000433,2025-03-12,CDMX-02,Centro,Online,Electrónica,Monitor 24 pulgadas,2,3371.53,0.05,2332.2,Empresa,Tarjeta,False,5.0
ORD-001933,2025-02-19,GDL-02,Occidente,Tienda,Hogar,Licuadora,1,1030.8,0.0,544.13,Nuevo,Tarjeta,False,2.0
ORD-000819,2025-04-06,CDMX-01,Centro,Tienda,Hogar,Cafetera programable,1,1497.2,0.1,866.21,Nuevo,Tarjeta,False,3.0
ORD-000721,2025-10-10,ZAP-01,Occidente,Tienda,Hogar,Licuadora,1,971.25,0.15,562.76,Recurrente,Tarjeta,False,2.0
ORD-001970,2025-07-02,MTY-01,Norte,Tienda,Deportes,Mochila deportiva,2,731.46,0.2,338.44,Nuevo,Efectivo,False,5.0
ORD-002069,2025-09-30,PUE-01,Centro,Online,Deportes,Mancuernas 10 kg,3,885.45,0.15,522.95,Recurrente,Tarjeta,False,3.0
ORD-001198,2025-08-16,GDL-02,Occidente,Tienda,Oficina,Lámpara LED,1,540.54,0.0,241.38,Recurrente,Tarjeta,False,4.0
ORD-000625,2025-07-20,PUE-01,Centro,Tienda,Oficina,Silla ergonómica,1,2788.48,0.05,1849.13,Nuevo,Tarjeta,False,3.0
ORD-002175,2025-12-26,CAN-01,Sureste,Online,Oficina,Organizador de escritorio,2,313.27,0.15,104.4,Nuevo,Efectivo,False,4.0
ORD-001465,2025-08-24,CDMX-02,Centro,Tienda,Deportes,Tapete de yoga,1,397.11,0.0,158.37,Nuevo,Efectivo,False,4.0
ORD-003005,2025-05-01,MTY-02,Norte,Tienda,Oficina,Silla ergonómica,4,2879.24,0.15,1830.48,Recurrente,Tarjeta,False,5.0
ORD-000385,2025-01-22,PUE-01,Centro,Online,Deportes,Mancuernas 10 kg,6,937.76,0.1,513.68,Nuevo,Tarjeta,False,4.0
ORD-002579,2025-07-07,ZAP-01,Occidente,Tienda,Electrónica,Audífonos Bluetooth,1,705.28,0.15,383.41,Recurrente,Transferencia,False,4.0
ORD-000412,2025-03-13,CHH-01,Norte,Online,Oficina,Organizador de escritorio,2,282.79,0.05,104.44,Recurrente,Tarjeta,False,3.0
ORD-001479,2025-07-23,PUE-01,Centro,Online,Deportes,Mancuernas 10 kg,2,896.93,0.05,512.03,Recurrente,Tarjeta,False,
ORD-001058,2025-09-18,MER-01,Sureste,Tienda,Electrónica,Audífonos Bluetooth,1,691.49,0.0,386.99,Recurrente,Efectivo,False,4.0
ORD-002121,2025-07-07,CDMX-02,Centro,Tienda,Hogar,Licuadora,2,1010.04,0.1,562.93,Nuevo,Tarjeta,False,4.0
ORD-002648,2025-02-15,CDMX-02,Centro,Tienda,Electrónica,Monitor 24 pulgadas,2,3271.5,0.1,2357.22,Recurrente,Tarjeta,False,5.0
ORD-003195,2025-08-08,GDL-01,Occidente,Online,Electrónica,Teclado mecánico,2,1235.62,0.1,723.57,Recurrente,Tarjeta,False,4.0
ORD-002255,2025-12-08,CHH-01,Norte,Tienda,Electrónica,Monitor 24 pulgadas,2,3617.7,0.05,2368.65,Nuevo,Tarjeta,False,2.0
ORD-003381,2025-09-05,CHH-01,Norte,Online,Deportes,Tapete de yoga,2,402.78,0.2,158.5,Recurrente,Tarjeta,False,3.0
ORD-003566,2025-09-06,CAN-01,Sureste,Tienda,Oficina,Silla ergonómica,2,2917.95,0.1,1762.31,Nuevo,Tarjeta,False,5.0
ORD-001126,2025-11-01,GDL-01,Occidente,Tienda,Deportes,Mochila deportiva,1,815.28,0.15,345.55,Nuevo,Efectivo,False,5.0
ORD-001842,2025-01-07,CDMX-02,Centro,Tienda,Hogar,Cafetera programable,3,1581.85,0.0,887.23,Nuevo,Efectivo,False,5.0
ORD-000640,2025-09-17,GDL-02,Occidente,Tienda,Electrónica,Teclado mecánico,3,1174.32,0.0,724.47,Nuevo,Efectivo,False,5.0
ORD-002975,2025-03-09,CAN-01,Sureste,Tienda,Oficina,Silla ergonómica,2,2913.99,0.1,1805.26,Nuevo,Tarjeta,False,5.0
ORD-002173,2025-04-10,MTY-01,Norte,Online,Electrónica,Monitor 24 pulgadas,6,3345.55,0.2,2415.88,Recurrente,Efectivo,True,5.0
ORD-000771,2025-04-30,MER-01,Sureste,Online,Deportes,Tapete de yoga,3,386.48,0.3,164.26,Recurrente,Tarjeta,False,3.0
ORD-001747,2025-05-14,GDL-01,Occidente,Tienda,Hogar,Juego de sábanas,2,657.53,0.05,314.0,Recurrente,Efectivo,False,4.0
ORD-003532,2025-03-24,MER-01,Sureste,Tienda,Hogar,Cafetera programable,3,1560.01,0.05,851.8,Nuevo,Tarjeta,False,5.0
ORD-001649,2025-04-03,CDMX-02,Centro,Tienda,Hogar,Cafetera programable,6,1534.85,0.2,868.11,Nuevo,Tarjeta,False,5.0
ORD-001180,2025-02-01,MER-01,Sureste,Online,Electrónica,Teclado mecánico,1,1200.65,0.0,711.69,Recurrente,Tarjeta,False,5.0
ORD-001595,2025-05-24,CDMX-01,Centro,Online,Deportes,Mancuernas 10 kg,3,886.7,0.1,523.33,Nuevo,Transferencia,False,5.0
ORD-001759,2025-04-19,VER-01,Golfo,Tienda,Hogar,Licuadora,4,966.92,0.05,552.57,Empresa,Transferencia,False,5.0
ORD-001691,2025-11-16,GDL-01,Occidente,Online,Deportes,Mancuernas 10 kg,1,1029.48,0.15,516.39,Nuevo,Tarjeta,False,5.0
ORD-000293,2025-12-04,MTY-01,Norte,Tienda,Deportes,Mochila deportiva,2,815.59,0.15,339.76,Recurrente,Transferencia,False,3.0
ORD-003383,2025-02-21,MTY-01,Norte,Tienda,Electrónica,Audífonos Bluetooth,1,692.75,0.2,389.04,Recurrente,Tarjeta,False,4.0
ORD-000404,2025-05-31,ZAP-01,Occidente,Online,Electrónica,Teclado mecánico,2,1174.91,0.1,720.41,Recurrente,Efectivo,True,3.0
ORD-002407,2025-01-24,MTY-02,Norte,Tienda,Electrónica,Teclado mecánico,1,1210.96,0.0,716.04,Empresa,Tarjeta,False,4.0
ORD-000908,2025-09-06,PUE-01,Centro,Tienda,Hogar,Juego de sábanas,5,641.23,0.05,307.34,Empresa,Tarjeta,False,4.0
ORD-002224,2025-03-07,ZAP-01,Occidente,Online,Hogar,Juego de sábanas,2,643.66,0.15,303.85,Nuevo,Tarjeta,False,4.0
ORD-002095,2025-04-05,MER-01,Sureste,Tienda,Electrónica,Monitor 24 pulgadas,3,3323.61,0.1,2282.32,Recurrente,Tarjeta,False,2.0
ORD-001084,2025-07-26,MTY-01,Norte,Tienda,Deportes,Mochila deportiva,1,746.35,0.3,330.96,Nuevo,Tarjeta,False,3.0
ORD-002970,2025-03-06,CHH-01,Norte,Tienda,Electrónica,Monitor 24 pulgadas,3,3435.74,0.1,2371.44,Recurrente,Tarjeta,False,5.0
ORD-001398,2025-11-28,CHH-01,Norte,Tienda,Oficina,Organizador de escritorio,2,317.69,0.15,106.37,Nuevo,Efectivo,False,3.0
ORD-001165,2025-07-06,ZAP-01,Occidente,Online,Electrónica,Monitor 24 pulgadas,1,3383.5,0.1,2361.68,Nuevo,Tarjeta,False,3.0
ORD-003098,2025-12-10,CHH-01,Norte,Tienda,Oficina,Lámpara LED,4,619.88,0.0,240.77,Recurrente,Efectivo,False,5.0
ORD-003586,2025-05-21,GDL-01,Occidente,Online,Electrónica,Audífonos Bluetooth,2,709.43,0.1,388.87,Recurrente,Tarjeta,False,5.0
ORD-000388,2025-07-04,VER-01,Golfo,Tienda,Hogar,Licuadora,2,979.05,0.0,557.62,Recurrente,Efectivo,True,3.0
ORD-003573,2025-11-15,GDL-02,Occidente,Online,Electrónica,Teclado mecánico,3,1284.07,0.05,699.3,Recurrente,Tarjeta,False,2.0
ORD-001216,2025-12-30,ZAP-01,Occidente,Online,Hogar,Juego de sábanas,1,748.71,0.1,308.48,Recurrente,Tarjeta,False,5.0
ORD-001791,2025-01-24,MER-01,Sureste,Tienda,Deportes,Mochila deportiva,1,761.39,0.0,334.0,Nuevo,Tarjeta,False,2.0
ORD-000111,2025-03-07,ZAP-01,Occidente,Tienda,Deportes,Mancuernas 10 kg,1,918.7,0.3,519.01,Recurrente,Tarjeta,False,4.0
ORD-003059,2025-10-01,CAN-01,Sureste,Tienda,Oficina,Silla ergonómica,1,2795.36,0.2,1841.95,Recurrente,Efectivo,False,5.0
ORD-003422,2025-07-28,MTY-01,Norte,Online,Deportes,Mochila deportiva,2,732.06,0.0,343.6,Nuevo,Tarjeta,False,5.0
ORD-001229,2025-12-02,CAN-01,Sureste,Tienda,Electrónica,Audífonos Bluetooth,1,743.04,0.1,384.04,Nuevo,Tarjeta,False,5.0
ORD-001898,2025-01-08,CHH-01,Norte,Online,Deportes,Mancuernas 10 kg,3,883.11,0.1,510.33,Nuevo,Tarjeta,False,4.0
ORD-001000,2025-11-28,MER-01,Sureste,Tienda,Electrónica,Audífonos Bluetooth,1,724.24,0.05,381.13,Recurrente,Tarjeta,False,4.0
ORD-000123,2025-04-12,CAN-01,Sureste,Tienda,Hogar,Juego de sábanas,1,643.07,0.05,317.03,Recurrente,Efectivo,False,4.0
ORD-001289,2025-07-16,CDMX-01,Centro,Tienda,Oficina,Silla ergonómica,2,2890.9,0.0,1860.51,Recurrente,Tarjeta,False,3.0
ORD-002502,2025-02-03,CDMX-01,Centro,Tienda,Electrónica,Audífonos Bluetooth,1,724.28,0.0,393.16,Recurrente,Efectivo,False,4.0
ORD-000375,2025-09-10,VER-01,Golfo,Tienda,Hogar,Juego de sábanas,1,676.12,0.15,311.15,Nuevo,Tarjeta,False,4.0
ORD-003324,2025-05-17,CHH-01,Norte,Tienda,Electrónica,Teclado mecánico,1,1225.76,0.15,711.89,Recurrente,Tarjeta,False,3.0
ORD-001823,2025-06-13,MER-01,Sureste,Tienda,Oficina,Organizador de escritorio,4,285.99,0.1,105.77,Recurrente,Efectivo,False,5.0
ORD-002354,2025-11-19,CDMX-02,Centro,Tienda,Oficina,Organizador de escritorio,2,313.58,0.1,106.65,Nuevo,Tarjeta,False,4.0
ORD-000889,2025-04-05,CHH-01,Norte,Online,Oficina,Lámpara LED,2,541.33,0.15,242.19,Recurrente,Tarjeta,False,5.0
ORD-003295,2025-03-14,MTY-02,Norte,Tienda,Hogar,Cafetera programable,1,1542.57,0.1,863.99,Recurrente,Efectivo,False,3.0
ORD-003219,2025-01-27,MTY-02,Norte,Online,Hogar,Juego de sábanas,2,640.67,0.0,311.36,Nuevo,Tarjeta,False,5.0
ORD-000951,2025-12-22,CHH-01,Norte,Online,Deportes,Tapete de yoga,1,443.68,0.2,160.88,Nuevo,Tarjeta,False,4.0
ORD-001678,2025-03-28,CDMX-01,Centro,Online,Deportes,Mochila deportiva,1,747.4,0.0,341.17,Nuevo,Tarjeta,False,4.0
ORD-002752,2025-02-06,GDL-01,Occidente,Online,Electrónica,Monitor 24 pulgadas,1,3285.96,0.3,2336.71,Recurrente,Tarjeta,False,4.0
ORD-002652,2025-09-21,CHH-01,Norte,Tienda,Oficina,Organizador de escritorio,3,279.81,0.05,102.89,Nuevo,Tarjeta,False,5.0
ORD-000645,2025-08-05,GDL-02,Occidente,Tienda,Hogar,Juego de sábanas,2,647.45,0.1,311.13,Empresa,Tarjeta,False,5.0
ORD-002417,2025-10-28,MTY-01,Norte,Tienda,Oficina,Organizador de escritorio,1,284.96,0.1,103.34,Nuevo,Tarjeta,False,2.0
ORD-002900,2025-09-29,GDL-02,Occidente,Tienda,Oficina,Lámpara LED,1,534.06,0.2,237.42,Nuevo,Efectivo,False,5.0
ORD-003484,2025-04-30,PUE-01,Centro,Tienda,Oficina,Silla ergonómica,4,2840.63,0.2,1845.87,Recurrente,Tarjeta,False,4.0
ORD-001141,2025-01-07,MTY-02,Norte,Tienda,Hogar,Licuadora,3,1015.51,0.2,560.09,Recurrente,Efectivo,False,1.0
ORD-001897,2025-10-31,PUE-01,Centro,Tienda,Oficina,Silla ergonómica,1,2759.38,0.0,1809.99,Recurrente,Tarjeta,False,3.0
ORD-000881,2025-12-26,MTY-02,Norte,Tienda,Hogar,Cafetera programable,1,1701.57,0.0,886.37,Nuevo,Tarjeta,False,4.0
ORD-003276,2025-05-14,CDMX-01,Centro,Tienda,Oficina,Lámpara LED,2,537.1,0.15,240.61,Recurrente,Efectivo,False,4.0
ORD-002903,2025-01-31,PUE-01,Centro,Tienda,Oficina,Silla ergonómica,1,2874.74,0.15,1769.31,Recurrente,Tarjeta,False,3.0
ORD-002124,2025-05-07,CHH-01,Norte,Online,Hogar,Licuadora,1,990.24,0.0,559.59,Recurrente,Efectivo,True,5.0
ORD-000664,2025-04-07,VER-01,Golfo,Online,Electrónica,Audífonos Bluetooth,3,653.91,0.1,380.03,Nuevo,Tarjeta,False,4.0
ORD-000122,2025-04-17,MTY-02,Norte,Tienda,Hogar,Licuadora,2,992.24,0.1,559.93,Nuevo,Efectivo,False,4.0
ORD-000607,2025-08-06,MER-01,Sureste,Tienda,Electrónica,Teclado mecánico,2,1185.44,0.0,709.91,Nuevo,Transferencia,False,4.0
ORD-000149,2025-10-14,PUE-01,Centro,Tienda,Electrónica,Audífonos Bluetooth,2,701.48,0.3,384.7,Recurrente,Tarjeta,False,4.0
ORD-001566,2025-04-14,GDL-02,Occidente,Tienda,Electrónica,Monitor 24 pulgadas,2,3404.29,0.05,2361.06,Nuevo,Tarjeta,False,4.0
ORD-001782,2025-07-18,CHH-01,Norte,Tienda,Deportes,Mochila deportiva,1,747.58,0.1,336.44,Empresa,Efectivo,True,4.0
ORD-001887,2025-12-11,VER-01,Golfo,Tienda,Deportes,Tapete de yoga,3,425.09,0.1,161.23,Nuevo,Transferencia,True,5.0
ORD-001711,2025-03-08,PUE-01,Centro,Tienda,Hogar,Cafetera programable,2,1506.75,0.1,863.41,Recurrente,Tarjeta,False,4.0
ORD-001403,2025-03-21,MTY-02,Norte,Tienda,Electrónica,Monitor 24 pulgadas,1,3304.41,0.15,2355.49,Nuevo,Efectivo,False,4.0
ORD-003542,2025-06-18,CDMX-02,Centro,Tienda,Deportes,Mancuernas 10 kg,1,904.37,0.15,520.55,Nuevo,Tarjeta,False,2.0
ORD-002221,2025-08-15,MTY-02,Norte,Online,Deportes,Mancuernas 10 kg,2,904.04,0.15,514.27,Nuevo,Transferencia,False,4.0
ORD-000886,2025-06-22,PUE-01,Centro,Online,Deportes,Mochila deportiva,2,770.84,0.05,332.09,Nuevo,Transferencia,False,4.0
ORD-001838,2025-08-20,GDL-02,Occidente,Tienda,Deportes,Tapete de yoga,2,389.93,0.1,160.4,Recurrente,Tarjeta,False,5.0
ORD-000469,2025-03-15,CHH-01,Norte,Tienda,Oficina,Lámpara LED,1,565.11,0.15,238.39,Nuevo,Tarjeta,False,3.0
ORD-001088,2025-05-07,CHH-01,Norte,Tienda,Electrónica,Audífonos Bluetooth,4,683.16,0.05,383.26,Recurrente,Tarjeta,False,5.0
ORD-000184,2025-09-30,GDL-01,Occidente,Tienda,Electrónica,Audífonos Bluetooth,3,664.17,0.1,388.19,Empresa,Tarjeta,False,3.0
ORD-000962,2025-02-28,CAN-01,Sureste,Online,Electrónica,Audífonos Bluetooth,1,693.16,0.05,376.16,Recurrente,Tarjeta,False,4.0
ORD-003051,2025-05-16,CDMX-01,Centro,Tienda,Hogar,Cafetera programable,2,1398.64,0.0,865.29,Empresa,Tarjeta,False,5.0
ORD-001879,2025-04-29,ZAP-01,Occidente,Tienda,Deportes,Mochila deportiva,1,755.79,0.2,347.17,Nuevo,Efectivo,False,3.0
ORD-001653,2025-03-31,PUE-01,Centro,Tienda,Deportes,Mochila deportiva,4,737.16,0.3,341.05,Nuevo,Tarjeta,False,5.0
ORD-002084,2025-09-05,MTY-02,Norte,Tienda,Hogar,Cafetera programable,1,1478.69,0.05,877.9,Nuevo,Tarjeta,False,4.0
ORD-000944,2025-04-08,GDL-01,Occidente,Online,Electrónica,Audífonos Bluetooth,1,704.59,0.0,383.96,Nuevo,Efectivo,False,5.0
ORD-000704,2025-04-07,PUE-01,Centro,Tienda,Electrónica,Audífonos Bluetooth,2,686.13,0.1,389.6,Recurrente,Tarjeta,False,5.0
ORD-002557,2025-09-02,CDMX-02,Centro,Online,Deportes,Mancuernas 10 kg,1,915.84,0.1,521.72,Recurrente,Tarjeta,False,4.0
ORD-003321,2025-12-20,MTY-02,Norte,Tienda,Deportes,Tapete de yoga,2,447.29,0.05,162.29,Nuevo,Efectivo,False,2.0
ORD-002641,2025-09-12,GDL-01,Occidente,Online,Electrónica,Monitor 24 pulgadas,1,3266.15,0.15,2276.32,Recurrente,Tarjeta,True,2.0
ORD-001730,2025-01-19,GDL-02,Occidente,Tienda,Electrónica,Audífonos Bluetooth,1,663.68,0.05,394.4,Nuevo,Tarjeta,False,4.0
ORD-001161,2025-11-26,CAN-01,Sureste,Tienda,Deportes,Mancuernas 10 kg,1,1012.32,0.0,510.85,Recurrente,Tarjeta,False,1.0
ORD-003151,2025-09-15,MTY-02,Norte,Online,Hogar,Licuadora,3,986.65,0.0,564.15,Recurrente,Efectivo,False,3.0
ORD-003129,2025-09-25,CDMX-01,Centro,Tienda,Deportes,Mancuernas 10 kg,2,893.09,0.1,529.02,Empresa,Tarjeta,False,4.0
ORD-000658,2025-09-09,MTY-02,Norte,Tienda,Oficina,Lámpara LED,6,538.65,0.1,236.35,Nuevo,Tarjeta,False,5.0
ORD-000834,2025-02-05,CHH-01,Norte,Tienda,Deportes,Tapete de yoga,2,388.96,0.2,157.27,Recurrente,Tarjeta,False,4.0
ORD-002421,2025-10-07,ZAP-01,Occidente,Tienda,Hogar,Cafetera programable,2,1525.57,0.2,885.9,Recurrente,Tarjeta,False,4.0
ORD-002897,2025-09-17,CHH-01,Norte,Online,Hogar,Juego de sábanas,2,647.97,0.1,310.7,Recurrente,Transferencia,False,4.0
ORD-002171,2025-07-08,MTY-01,Norte,Online,Oficina,Silla ergonómica,2,2762.49,0.0,1849.7,Empresa,Efectivo,False,5.0
ORD-001206,2025-05-03,MTY-02,Norte,Online,Oficina,Organizador de escritorio,1,288.6,0.0,103.94,Recurrente,Efectivo,True,3.0
ORD-001276,2025-10-22,CAN-01,Sureste,Online,Electrónica,Teclado mecánico,1,1178.69,0.1,724.43,Recurrente,Tarjeta,False,1.0
ORD-000677,2025-02-05,GDL-01,Occidente,Online,Hogar,Cafetera programable,3,1501.08,0.05,869.45,Recurrente,Tarjeta,False,
ORD-000343,2025-08-16,MTY-01,Norte,Tienda,Electrónica,Audífonos Bluetooth,6,701.19,0.0,389.35,Recurrente,Tarjeta,False,4.0
ORD-002227,2025-01-30,CDMX-02,Centro,Tienda,Deportes,Mochila deportiva,6,744.7,0.05,337.72,Empresa,Efectivo,False,5.0
ORD-000407,2025-04-07,CAN-01,Sureste,Online,Electrónica,Audífonos Bluetooth,1,694.7,0.1,378.61,Recurrente,Transferencia,False,5.0
ORD-000348,2025-10-08,MTY-02,Norte,Online,Hogar,Juego de sábanas,1,664.13,0.15,312.36,Recurrente,Transferencia,False,4.0
ORD-001799,2025-10-03,CDMX-02,Centro,Tienda,Oficina,Organizador de escritorio,4,293.37,0.2,106.0,Recurrente,Tarjeta,False,5.0
ORD-002616,2025-02-27,MTY-02,Norte,Online,Deportes,Mochila deportiva,4,745.8,0.0,334.64,Recurrente,Tarjeta,False,4.0
ORD-001627,2025-12-06,VER-01,Golfo,Tienda,Hogar,Juego de sábanas,1,719.96,0.1,308.21,Nuevo,Tarjeta,False,5.0
ORD-000239,2025-12-22,MER-01,Sureste,Tienda,Hogar,Juego de sábanas,1,729.36,0.1,313.54,Nuevo,Tarjeta,False,5.0
ORD-002999,2025-03-08,VER-01,Golfo,Tienda,Deportes,Mancuernas 10 kg,1,910.05,0.2,520.74,Nuevo,Transferencia,False,5.0
ORD-001052,2025-05-14,MER-01,Sureste,Tienda,Oficina,Organizador de escritorio,6,287.55,0.0,104.32,Nuevo,Tarjeta,False,4.0
ORD-000282,2025-02-06,CHH-01,Norte,Tienda,Electrónica,Teclado mecánico,2,1202.99,0.0,726.1,Recurrente,Transferencia,False,3.0
ORD-001742,2025-05-11,GDL-02,Occidente,Online,Hogar,Cafetera programable,1,1521.89,0.05,868.25,Nuevo,Tarjeta,False,3.0
ORD-002860,2025-08-04,ZAP-01,Occidente,Tienda,Hogar,Cafetera programable,2,1466.53,0.05,861.08,Recurrente,Efectivo,False,3.0
ORD-002357,2025-09-13,ZAP-01,Occidente,Online,Electrónica,Monitor 24 pulgadas,2,3351.57,0.0,2305.62,Recurrente,Tarjeta,False,3.0
ORD-002142,2025-10-15,CDMX-02,Centro,Tienda,Hogar,Cafetera programable,2,1562.35,0.15,881.04,Recurrente,Tarjeta,False,5.0
ORD-002296,2025-08-21,MTY-01,Norte,Tienda,Electrónica,Teclado mecánico,1,1178.19,0.0,711.31,Nuevo,Efectivo,False,2.0
ORD-001314,2025-09-26,CDMX-01,Centro,Tienda,Hogar,Cafetera programable,1,1524.38,0.0,855.81,Nuevo,Tarjeta,False,4.0
ORD-000633,2025-01-12,CHH-01,Norte,Online,Oficina,Silla ergonómica,6,2910.68,0.3,1855.23,Nuevo,Transferencia,True,3.0
ORD-002601,2025-09-09,MER-01,Sureste,Tienda,Oficina,Silla ergonómica,2,2830.08,0.2,1773.91,Recurrente,Tarjeta,True,5.0
ORD-003452,2025-08-21,MTY-01,Norte,Online,Hogar,Licuadora,1,1010.88,0.0,568.25,Recurrente,Efectivo,False,4.0
ORD-000358,2025-02-16,MER-01,Sureste,Online,Oficina,Lámpara LED,3,550.55,0.3,234.83,Recurrente,Efectivo,False,1.0
ORD-001942,2025-08-30,PUE-01,Centro,Tienda,Electrónica,Teclado mecánico,1,1197.21,0.3,748.42,Recurrente,Tarjeta,False,4.0
ORD-001029,2025-11-11,VER-01,Golfo,Tienda,Deportes,Tapete de yoga,4,440.4,0.15,162.66,Empresa,Tarjeta,False,3.0
ORD-002769,2025-02-18,VER-01,Golfo,Online,Deportes,Tapete de yoga,4,403.14,0.15,161.36,Recurrente,Tarjeta,False,3.0
ORD-000377,2025-10-26,CHH-01,Norte,Tienda,Oficina,Lámpara LED,1,521.69,0.1,234.99,Recurrente,Transferencia,False,2.0
ORD-002367,2025-12-07,CDMX-01,Centro,Tienda,Hogar,Juego de sábanas,2,736.93,0.15,306.29,Nuevo,Tarjeta,False,3.0
ORD-001531,2025-09-29,CDMX-02,Centro,Online,Deportes,Mochila deportiva,4,763.43,0.1,342.15,Recurrente,Transferencia,False,4.0
ORD-001790,2025-07-26,ZAP-01,Occidente,Tienda,Oficina,Lámpara LED,5,546.87,0.1,238.65,Nuevo,Tarjeta,False,4.0
ORD-003080,2025-09-17,CHH-01,Norte,Online,Oficina,Organizador de escritorio,1,292.21,0.0,104.33,Empresa,Tarjeta,False,4.0
ORD-000164,2025-02-16,MER-01,Sureste,Tienda,Deportes,Tapete de yoga,3,407.22,0.0,158.6,Empresa,Tarjeta,False,4.0
ORD-001554,2025-10-16,PUE-01,Centro,Tienda,Electrónica,Audífonos Bluetooth,1,687.83,0.05,380.46,Nuevo,Efectivo,False,4.0
ORD-002623,2025-12-03,VER-01,Golfo,Tienda,Hogar,Cafetera programable,3,1634.8,0.05,870.41,Nuevo,Transferencia,True,3.0
ORD-003547,2025-09-03,ZAP-01,Occidente,Online,Electrónica,Teclado mecánico,2,1161.69,0.1,716.25,Recurrente,Tarjeta,False,5.0
ORD-003056,2025-03-08,CDMX-01,Centro,Tienda,Deportes,Mochila deportiva,1,746.05,0.0,326.7,Recurrente,Tarjeta,False,4.0
ORD-001949,2025-05-28,GDL-02,Occidente,Tienda,Oficina,Organizador de escritorio,2,285.61,0.1,105.73,Nuevo,Tarjeta,False,5.0
ORD-002391,2025-03-24,MTY-02,Norte,Tienda,Oficina,Organizador de escritorio,6,280.01,0.2,107.74,Recurrente,Tarjeta,False,3.0
ORD-002285,2025-06-29,CDMX-02,Centro,Online,Deportes,Tapete de yoga,1,408.9,0.05,158.19,Nuevo,Tarjeta,False,4.0
ORD-003154,2025-01-30,GDL-01,Occidente,Tienda,Oficina,Silla ergonómica,1,2977.51,0.1,1821.29,Recurrente,Tarjeta,False,5.0
ORD-001364,2025-10-17,MTY-01,Norte,Tienda,Oficina,Organizador de escritorio,2,296.64,0.2,107.59,Recurrente,Tarjeta,False,5.0
ORD-002733,2025-04-27,MER-01,Sureste,Tienda,Oficina,Organizador de escritorio,1,276.27,0.1,105.96,Recurrente,Efectivo,False,3.0
ORD-001175,2025-10-30,CAN-01,Sureste,Online,Oficina,Silla ergonómica,5,2849.12,0.0,1795.22,Recurrente,Efectivo,False,3.0
ORD-000920,2025-07-19,PUE-01,Centro,Online,Electrónica,Monitor 24 pulgadas,2,3319.99,0.2,2326.31,Empresa,Tarjeta,False,4.0
ORD-000686,2025-06-24,GDL-01,Occidente,Tienda,Electrónica,Monitor 24 pulgadas,1,3245.81,0.15,2373.53,Nuevo,Efectivo,True,3.0
ORD-002051,2025-06-02,CAN-01,Sureste,Online,Oficina,Organizador de escritorio,1,279.54,0.1,104.46,Recurrente,Transferencia,False,5.0
ORD-000225,2025-10-21,GDL-02,Occidente,Tienda,Hogar,Licuadora,1,979.75,0.3,555.23,Nuevo,Tarjeta,False,3.0
ORD-002488,2025-06-30,MER-01,Sureste,Online,Deportes,Mancuernas 10 kg,2,903.88,0.05,519.6,Recurrente,Tarjeta,False,4.0
ORD-003369,2025-02-21,PUE-01,Centro,Online,Electrónica,Monitor 24 pulgadas,1,3210.91,0.05,2393.32,Empresa,Efectivo,False,5.0
ORD-003353,2025-08-08,MTY-01,Norte,Tienda,Electrónica,Audífonos Bluetooth,3,707.89,0.0,402.56,Nuevo,Tarjeta,False,5.0
ORD-003561,2025-06-26,GDL-02,Occidente,Tienda,Oficina,Organizador de escritorio,1,287.77,0.2,106.19,Nuevo,Efectivo,False,4.0
ORD-002542,2025-07-16,MTY-01,Norte,Tienda,Deportes,Mancuernas 10 kg,3,862.82,0.0,519.72,Nuevo,Tarjeta,False,4.0
ORD-002144,2025-07-05,ZAP-01,Occidente,Tienda,Deportes,Tapete de yoga,3,407.37,0.05,160.91,Recurrente,Tarjeta,False,5.0
ORD-002447,2025-12-23,GDL-02,Occidente,Tienda,Deportes,Tapete de yoga,2,439.26,0.15,157.59,Nuevo,Efectivo,False,4.0
ORD-000485,2025-07-29,GDL-02,Occidente,Tienda,Electrónica,Audífonos Bluetooth,6,692.41,0.1,380.5,Nuevo,Tarjeta,False,3.0
ORD-001979,2025-07-31,CAN-01,Sureste,Online,Electrónica,Audífonos Bluetooth,2,669.7,0.3,376.08,Recurrente,Tarjeta,True,5.0
ORD-002453,2025-05-24,GDL-01,Occidente,Tienda,Hogar,Cafetera programable,3,1497.98,0.0,866.34,Recurrente,Tarjeta,False,3.0
ORD-003557,2025-05-28,GDL-02,Occidente,Tienda,Electrónica,Teclado mecánico,2,1165.38,0.15,707.1,Nuevo,Tarjeta,False,5.0
ORD-002858,2025-08-27,MER-01,Sureste,Online,Electrónica,Monitor 24 pulgadas,2,3402.27,0.3,2263.84,Nuevo,Tarjeta,False,1.0
ORD-000795,2025-04-12,MER-01,Sureste,Tienda,Electrónica,Monitor 24 pulgadas,1,3342.74,0.05,2356.06,Recurrente,Efectivo,False,4.0
ORD-000910,2025-08-28,MTY-01,Norte,Online,Hogar,Cafetera programable,2,1449.02,0.0,868.47,Recurrente,Efectivo,True,3.0
ORD-000972,2025-01-11,CAN-01,Sureste,Online,Hogar,Licuadora,2,1024.86,0.0,568.31,Empresa,Tarjeta,False,4.0
ORD-000893,2025-09-25,ZAP-01,Occidente,Tienda,Electrónica,Monitor 24 pulgadas,2,3213.62,0.0,2312.27,Recurrente,Tarjeta,False,4.0
ORD-002990,2025-04-03,CDMX-01,Centro,Online,Oficina,Lámpara LED,6,561.71,0.05,238.32,Nuevo,Efectivo,False,4.0
ORD-001824,2025-04-01,VER-01,Golfo,Online,Oficina,Lámpara LED,1,574.19,0.0,238.37,Recurrente,Tarjeta,False,5.0
ORD-002544,2025-03-12,CAN-01,Sureste,Tienda,Hogar,Licuadora,2,1018.68,0.1,563.94,Recurrente,Transferencia,False,4.0
ORD-000543,2025-02-05,CAN-01,Sureste,Tienda,Deportes,Mancuernas 10 kg,2,865.15,0.0,518.99,Nuevo,Tarjeta,False,2.0
ORD-001990,2025-02-21,PUE-01,Centro,Tienda,Oficina,Organizador de escritorio,6,287.82,0.3,105.62,Empresa,Tarjeta,False,3.0
ORD-003576,2025-06-26,CDMX-01,Centro,Tienda,Deportes,Mancuernas 10 kg,2,904.48,0.05,520.33,Nuevo,Tarjeta,False,4.0
ORD-000594,2025-07-03,GDL-02,Occidente,Online,Oficina,Lámpara LED,3,554.0,0.0,240.08,Empresa,Efectivo,False,5.0
ORD-000333,2025-04-14,VER-01,Golfo,Tienda,Hogar,Licuadora,3,1001.54,0.0,557.98,Nuevo,Tarjeta,False,3.0
ORD-000378,2025-02-23,VER-01,Golfo,Online,Deportes,Tapete de yoga,3,409.69,0.1,158.79,Recurrente,Efectivo,False,5.0
ORD-003287,2025-02-07,CHH-01,Norte,Tienda,Oficina,Lámpara LED,1,566.35,0.2,246.66,Recurrente,Tarjeta,False,4.0
ORD-002988,2025-10-11,CDMX-01,Centro,Tienda,Hogar,Cafetera programable,1,1506.83,0.3,870.01,Recurrente,Efectivo,False,4.0
ORD-001325,2025-07-17,ZAP-01,Occidente,Tienda,Oficina,Silla ergonómica,2,2910.21,0.0,1808.35,Nuevo,Tarjeta,False,4.0
ORD-000599,2025-09-29,GDL-02,Occidente,Online,Deportes,Tapete de yoga,4,374.94,0.1,159.25,Recurrente,Tarjeta,False,5.0
ORD-001219,2025-02-16,PUE-01,Centro,Tienda,Oficina,Silla ergonómica,4,2853.54,0.0,1810.49,Recurrente,Efectivo,False,3.0
ORD-001012,2025-06-02,CHH-01,Norte,Online,Oficina,Organizador de escritorio,4,295.3,0.2,103.91,Recurrente,Tarjeta,False,5.0
ORD-001858,2025-07-19,MTY-02,Norte,Tienda,Oficina,Silla ergonómica,1,2826.52,0.0,1808.57,Recurrente,Transferencia,False,4.0
ORD-000743,2025-12-20,GDL-01,Occidente,Tienda,Electrónica,Monitor 24 pulgadas,3,3560.29,0.3,2339.58,Recurrente,Efectivo,False,5.0
ORD-000305,2025-10-11,PUE-01,Centro,Tienda,Oficina,Organizador de escritorio,2,280.97,0.2,105.58,Recurrente,Tarjeta,False,5.0
ORD-002558,2025-04-28,CDMX-02,Centro,Tienda,Oficina,Lámpara LED,1,541.95,0.1,241.7,Recurrente,Tarjeta,False,5.0
ORD-002987,2025-05-25,PUE-01,Centro,Tienda,Deportes,Mancuernas 10 kg,1,890.53,0.1,508.09,Empresa,Tarjeta,False,4.0
ORD-003416,2025-10-12,ZAP-01,Occidente,Tienda,Oficina,Lámpara LED,1,550.54,0.2,238.43,Recurrente,Tarjeta,False,4.0
ORD-000099,2025-11-10,MER-01,Sureste,Tienda,Oficina,Organizador de escritorio,1,315.17,0.2,103.8,Recurrente,Tarjeta,False,4.0
ORD-002032,2025-08-19,ZAP-01,Occidente,Tienda,Oficina,Silla ergonómica,1,2883.24,0.0,1798.24,Recurrente,Tarjeta,False,1.0
ORD-002340,2025-12-09,GDL-01,Occidente,Tienda,Electrónica,Monitor 24 pulgadas,1,3761.47,0.15,2360.88,Recurrente,Efectivo,False,2.0
ORD-001963,2025-06-26,VER-01,Golfo,Tienda,Electrónica,Monitor 24 pulgadas,1,3259.02,0.1,2322.37,Empresa,Tarjeta,False,3.0
ORD-001475,2025-04-28,GDL-02,Occidente,Online,Hogar,Licuadora,2,984.37,0.0,558.82,Nuevo,Transferencia,False,4.0
ORD-001966,2025-12-23,CDMX-01,Centro,Tienda,Hogar,Licuadora,1,1069.24,0.2,555.55,Recurrente,Tarjeta,False,5.0
ORD-000902,2025-07-11,CDMX-01,Centro,Tienda,Hogar,Cafetera programable,1,1522.87,0.1,880.18,Nuevo,Tarjeta,False,5.0
ORD-001925,2025-02-07,CDMX-02,Centro,Tienda,Oficina,Silla ergonómica,1,2714.26,0.1,1833.9,Nuevo,Tarjeta,False,4.0
ORD-001551,2025-02-06,MTY-01,Norte,Tienda,Oficina,Lámpara LED,3,542.93,0.15,240.89,Recurrente,Tarjeta,False,5.0
ORD-002962,2025-06-12,VER-01,Golfo,Tienda,Deportes,Mancuernas 10 kg,3,871.41,0.05,516.1,Recurrente,Tarjeta,False,3.0
ORD-003397,2025-12-03,ZAP-01,Occidente,Tienda,Oficina,Organizador de escritorio,1,319.06,0.3,102.4,Nuevo,Tarjeta,False,5.0
ORD-002655,2025-10-23,VER-01,Golfo,Tienda,Deportes,Mochila deportiva,3,717.11,0.1,336.33,Nuevo,Tarjeta,False,4.0
ORD-002728,2025-05-17,CAN-01,Sureste,Tienda,Electrónica,Teclado mecánico,1,1228.6,0.1,727.14,Nuevo,Tarjeta,False,4.0
ORD-001539,2025-02-24,ZAP-01,Occidente,Online,Hogar,Juego de sábanas,4,625.64,0.05,313.18,Recurrente,Efectivo,False,5.0
ORD-002072,2025-06-06,MER-01,Sureste,Online,Electrónica,Monitor 24 pulgadas,2,3300.7,0.05,2392.5,Recurrente,Efectivo,False,5.0
ORD-002167,2025-07-06,MTY-02,Norte,Tienda,Hogar,Juego de sábanas,6,646.64,0.0,306.11,Recurrente,Tarjeta,False,3.0
ORD-002737,2025-10-31,CAN-01,Sureste,Tienda,Electrónica,Monitor 24 pulgadas,3,3238.5,0.2,2368.61,Recurrente,Tarjeta,True,3.0
ORD-000048,2025-10-10,ZAP-01,Occidente,Online,Oficina,Organizador de escritorio,1,272.96,0.15,107.96,Recurrente,Tarjeta,False,1.0
ORD-001634,2025-05-14,CDMX-02,,Online,Oficina,Lámpara LED,5,546.92,0.0,237.66,Nuevo,Tarjeta,False,3.0
ORD-002569,2025-09-20,CAN-01,Sureste,Tienda,Hogar,Cafetera programable,6,1532.02,0.1,880.41,Nuevo,Tarjeta,False,4.0
ORD-000457,2025-05-07,PUE-01,Centro,Tienda,Deportes,Tapete de yoga,1,393.19,0.1,161.87,Empresa,Tarjeta,False,3.0
ORD-002754,2025-01-04,ZAP-01,Occidente,Tienda,Oficina,Silla ergonómica,3,2990.87,0.0,1827.01,Nuevo,Tarjeta,False,5.0
ORD-000793,2025-05-03,CHH-01,Norte,Online,Oficina,Lámpara LED,4,545.81,0.1,239.46,Recurrente,Tarjeta,False,3.0
ORD-002795,2025-12-18,PUE-01,Centro,Tienda,Oficina,Lámpara LED,1,581.87,0.0,233.89,Nuevo,Tarjeta,False,4.0
ORD-000583,2025-05-18,GDL-01,Occidente,Online,Electrónica,Monitor 24 pulgadas,2,3337.32,0.2,2289.21,Nuevo,Efectivo,False,3.0
ORD-001039,2025-11-07,GDL-02,Occidente,Tienda,Deportes,Mancuernas 10 kg,3,999.38,0.15,502.56,Recurrente,Transferencia,False,4.0
ORD-002714,2025-07-05,GDL-01,Occidente,Tienda,Oficina,Silla ergonómica,1,2961.82,0.2,1852.57,Recurrente,Tarjeta,False,3.0
ORD-003279,2025-11-02,CDMX-01,Centro,Tienda,Deportes,Mancuernas 10 kg,3,973.61,0.2,501.56,Nuevo,Tarjeta,False,4.0
ORD-002050,2025-05-13,ZAP-01,Occidente,Tienda,Electrónica,Monitor 24 pulgadas,3,3248.45,0.0,2403.89,Nuevo,Tarjeta,False,3.0
ORD-001172,2025-12-18,GDL-01,Occidente,Tienda,Oficina,Lámpara LED,1,611.22,0.1,240.04,Nuevo,Tarjeta,False,5.0
ORD-003376,2025-04-02,CDMX-01,Centro,Online,Oficina,Lámpara LED,1,553.07,0.1,242.71,Recurrente,Tarjeta,False,3.0
ORD-002483,2025-02-02,MTY-02,Norte,Tienda,Hogar,Cafetera programable,6,1488.59,0.2,887.47,Nuevo,Tarjeta,False,5.0
ORD-002413,2025-03-01,CAN-01,Sureste,Tienda,Electrónica,Monitor 24 pulgadas,2,3326.69,0.3,2333.12,Recurrente,Tarjeta,True,4.0
ORD-000792,2025-01-26,VER-01,Golfo,Tienda,Electrónica,Monitor 24 pulgadas,1,3222.82,0.05,2359.32,Nuevo,Tarjeta,False,4.0
ORD-001106,2025-07-29,VER-01,Golfo,Online,Hogar,Cafetera programable,2,1526.7,0.1,872.89,Recurrente,Tarjeta,False,5.0
ORD-003221,2025-12-02,ZAP-01,Occidente,Tienda,Hogar,Juego de sábanas,3,687.4,0.05,309.01,Recurrente,Efectivo,False,4.0
ORD-000923,2025-06-17,ZAP-01,Occidente,Online,Deportes,Mancuernas 10 kg,1,886.86,0.05,519.21,Nuevo,Transferencia,False,4.0
ORD-001635,2025-10-26,VER-01,Golfo,Online,Hogar,Licuadora,6,1024.13,0.2,547.25,Nuevo,Tarjeta,False,4.0
ORD-001997,2025-05-08,VER-01,Golfo,Online,Oficina,Lámpara LED,2,532.97,0.15,241.62,Recurrente,Tarjeta,False,2.0
ORD-003375,2025-07-30,CDMX-01,Centro,Online,Electrónica,Monitor 24 pulgadas,3,3365.27,0.05,2358.12,Nuevo,Tarjeta,False,3.0
ORD-002507,2025-06-17,CDMX-02,Centro,Tienda,Oficina,Organizador de escritorio,1,280.2,0.05,104.41,Nuevo,Tarjeta,False,4.0
ORD-000101,2025-10-09,ZAP-01,Occidente,Tienda,Electrónica,Monitor 24 pulgadas,1,3416.88,0.1,2334.37,Nuevo,Tarjeta,False,3.0
ORD-001952,2025-03-17,CDMX-01,Centro,Online,Hogar,Juego de sábanas,2,647.19,0.1,308.47,Empresa,Transferencia,False,5.0
ORD-000237,2025-11-05,VER-01,Golfo,Online,Hogar,Juego de sábanas,2,735.87,0.05,316.94,Recurrente,Tarjeta,False,5.0
ORD-001955,2025-03-12,CDMX-02,Centro,Online,Hogar,Cafetera programable,3,1458.03,0.05,866.78,Recurrente,Efectivo,False,3.0
ORD-003054,2025-04-23,MTY-02,Norte,Tienda,Deportes,Mochila deportiva,2,728.8,0.1,334.25,Empresa,Tarjeta,False,4.0
ORD-002985,2025-07-20,VER-01,Golfo,Tienda,Oficina,Lámpara LED,1,548.01,0.05,237.11,Recurrente,Tarjeta,False,3.0
ORD-000374,2025-03-08,GDL-02,Occidente,Online,Hogar,Juego de sábanas,2,641.84,0.1,306.67,Nuevo,Efectivo,False,5.0
ORD-003122,2025-03-05,MTY-01,Norte,Tienda,Electrónica,Audífonos Bluetooth,1,714.7,0.05,388.75,Nuevo,Transferencia,False,5.0
ORD-001594,2025-06-19,CHH-01,Norte,Tienda,Oficina,Silla ergonómica,1,2916.07,0.15,1882.01,Nuevo,Tarjeta,False,3.0
ORD-003134,2025-06-04,ZAP-01,Occidente,Tienda,Oficina,Lámpara LED,2,539.24,0.0,240.67,Nuevo,Tarjeta,False,4.0
ORD-000512,2025-02-20,MTY-01,Norte,Online,Deportes,Mochila deportiva,2,751.77,0.2,339.16,Recurrente,Efectivo,False,5.0
ORD-001572,2025-01-29,CHH-01,Norte,Tienda,Hogar,Licuadora,5,980.97,0.0,570.05,Recurrente,Efectivo,False,4.0
ORD-002339,2025-04-18,VER-01,Golfo,Tienda,Hogar,Juego de sábanas,2,678.02,0.05,309.02,Nuevo,Tarjeta,False,4.0
ORD-002702,2025-04-12,GDL-02,Occidente,Tienda,Hogar,Cafetera programable,1,1501.96,0.15,883.13,Nuevo,Tarjeta,False,4.0
ORD-003541,2025-07-25,VER-01,Golfo,Online,Oficina,Silla ergonómica,2,2927.43,0.1,1776.78,Empresa,Tarjeta,False,4.0
ORD-000770,2025-08-17,MER-01,Sureste,Online,Oficina,Silla ergonómica,4,2867.61,0.1,1840.44,Recurrente,Tarjeta,False,4.0
ORD-003290,2025-09-14,MER-01,Sureste,Online,Electrónica,Teclado mecánico,1,1229.58,0.0,736.59,Recurrente,Efectivo,False,2.0
ORD-003521,2025-09-26,MTY-01,Norte,Tienda,Electrónica,Audífonos Bluetooth,3,689.11,0.2,382.85,Recurrente,Efectivo,False,4.0
ORD-002360,2025-11-22,MTY-01,Norte,Tienda,Oficina,Lámpara LED,1,613.2,0.0,235.5,Nuevo,Tarjeta,False,4.0
ORD-003571,2025-01-11,CAN-01,Sureste,Tienda,Hogar,Cafetera programable,1,1533.05,0.2,849.61,Empresa,Tarjeta,False,3.0
ORD-002045,2025-06-11,CDMX-02,Centro,Online,Deportes,Mochila deportiva,1,738.97,0.0,342.09,Nuevo,Transferencia,True,5.0
ORD-000294,2025-08-08,MTY-02,Norte,Tienda,Oficina,Organizador de escritorio,2,277.19,0.1,104.58,Recurrente,Tarjeta,False,3.0
ORD-000903,2025-12-16,VER-01,Golfo,Tienda,Oficina,Lámpara LED,3,583.62,0.0,242.93,Recurrente,Tarjeta,False,5.0
ORD-002944,2025-03-06,CAN-01,Sureste,Tienda,Electrónica,Monitor 24 pulgadas,2,3352.25,0.1,2381.57,Nuevo,Tarjeta,False,1.0
ORD-003184,2025-01-06,GDL-01,Occidente,Tienda,Electrónica,Monitor 24 pulgadas,1,3150.94,0.2,2414.08,Nuevo,Tarjeta,False,5.0
ORD-001095,2025-10-20,MTY-02,Norte,Online,Electrónica,Audífonos Bluetooth,2,727.43,0.15,392.49,Recurrente,Efectivo,False,4.0
ORD-001272,2025-03-08,CHH-01,Norte,Tienda,Hogar,Juego de sábanas,3,655.74,0.2,306.97,Recurrente,Tarjeta,False,3.0
ORD-001834,2025-11-19,MTY-01,Norte,Tienda,Deportes,Mochila deportiva,3,822.17,0.1,349.66,Recurrente,Tarjeta,False,1.0
ORD-003379,2025-08-07,MER-01,Sureste,Tienda,Deportes,Tapete de yoga,1,411.33,0.0,160.15,Nuevo,Efectivo,False,3.0
ORD-000326,2025-06-15,CDMX-01,Centro,Tienda,Deportes,Tapete de yoga,2,388.1,0.2,159.49,Recurrente,Tarjeta,True,4.0
ORD-002956,2025-01-23,ZAP-01,Occidente,Tienda,Deportes,Mancuernas 10 kg,4,907.94,0.0,519.01,Recurrente,Tarjeta,False,5.0
ORD-000891,2025-02-16,GDL-01,Occidente,Online,Electrónica,Teclado mecánico,3,1177.47,0.1,720.27,Nuevo,Efectivo,False,5.0
ORD-001537,2025-01-05,GDL-02,Occidente,Tienda,Hogar,Licuadora,4,993.4,0.05,564.63,Recurrente,Efectivo,False,5.0
ORD-001793,2025-06-12,CAN-01,Sureste,Tienda,Hogar,Juego de sábanas,1,642.59,0.0,307.0,Nuevo,Tarjeta,False,5.0
ORD-000354,2025-05-22,MTY-02,Norte,Online,Oficina,Silla ergonómica,1,2984.97,0.2,1812.73,Recurrente,Tarjeta,False,4.0
ORD-000213,2025-02-28,ZAP-01,Occidente,Tienda,Oficina,Silla ergonómica,3,3048.96,0.0,1851.64,Nuevo,Efectivo,False,4.0
ORD-002182,2025-11-22,CHH-01,Norte,Tienda,Oficina,Silla ergonómica,1,3091.12,0.0,1834.64,Nuevo,Tarjeta,False,4.0
ORD-003118,2025-09-05,CAN-01,Sureste,Tienda,Oficina,Silla ergonómica,1,2831.14,0.0,1836.32,Recurrente,Tarjeta,False,4.0
ORD-002904,2025-02-17,MTY-02,Norte,Tienda,Hogar,Juego de sábanas,5,660.05,0.0,307.34,Recurrente,Tarjeta,False,3.0
ORD-000860,2025-07-21,CHH-01,Norte,Online,Deportes,Mochila deportiva,2,737.73,0.2,341.5,Recurrente,Efectivo,False,4.0
ORD-001423,2025-06-13,VER-01,Golfo,Tienda,Oficina,Organizador de escritorio,4,286.26,0.1,107.48,Nuevo,Tarjeta,False,3.0
ORD-000491,2025-03-12,GDL-02,Occidente,Tienda,Hogar,Juego de sábanas,2,645.69,0.0,315.1,Nuevo,Efectivo,False,4.0
ORD-000172,2025-11-13,MTY-02,Norte,Tienda,Deportes,Tapete de yoga,1,465.26,0.05,161.24,Nuevo,Tarjeta,False,4.0
ORD-002154,2025-06-05,PUE-01,Centro,Tienda,Hogar,Juego de sábanas,2,645.55,0.0,309.48,Recurrente,Efectivo,False,5.0
ORD-000853,2025-12-11,MTY-02,Norte,Tienda,Electrónica,Audífonos Bluetooth,2,763.0,0.0,373.42,Recurrente,Tarjeta,False,4.0
ORD-001893,2025-08-08,ZAP-01,Occidente,Tienda,Electrónica,Monitor 24 pulgadas,2,3343.56,0.05,2371.71,Recurrente,Tarjeta,False,5.0
ORD-002438,2025-04-18,MER-01,Sureste,Tienda,Electrónica,Teclado mecánico,4,1142.86,0.0,727.0,Empresa,Efectivo,False,4.0
ORD-001743,2025-11-11,CHH-01,Norte,Tienda,Deportes,Tapete de yoga,2,448.95,0.0,163.23,Recurrente,Transferencia,False,4.0
ORD-001184,2025-10-22,ZAP-01,Occidente,Online,Deportes,Mochila deportiva,2,740.53,0.0,345.85,Nuevo,Tarjeta,False,4.0
ORD-003355,2025-05-25,CDMX-02,Centro,Tienda,Deportes,Tapete de yoga,1,403.15,0.05,161.96,Recurrente,Tarjeta,False,5.0
ORD-001806,2025-12-09,PUE-01,Centro,Tienda,Oficina,Silla ergonómica,5,3083.74,0.0,1803.6,Recurrente,Tarjeta,False,1.0
ORD-001002,2025-05-07,CDMX-01,Centro,Tienda,Electrónica,Monitor 24 pulgadas,1,3277.05,0.0,2363.95,Nuevo,Transferencia,False,5.0
ORD-002378,2025-04-14,MER-01,Sureste,Tienda,Oficina,Organizador de escritorio,3,281.27,0.2,105.52,Recurrente,Efectivo,False,3.0
ORD-003498,2025-12-27,MTY-01,Norte,Tienda,Deportes,Mochila deportiva,1,824.23,0.2,338.68,Recurrente,Tarjeta,False,5.0
ORD-002693,2025-01-26,CDMX-01,Centro,Tienda,Deportes,Tapete de yoga,2,422.91,0.0,161.46,Recurrente,Transferencia,False,5.0
ORD-001645,2025-07-05,ZAP-01,Occidente,Tienda,Deportes,Tapete de yoga,2,385.76,0.0,162.71,Recurrente,Transferencia,False,4.0
ORD-000585,2025-01-18,VER-01,Golfo,Online,Hogar,Licuadora,1,977.87,0.0,556.83,Nuevo,Tarjeta,False,1.0
ORD-003451,2025-07-26,MTY-01,Norte,Tienda,Deportes,Mochila deportiva,1,739.67,0.05,336.93,Empresa,Transferencia,False,4.0
ORD-001735,2025-05-10,GDL-01,Occidente,Online,Electrónica,Teclado mecánico,1,1152.58,0.0,738.33,Recurrente,Efectivo,False,4.0
ORD-000278,2025-04-11,CHH-01,Norte,Tienda,Deportes,Tapete de yoga,5,409.85,0.1,163.15,Nuevo,Efectivo,False,3.0
ORD-001580,2025-05-04,MER-01,Sureste,Tienda,Hogar,Cafetera programable,6,1478.97,0.05,872.34,Nuevo,Tarjeta,False,3.0
ORD-002933,2025-10-17,MER-01,Sureste,Online,Hogar,Cafetera programable,2,1430.07,0.05,845.23,Recurrente,Tarjeta,True,4.0
ORD-003526,2025-02-12,GDL-02,Occidente,Online,Oficina,Silla ergonómica,1,2990.4,0.1,1777.27,Nuevo,Tarjeta,False,5.0
ORD-002026,2025-09-17,CDMX-01,Centro,Online,Oficina,Lámpara LED,2,546.37,0.1,237.61,Empresa,Tarjeta,False,4.0
ORD-001700,2025-10-16,PUE-01,Centro,Tienda,Oficina,Silla ergonómica,5,2960.79,0.15,1806.87,Recurrente,Tarjeta,False,5.0
ORD-000103,2025-08-10,PUE-01,Centro,Tienda,Hogar,Licuadora,1,1022.04,0.15,566.7,Nuevo,Tarjeta,True,1.0
ORD-002230,2025-08-05,CAN-01,Sureste,Tienda,Deportes,Mancuernas 10 kg,1,908.75,0.2,525.35,Recurrente,Tarjeta,False,5.0
ORD-002657,2025-11-26,GDL-01,Occidente,Online,Deportes,Tapete de yoga,1,460.42,0.05,159.73,Empresa,Efectivo,False,4.0
ORD-000711,2025-05-05,MER-01,Sureste,Tienda,Hogar,Juego de sábanas,3,656.67,0.05,305.35,Recurrente,Tarjeta,False,5.0
ORD-001121,2025-05-12,MTY-01,Norte,Tienda,Deportes,Tapete de yoga,1,395.67,0.0,159.17,Recurrente,Efectivo,False,5.0
ORD-000747,2025-12-19,CDMX-02,Centro,Tienda,Electrónica,Audífonos Bluetooth,1,788.64,0.15,384.01,Nuevo,Tarjeta,False,4.0
ORD-002960,2025-02-23,ZAP-01,Occidente,Tienda,Deportes,Mancuernas 10 kg,2,849.73,0.15,513.52,Recurrente,Transferencia,False,5.0
ORD-000738,2025-10-27,CAN-01,Sureste,Tienda,Hogar,Cafetera programable,2,1451.57,0.1,864.4,Nuevo,Efectivo,False,4.0
ORD-001801,2025-07-13,CHH-01,Norte,Tienda,Electrónica,Monitor 24 pulgadas,2,3302.65,0.0,2313.82,Recurrente,Tarjeta,False,4.0
ORD-000824,2025-10-17,CDMX-01,Centro,Tienda,Deportes,Tapete de yoga,1,388.68,0.15,158.91,Nuevo,Tarjeta,False,5.0
ORD-002239,2025-08-25,MTY-02,Norte,Tienda,Electrónica,Monitor 24 pulgadas,5,3342.73,0.3,2329.95,Recurrente,Tarjeta,False,1.0
ORD-001086,2025-06-17,CAN-01,Sureste,Tienda,Hogar,Juego de sábanas,2,630.92,0.15,308.55,Empresa,Efectivo,False,4.0
ORD-002505,2025-09-18,GDL-01,Occidente,Online,Deportes,Mochila deportiva,2,758.16,0.1,328.43,Empresa,Tarjeta,False,4.0
ORD-003336,2025-12-01,VER-01,Golfo,Tienda,Deportes,Mochila deportiva,2,826.14,0.05,328.19,Nuevo,Efectivo,False,3.0
ORD-000708,2025-10-23,CDMX-02,Centro,Tienda,Deportes,Tapete de yoga,2,401.36,0.1,159.96,Recurrente,Tarjeta,False,4.0
ORD-002484,2025-01-09,CHH-01,Norte,Tienda,Oficina,Lámpara LED,1,544.68,0.2,235.25,Empresa,Efectivo,False,4.0
ORD-003536,2025-04-20,MTY-02,Norte,Online,Hogar,Cafetera programable,2,1406.77,0.3,872.33,Nuevo,Tarjeta,False,5.0
ORD-000448,2025-11-15,GDL-01,Occidente,Online,Hogar,Cafetera programable,1,1683.62,0.0,859.52,Recurrente,Tarjeta,False,5.0
ORD-000010,2025-07-22,MER-01,Sureste,Tienda,Deportes,Tapete de yoga,2,395.89,0.2,159.41,Nuevo,Efectivo,False,3.0
ORD-000614,2025-05-16,ZAP-01,Occidente,Tienda,Oficina,Lámpara LED,1,524.93,0.05,238.51,Empresa,Efectivo,False,5.0
ORD-002457,2025-01-22,CDMX-02,Centro,Online,Electrónica,Monitor 24 pulgadas,1,3249.35,0.1,2397.52,Nuevo,Tarjeta,False,4.0
ORD-001923,2025-10-14,GDL-01,Occidente,Tienda,Hogar,Cafetera programable,5,1523.56,0.3,884.71,Recurrente,Tarjeta,True,5.0
ORD-003546,2025-08-19,ZAP-01,Occidente,Online,Oficina,Lámpara LED,5,539.91,0.0,238.77,Recurrente,Transferencia,True,4.0
ORD-000593,2025-06-24,CHH-01,Norte,Online,Oficina,Organizador de escritorio,4,289.58,0.15,105.21,Recurrente,Tarjeta,False,5.0
ORD-000608,2025-07-18,CHH-01,Norte,Tienda,Oficina,Silla ergonómica,1,2913.79,0.15,1826.2,Nuevo,Transferencia,False,5.0
ORD-002888,2025-08-31,MTY-02,Norte,Tienda,Hogar,Cafetera programable,3,1553.31,0.15,873.34,Nuevo,Efectivo,False,3.0
ORD-000014,2025-03-16,PUE-01,Centro,Tienda,Electrónica,Monitor 24 pulgadas,1,3110.12,0.1,2362.39,Nuevo,Efectivo,True,5.0
ORD-001327,2025-10-05,VER-01,Golfo,Online,Electrónica,Audífonos Bluetooth,1,732.82,0.05,382.71,Recurrente,Efectivo,False,4.0
ORD-003456,2025-11-30,CAN-01,Sureste,Tienda,Electrónica,Audífonos Bluetooth,3,754.14,0.0,382.41,Empresa,Tarjeta,False,4.0
ORD-000964,2025-10-21,PUE-01,Centro,Online,Oficina,Silla ergonómica,5,2818.05,0.2,1837.75,Nuevo,Tarjeta,False,4.0
ORD-000201,2025-05-18,CHH-01,Norte,Tienda,Hogar,Licuadora,1,972.79,0.1,561.78,Nuevo,Tarjeta,False,3.0
ORD-001131,2025-07-28,GDL-01,Occidente,Online,Hogar,Cafetera programable,2,1457.84,0.05,869.92,Nuevo,Tarjeta,False,3.0
ORD-000456,2025-06-22,PUE-01,Centro,Tienda,Electrónica,Audífonos Bluetooth,3,698.92,0.1,382.22,Empresa,Tarjeta,True,4.0
ORD-002561,2025-08-20,VER-01,Golfo,Online,Deportes,Mochila deportiva,1,705.01,0.05,335.64,Nuevo,Tarjeta,False,5.0
ORD-002963,2025-01-16,GDL-01,Occidente,Tienda,Deportes,Mancuernas 10 kg,2,915.81,0.3,522.3,Recurrente,Efectivo,False,3.0
ORD-003112,2025-11-04,CDMX-02,Centro,Tienda,Electrónica,Teclado mecánico,2,1323.53,0.05,712.1,Nuevo,Efectivo,False,2.0
ORD-001045,2025-08-24,VER-01,Golfo,Tienda,Oficina,Lámpara LED,5,551.52,0.0,244.39,Recurrente,Efectivo,False,5.0
ORD-000838,2025-03-29,CAN-01,Sureste,Online,Oficina,Lámpara LED,3,539.26,0.15,237.65,Nuevo,Efectivo,False,4.0
ORD-000215,2025-12-25,CDMX-01,Centro,Tienda,Hogar,Licuadora,5,1081.19,0.05,557.14,Nuevo,Transferencia,False,3.0
ORD-002817,2025-11-14,CHH-01,Norte,Online,Electrónica,Monitor 24 pulgadas,4,3621.48,0.2,2351.47,Empresa,Tarjeta,False,4.0
ORD-002919,2025-12-28,VER-01,Golfo,Tienda,Hogar,Cafetera programable,3,1657.13,0.15,900.45,Recurrente,Efectivo,False,4.0
ORD-003298,2025-03-24,CHH-01,Norte,Tienda,Hogar,Juego de sábanas,2,629.61,0.15,303.15,Nuevo,Tarjeta,False,3.0
ORD-002439,2025-05-23,VER-01,Golfo,Tienda,Oficina,Lámpara LED,2,515.17,0.1,239.54,Recurrente,Tarjeta,False,3.0
ORD-001097,2025-08-15,MTY-02,Norte,Online,Hogar,Cafetera programable,2,1376.01,0.15,884.99,Recurrente,Tarjeta,False,4.0
ORD-000066,2025-12-23,CDMX-01,Centro,Tienda,Electrónica,Audífonos Bluetooth,3,756.46,0.1,381.28,Recurrente,Tarjeta,False,5.0
ORD-002833,2025-12-04,GDL-02,Occidente,Online,Electrónica,Audífonos Bluetooth,2,796.09,0.0,389.55,Recurrente,Tarjeta,False,4.0
ORD-001351,2025-02-07,PUE-01,Centro,Tienda,Oficina,Silla ergonómica,1,2921.91,0.15,1862.66,Recurrente,Tarjeta,False,4.0
ORD-003035,2025-06-13,CDMX-02,Centro,Tienda,Electrónica,Teclado mecánico,3,1220.8,0.1,728.87,Empresa,Tarjeta,False,4.0
ORD-000648,2025-01-24,MTY-01,Norte,Tienda,Electrónica,Audífonos Bluetooth,1,686.97,0.3,391.68,Nuevo,Tarjeta,False,2.0
ORD-001714,2025-11-03,CDMX-02,Centro,Online,Electrónica,Audífonos Bluetooth,1,742.45,0.15,388.86,Nuevo,Transferencia,False,4.0
ORD-000637,2025-01-31,MTY-02,Norte,Tienda,Electrónica,Teclado mecánico,3,1221.91,0.0,705.22,Recurrente,Efectivo,False,4.0
ORD-000024,2025-06-02,CDMX-02,Centro,Online,Hogar,Licuadora,3,1002.49,0.1,560.15,Empresa,Tarjeta,False,3.0
ORD-003415,2025-09-26,GDL-01,Occidente,Tienda,Hogar,Cafetera programable,1,1540.89,0.1,858.2,Recurrente,Transferencia,False,3.0
ORD-001186,2025-12-12,GDL-02,Occidente,Online,Electrónica,Monitor 24 pulgadas,1,3493.33,0.0,2345.8,Nuevo,Efectivo,False,4.0
ORD-003572,2025-09-29,CDMX-02,Centro,Tienda,Oficina,Organizador de escritorio,2,286.33,0.0,105.67,Nuevo,Tarjeta,False,3.0
ORD-001234,2025-11-15,MTY-01,Norte,Online,Deportes,Mochila deportiva,1,840.24,0.0,332.58,Recurrente,Tarjeta,False,4.0
ORD-003007,2025-02-19,MTY-01,Norte,Tienda,Hogar,Juego de sábanas,3,665.21,0.2,309.26,Nuevo,Tarjeta,False,1.0
ORD-002991,2025-01-20,CDMX-01,Centro,Tienda,Hogar,Licuadora,1,955.96,0.0,552.94,Nuevo,Tarjeta,False,4.0
ORD-002804,2025-09-24,ZAP-01,Occidente,Online,Oficina,Silla ergonómica,4,2844.04,0.2,1839.36,Recurrente,Efectivo,False,5.0
ORD-002661,2025-12-01,GDL-02,Occidente,Tienda,Deportes,Mancuernas 10 kg,3,948.0,0.1,531.22,Nuevo,Tarjeta,False,3.0
ORD-000129,2025-06-02,ZAP-01,Occidente,Online,Deportes,Tapete de yoga,2,398.72,0.1,161.89,Empresa,Tarjeta,False,3.0
ORD-002770,2025-11-18,CDMX-02,Centro,Tienda,Hogar,Licuadora,4,1140.2,0.0,560.82,Recurrente,Tarjeta,False,5.0
ORD-002431,2025-01-19,MTY-02,Norte,Online,Hogar,Licuadora,2,965.23,0.0,559.58,Recurrente,Tarjeta,False,5.0
ORD-002619,2025-07-28,GDL-02,Occidente,Online,Hogar,Juego de sábanas,1,683.68,0.2,311.98,Nuevo,Efectivo,False,3.0
ORD-001515,2025-11-20,CDMX-01,Centro,Tienda,Deportes,Tapete de yoga,4,448.87,0.05,162.66,Recurrente,Tarjeta,False,4.0
ORD-000023,2025-11-21,CDMX-01,Centro,Tienda,Electrónica,Teclado mecánico,1,1338.76,0.15,717.09,Recurrente,Transferencia,False,4.0
ORD-000139,2025-03-10,GDL-01,Occidente,Online,Deportes,Mancuernas 10 kg,1,897.54,0.1,521.84,Nuevo,Tarjeta,False,5.0
ORD-001497,2025-02-04,GDL-01,Occidente,Online,Hogar,Cafetera programable,1,1498.63,0.1,876.26,Recurrente,Efectivo,False,5.0
ORD-003117,2025-04-25,MTY-02,Norte,Online,Electrónica,Audífonos Bluetooth,1,687.96,0.2,379.79,Recurrente,Tarjeta,False,5.0
ORD-000430,2025-11-22,MTY-02,Norte,Tienda,Deportes,Mancuernas 10 kg,4,958.55,0.2,526.72,Nuevo,Tarjeta,False,3.0
ORD-000615,2025-05-25,MER-01,Sureste,Tienda,Hogar,Juego de sábanas,1,643.14,0.3,314.45,Empresa,Efectivo,False,5.0
ORD-002075,2025-02-07,MER-01,Sureste,Tienda,Electrónica,Monitor 24 pulgadas,1,3325.57,0.2,2323.7,Recurrente,Tarjeta,False,5.0
ORD-001179,2025-07-11,PUE-01,Centro,Tienda,Electrónica,Monitor 24 pulgadas,1,3221.49,0.2,2289.04,Nuevo,Tarjeta,False,3.0
ORD-000817,2025-04-20,CAN-01,Sureste,Tienda,Oficina,Silla ergonómica,2,2790.77,0.1,1829.95,Recurrente,Tarjeta,False,5.0
ORD-003211,2025-07-23,PUE-01,Centro,Online,Electrónica,Audífonos Bluetooth,1,699.27,0.15,384.28,Recurrente,Efectivo,True,4.0
ORD-001387,2025-02-05,ZAP-01,Occidente,Tienda,Oficina,Lámpara LED,1,528.37,0.15,245.08,Nuevo,Efectivo,False,2.0
ORD-001693,2025-05-07,ZAP-01,Occidente,Tienda,Deportes,Mancuernas 10 kg,3,885.03,0.0,518.19,Recurrente,Tarjeta,False,4.0
ORD-000200,2025-11-11,CDMX-01,Centro,Online,Hogar,Juego de sábanas,2,716.5,0.1,304.49,Empresa,Tarjeta,False,4.0
ORD-001472,2025-01-06,CHH-01,Norte,Tienda,Electrónica,Monitor 24 pulgadas,2,3250.5,0.15,2346.84,Recurrente,Tarjeta,False,1.0
ORD-000106,2025-10-28,PUE-01,Centro,Tienda,Oficina,Organizador de escritorio,2,279.93,0.0,104.26,Recurrente,Tarjeta,False,4.0
ORD-002790,2025-05-10,CDMX-02,Centro,Online,Oficina,Lámpara LED,5,548.15,0.0,241.87,Nuevo,Transferencia,False,4.0
ORD-001934,2025-11-20,MTY-01,Norte,Tienda,Hogar,Cafetera programable,2,1602.9,0.05,862.04,Recurrente,Tarjeta,False,5.0
ORD-001894,2025-12-23,VER-01,Golfo,Tienda,Hogar,Cafetera programable,1,1655.21,0.0,877.26,Nuevo,Tarjeta,False,3.0
ORD-001366,2025-02-16,VER-01,Golfo,Online,Electrónica,Teclado mecánico,2,1172.29,0.1,734.56,Nuevo,Efectivo,False,3.0
ORD-001489,2025-08-17,MTY-02,Norte,Tienda,Deportes,Mochila deportiva,4,734.43,0.0,342.05,Nuevo,Efectivo,True,4.0
ORD-001393,2025-11-09,GDL-02,Occidente,Tienda,Deportes,Tapete de yoga,1,441.86,0.0,162.73,Recurrente,Tarjeta,False,4.0
ORD-001773,2025-07-29,VER-01,Golfo,Tienda,Deportes,Tapete de yoga,2,374.4,0.0,160.24,Nuevo,Efectivo,False,3.0
ORD-001159,2025-11-17,GDL-02,Occidente,Tienda,Oficina,Organizador de escritorio,1,302.07,0.15,104.53,Empresa,Efectivo,False,2.0
ORD-000519,2025-01-17,VER-01,Golfo,Tienda,Electrónica,Audífonos Bluetooth,4,695.71,0.2,383.93,Recurrente,Tarjeta,False,4.0
ORD-000425,2025-09-20,ZAP-01,Occidente,Tienda,Electrónica,Audífonos Bluetooth,3,704.08,0.05,381.34,Nuevo,Tarjeta,False,3.0
ORD-001167,2025-07-13,CDMX-01,Centro,Tienda,Hogar,Licuadora,3,1007.35,0.05,565.91,Recurrente,Tarjeta,False,4.0
ORD-001220,2025-02-21,CHH-01,Norte,Tienda,Deportes,Mochila deportiva,3,752.45,0.1,331.7,Recurrente,Tarjeta,False,4.0
ORD-002929,2025-02-14,MTY-02,Norte,Tienda,Hogar,Licuadora,4,1049.48,0.0,563.75,Nuevo,Efectivo,False,5.0
ORD-002179,2025-07-13,CDMX-01,Centro,Tienda,Oficina,Lámpara LED,2,548.6,0.0,238.9,Empresa,Tarjeta,False,4.0
ORD-001324,2025-04-09,VER-01,Golfo,Online,Deportes,Mancuernas 10 kg,2,914.14,0.1,513.31,Recurrente,Efectivo,False,4.0
ORD-001664,2025-03-06,CDMX-02,Centro,Online,Electrónica,Monitor 24 pulgadas,2,3360.29,0.0,2339.65,Empresa,Efectivo,False,3.0
ORD-001215,2025-01-05,GDL-01,Occidente,Online,Electrónica,Audífonos Bluetooth,1,688.38,0.05,393.38,Recurrente,Tarjeta,False,3.0
ORD-000561,2025-02-28,GDL-01,Occidente,Tienda,Deportes,Tapete de yoga,1,398.27,0.15,157.51,Recurrente,Tarjeta,False,3.0
ORD-000025,2025-08-08,MTY-01,Norte,Tienda,Hogar,Cafetera programable,1,1439.32,0.1,873.24,Recurrente,Tarjeta,False,3.0
ORD-001731,2025-02-27,CDMX-02,Centro,Online,Oficina,Lámpara LED,4,540.89,0.15,245.5,Recurrente,Tarjeta,False,3.0
ORD-002926,2025-09-24,CDMX-01,Centro,Tienda,Deportes,Tapete de yoga,4,394.56,0.0,163.19,Empresa,Transferencia,False,5.0
ORD-000431,2025-10-11,CDMX-02,Centro,Online,Deportes,Tapete de yoga,1,378.95,0.05,163.67,Recurrente,Tarjeta,True,5.0
ORD-000980,2025-04-15,PUE-01,Centro,Tienda,Hogar,Cafetera programable,4,1516.75,0.2,869.97,Recurrente,Efectivo,True,5.0
ORD-001660,2025-11-30,MER-01,Sureste,Tienda,Hogar,Cafetera programable,1,1657.5,0.1,873.97,Nuevo,Tarjeta,False,4.0
ORD-002384,2025-03-28,CDMX-02,Centro,Tienda,Hogar,Cafetera programable,2,1513.17,0.0,871.77,Recurrente,Tarjeta,False,4.0
ORD-003194,2025-11-16,CDMX-01,Centro,Tienda,Electrónica,Teclado mecánico,4,1345.99,0.2,748.34,Nuevo,Tarjeta,False,3.0
ORD-002560,2025-10-02,CAN-01,Sureste,Online,Hogar,Juego de sábanas,1,663.5,0.15,322.09,Recurrente,Tarjeta,False,5.0
ORD-000610,2025-05-19,CHH-01,Norte,Tienda,Hogar,Licuadora,1,1024.41,0.0,565.07,Nuevo,Efectivo,False,5.0
ORD-002118,2025-06-15,CDMX-02,Centro,Tienda,Hogar,Licuadora,5,1019.07,0.15,576.5,Recurrente,Tarjeta,False,1.0
ORD-003325,2025-06-16,GDL-02,Occidente,Tienda,Electrónica,Monitor 24 pulgadas,1,3311.31,0.15,2347.59,Nuevo,Transferencia,False,4.0
ORD-001875,2025-01-03,GDL-01,Occidente,Tienda,Oficina,Silla ergonómica,3,2938.15,0.1,1850.68,Nuevo,Tarjeta,False,4.0
ORD-002642,2025-05-07,CHH-01,Norte,Online,Electrónica,Teclado mecánico,1,1225.75,0.1,708.34,Recurrente,Tarjeta,False,5.0
ORD-003131,2025-11-02,VER-01,Golfo,Tienda,Deportes,Mancuernas 10 kg,1,987.46,0.1,521.66,Nuevo,Transferencia,False,3.0
ORD-002797,2025-05-16,GDL-01,Occidente,Tienda,Hogar,Cafetera programable,1,1512.66,0.2,896.57,Nuevo,Tarjeta,False,4.0
ORD-001907,2025-11-11,MTY-02,Norte,Online,Deportes,Mochila deportiva,2,811.46,0.1,342.85,Nuevo,Tarjeta,False,4.0
ORD-000536,2025-11-10,VER-01,Golfo,Online,Electrónica,Teclado mecánico,3,1311.17,0.0,704.09,Nuevo,Transferencia,False,4.0
ORD-001560,2025-12-14,CDMX-01,Centro,Online,Hogar,Cafetera programable,2,1648.21,0.0,872.62,Recurrente,Tarjeta,False,4.0
ORD-000680,2025-07-10,PUE-01,Centro,Tienda,Hogar,Cafetera programable,3,1527.19,0.15,862.55,Recurrente,Tarjeta,False,5.0
ORD-002203,2025-03-06,CHH-01,Norte,Online,Deportes,Mancuernas 10 kg,3,891.78,0.15,516.62,Recurrente,Tarjeta,True,5.0
ORD-000953,2025-09-13,CHH-01,Norte,Tienda,Electrónica,Audífonos Bluetooth,5,709.53,0.05,376.45,Recurrente,Tarjeta,False,3.0
ORD-000063,2025-11-26,MTY-02,Norte,Online,Electrónica,Monitor 24 pulgadas,3,3529.02,0.05,2319.79,Recurrente,Tarjeta,False,2.0
ORD-003320,2025-05-20,CDMX-01,Centro,Tienda,Deportes,Mochila deportiva,2,760.3,0.2,342.23,Empresa,Transferencia,False,5.0
ORD-001706,2025-08-10,CHH-01,Norte,Online,Deportes,Mochila deportiva,3,750.74,0.0,331.66,Recurrente,Efectivo,False,4.0
ORD-002978,2025-08-19,PUE-01,Centro,Online,Hogar,Juego de sábanas,2,615.56,0.05,305.24,Recurrente,Efectivo,False,4.0
ORD-001344,2025-04-14,CDMX-01,Centro,Online,Oficina,Silla ergonómica,2,2902.94,0.05,1801.58,Nuevo,Tarjeta,True,5.0
ORD-003351,2025-05-26,CAN-01,Sureste,Tienda,Deportes,Mancuernas 10 kg,1,907.69,0.05,525.7,Recurrente,Tarjeta,False,5.0
ORD-001378,2025-12-27,GDL-02,Occidente,Tienda,Oficina,Silla ergonómica,1,3283.37,0.1,1799.58,Nuevo,Tarjeta,False,3.0
ORD-003060,2025-06-28,ZAP-01,Occidente,Tienda,Deportes,Mochila deportiva,3,754.0,0.2,340.89,Nuevo,Tarjeta,False,4.0
ORD-001191,2025-09-04,CAN-01,Sureste,Tienda,Electrónica,Teclado mecánico,1,1209.16,0.2,731.84,Empresa,Efectivo,False,4.0
ORD-002662,2025-02-15,PUE-01,Centro,Online,Electrónica,Audífonos Bluetooth,2,704.47,0.15,381.47,Nuevo,Tarjeta,False,4.0
ORD-001446,2025-04-26,PUE-01,Centro,Online,Deportes,Mancuernas 10 kg,5,913.9,0.15,533.13,Nuevo,Tarjeta,False,3.0
ORD-002135,2025-02-27,PUE-01,Centro,Tienda,Deportes,Mancuernas 10 kg,1,869.12,0.15,515.16,Nuevo,Efectivo,False,5.0
ORD-002240,2025-08-07,ZAP-01,Occidente,Tienda,Electrónica,Teclado mecánico,3,1192.55,0.05,707.02,Empresa,Transferencia,False,4.0
ORD-000038,2025-05-01,GDL-02,Occidente,Tienda,Hogar,Licuadora,4,950.49,0.0,551.01,Nuevo,Tarjeta,False,4.0
ORD-001565,2025-06-21,VER-01,Golfo,Tienda,Oficina,Lámpara LED,-1,568.6,0.0,241.43,Recurrente,Efectivo,False,4.0
ORD-000959,2025-04-07,VER-01,Golfo,Online,Hogar,Licuadora,2,1014.66,0.0,561.7,Recurrente,Tarjeta,False,4.0
ORD-001190,2025-01-03,ZAP-01,Occidente,Tienda,Oficina,Organizador de escritorio,3,277.03,0.1,106.18,Recurrente,Efectivo,False,4.0
ORD-000353,2025-07-04,CDMX-01,Centro,Tienda,Hogar,Licuadora,2,1005.52,0.3,564.37,Nuevo,Tarjeta,False,5.0
ORD-000177,2025-05-23,CHH-01,Norte,Online,Oficina,Silla ergonómica,1,2976.36,0.0,1826.39,Recurrente,Tarjeta,False,5.0
ORD-001171,2025-12-01,CHH-01,Norte,Online,Oficina,Organizador de escritorio,1,312.05,0.1,103.66,Recurrente,Tarjeta,False,4.0
ORD-000344,2025-06-13,CHH-01,Norte,Tienda,Oficina,Organizador de escritorio,3,274.82,0.1,103.45,Recurrente,Tarjeta,False,4.0
ORD-001845,2025-01-13,CDMX-01,Centro,Tienda,Oficina,Lámpara LED,2,517.25,0.1,238.82,Nuevo,Tarjeta,False,4.0
ORD-002551,2025-03-05,MTY-01,Norte,Tienda,Deportes,Tapete de yoga,1,410.5,0.05,158.88,Recurrente,Efectivo,False,5.0
ORD-000165,2025-08-20,MTY-02,Norte,Online,Deportes,Tapete de yoga,1,412.24,0.2,159.13,Nuevo,Tarjeta,False,4.0
ORD-001063,2025-06-14,GDL-01,Occidente,Tienda,Electrónica,Teclado mecánico,1,1244.92,0.3,726.07,Nuevo,Efectivo,True,5.0
ORD-000569,2025-05-25,CAN-01,Sureste,Tienda,Hogar,Juego de sábanas,2,641.72,0.0,308.74,Nuevo,Transferencia,False,5.0
ORD-000541,2025-12-27,CAN-01,Sureste,Online,Deportes,Mochila deportiva,1,808.99,0.1,345.16,Nuevo,Tarjeta,False,3.0
ORD-002475,2025-07-11,CHH-01,Norte,Tienda,Hogar,Licuadora,4,977.93,0.2,560.55,Nuevo,Tarjeta,False,3.0
ORD-000160,2025-11-15,CDMX-02,Centro,Tienda,Deportes,Tapete de yoga,3,445.11,0.1,160.24,Nuevo,Tarjeta,False,5.0
ORD-002003,2025-02-23,PUE-01,Centro,Tienda,Electrónica,Audífonos Bluetooth,1,702.35,0.0,386.4,Recurrente,Tarjeta,False,4.0
ORD-002021,2025-07-06,CDMX-01,Centro,Online,Deportes,Mancuernas 10 kg,3,898.02,0.05,515.76,Nuevo,Efectivo,False,5.0
ORD-000985,2025-01-30,GDL-02,Occidente,Online,Deportes,Mancuernas 10 kg,1,910.1,0.1,524.34,Empresa,Transferencia,False,4.0
ORD-002008,2025-11-10,CDMX-02,Centro,Tienda,Deportes,Tapete de yoga,2,460.35,0.1,163.35,Recurrente,Tarjeta,False,5.0
ORD-003177,2025-05-16,MER-01,Sureste,Tienda,Electrónica,Monitor 24 pulgadas,4,3358.19,0.0,2374.4,Nuevo,Efectivo,False,4.0
ORD-000180,2025-12-04,MER-01,Sureste,Tienda,Electrónica,Teclado mecánico,3,1388.96,0.3,745.39,Recurrente,Tarjeta,False,4.0
ORD-000290,2025-04-12,MTY-02,Norte,Online,Oficina,Silla ergonómica,2,2929.0,0.1,1831.51,Nuevo,Tarjeta,False,5.0
ORD-001200,2025-01-31,MER-01,Sureste,Online,Deportes,Mochila deportiva,5,732.2,0.0,342.83,Nuevo,Tarjeta,False,4.0
ORD-000617,2025-06-02,CAN-01,Sureste,Online,Electrónica,Monitor 24 pulgadas,4,3295.1,0.15,2352.27,Recurrente,Tarjeta,False,4.0
ORD-000675,2025-03-13,MER-01,Sureste,Tienda,Oficina,Silla ergonómica,1,2887.5,0.1,1784.02,Empresa,Efectivo,True,5.0
ORD-002056,2025-06-19,GDL-01,Occidente,Tienda,Electrónica,Monitor 24 pulgadas,6,3329.3,0.05,2304.92,Recurrente,Tarjeta,False,4.0
ORD-001294,2025-03-28,MER-01,Sureste,Tienda,Deportes,Mochila deportiva,3,748.89,0.2,352.64,Nuevo,Transferencia,False,5.0
ORD-002426,2025-08-26,ZAP-01,Occidente,Online,Hogar,Cafetera programable,2,1491.39,0.05,873.7,Empresa,Efectivo,False,3.0
ORD-003284,2025-06-07,MTY-02,Norte,Tienda,Hogar,Licuadora,2,987.57,0.1,553.36,Recurrente,Efectivo,False,5.0
ORD-000618,2025-07-10,CDMX-01,Centro,Online,Hogar,Juego de sábanas,1,651.41,0.0,309.62,Nuevo,Transferencia,False,4.0
ORD-003337,2025-09-04,ZAP-01,Occidente,Tienda,Electrónica,Teclado mecánico,1,1187.04,0.0,704.61,Nuevo,Tarjeta,False,2.0
ORD-001275,2025-07-07,ZAP-01,Occidente,Online,Electrónica,Teclado mecánico,1,1148.01,0.1,714.98,Nuevo,Efectivo,False,1.0
ORD-002293,2025-09-17,CDMX-01,Centro,Tienda,Electrónica,Monitor 24 pulgadas,2,3360.85,0.1,2279.36,Recurrente,Tarjeta,False,4.0
ORD-002478,2025-11-15,GDL-01,Occidente,Tienda,Electrónica,Audífonos Bluetooth,5,782.8,1.25,384.99,Recurrente,Efectivo,False,5.0
ORD-000324,2025-11-29,CDMX-02,Centro,Tienda,Deportes,Mancuernas 10 kg,2,957.74,0.3,533.05,Nuevo,Tarjeta,False,5.0
ORD-001961,2025-05-05,PUE-01,Centro,Tienda,Oficina,Organizador de escritorio,1,287.42,0.1,105.2,Recurrente,Tarjeta,False,3.0
ORD-000087,2025-07-30,CDMX-02,Centro,Tienda,Hogar,Juego de sábanas,2,654.02,0.0,310.53,Recurrente,Transferencia,False,4.0
ORD-001320,2025-11-20,MTY-02,Norte,Tienda,Oficina,Lámpara LED,5,626.91,0.1,245.05,Nuevo,Tarjeta,False,5.0
ORD-002633,2025-07-10,CDMX-02,Centro,Online,Deportes,Tapete de yoga,1,408.18,0.15,158.3,Recurrente,Tarjeta,False,5.0
ORD-001488,2025-04-02,CHH-01,Norte,Tienda,Oficina,Organizador de escritorio,3,277.23,0.15,107.47,Recurrente,Tarjeta,False,5.0
ORD-001882,2025-06-30,PUE-01,Centro,Tienda,Hogar,Juego de sábanas,4,657.87,0.0,309.71,Nuevo,Tarjeta,False,4.0
ORD-003425,2025-11-25,MER-01,Sureste,Tienda,Oficina,Lámpara LED,6,607.76,0.1,239.79,Recurrente,Tarjeta,False,4.0
ORD-003130,2025-06-30,GDL-01,Occidente,Tienda,Electrónica,Audífonos Bluetooth,1,737.99,0.0,389.91,Recurrente,Tarjeta,True,3.0
ORD-000212,2025-08-21,MER-01,Sureste,Online,Oficina,Silla ergonómica,4,2985.82,0.05,1835.28,Nuevo,Tarjeta,False,5.0
ORD-002189,2025-04-23,CHH-01,Norte,Tienda,Hogar,Licuadora,2,1016.27,0.05,551.56,Recurrente,Tarjeta,False,3.0
ORD-000528,2025-06-04,CHH-01,Norte,Tienda,Oficina,Organizador de escritorio,1,278.19,0.0,105.26,Nuevo,Efectivo,False,
ORD-000897,2025-06-20,GDL-02,Occidente,Tienda,Electrónica,Teclado mecánico,4,1218.2,0.05,712.76,Recurrente,Tarjeta,False,4.0
ORD-001847,2025-05-10,MER-01,Sureste,Tienda,Oficina,Lámpara LED,2,551.96,0.15,240.22,Nuevo,Tarjeta,False,5.0
ORD-001702,2025-07-01,GDL-01,Occidente,Tienda,Hogar,Licuadora,2,1011.12,0.0,578.6,Nuevo,Efectivo,False,5.0
ORD-000320,2025-01-13,CHH-01,Norte,Online,Hogar,Cafetera programable,2,1500.17,0.05,862.04,Recurrente,Transferencia,False,5.0
ORD-001986,2025-08-15,CHH-01,Norte,Tienda,Hogar,Licuadora,1,1001.14,0.15,553.51,Empresa,Tarjeta,False,5.0
ORD-002518,2025-06-14,MTY-02,Norte,Tienda,Hogar,Cafetera programable,2,1496.97,0.2,876.07,Nuevo,Efectivo,False,5.0
ORD-001075,2025-09-26,MER-01,Sureste,Tienda,Deportes,Mancuernas 10 kg,3,913.34,0.0,535.14,Nuevo,Efectivo,True,2.0
ORD-002861,2025-06-06,GDL-01,Occidente,Online,Deportes,Tapete de yoga,2,392.54,0.0,163.37,Recurrente,Tarjeta,False,4.0
ORD-000976,2025-10-04,MTY-02,Norte,Tienda,Hogar,Licuadora,2,976.14,0.0,566.59,Recurrente,Tarjeta,False,5.0
ORD-000462,2025-01-13,CAN-01,Sureste,Online,Hogar,Juego de sábanas,1,657.84,0.15,305.68,Recurrente,Efectivo,False,5.0
ORD-001082,2025-09-01,CDMX-02,Centro,Tienda,Electrónica,Monitor 24 pulgadas,1,3266.96,0.05,2386.79,Recurrente,Tarjeta,True,4.0
ORD-003191,2025-03-07,CDMX-01,Centro,Tienda,Electrónica,Teclado mecánico,2,1167.27,0.1,692.06,Nuevo,Tarjeta,False,4.0
ORD-000046,2025-12-13,MER-01,Sureste,Tienda,Oficina,Silla ergonómica,2,3204.47,0.2,1832.91,Recurrente,Tarjeta,False,5.0
ORD-002001,2025-08-27,CDMX-01,Centro,Online,Deportes,Tapete de yoga,1,393.9,0.1,157.78,Recurrente,Tarjeta,False,4.0
ORD-000476,2025-01-26,VER-01,Golfo,Tienda,Electrónica,Audífonos Bluetooth,1,708.79,0.1,392.93,Recurrente,Tarjeta,False,5.0
ORD-002372,2025-12-20,GDL-01,Occidente,Online,Deportes,Mochila deportiva,2,843.94,0.0,334.23,Recurrente,Tarjeta,False,1.0
ORD-000949,2025-04-26,CDMX-01,Centro,Online,Hogar,Cafetera programable,1,1475.96,0.05,866.78,Nuevo,Tarjeta,False,5.0
ORD-003343,2025-07-07,CDMX-01,Centro,Online,Oficina,Lámpara LED,3,567.92,0.05,242.66,Recurrente,Tarjeta,False,3.0
ORD-002248,2025-03-11,MER-01,Sureste,Online,Deportes,Tapete de yoga,6,404.51,0.15,152.27,Recurrente,Tarjeta,False,4.0
ORD-000306,2025-01-09,MTY-01,Norte,Tienda,Deportes,Mancuernas 10 kg,1,848.08,0.2,515.48,Recurrente,Tarjeta,False,5.0
ORD-003345,2025-04-16,PUE-01,Centro,Tienda,Oficina,Lámpara LED,1,538.03,0.1,237.67,Recurrente,Tarjeta,False,4.0
ORD-002556,2025-04-22,VER-01,Golfo,Tienda,Hogar,Licuadora,2,931.42,0.0,563.94,Nuevo,Efectivo,False,2.0
ORD-002874,2025-03-19,GDL-02,Occidente,Tienda,Deportes,Mochila deportiva,2,754.01,0.2,332.73,Recurrente,Tarjeta,False,4.0
ORD-000883,2025-12-11,MER-01,Sureste,Online,Electrónica,Teclado mecánico,1,1281.34,0.1,726.82,Empresa,Efectivo,False,4.0
ORD-000355,2025-05-21,CDMX-01,Centro,Tienda,Deportes,Mochila deportiva,2,780.85,0.05,342.9,Recurrente,Efectivo,False,4.0
ORD-001437,2025-04-12,MTY-02,Norte,Tienda,Oficina,Silla ergonómica,1,3020.04,0.0,1806.67,Nuevo,Transferencia,True,5.0
ORD-002587,2025-08-25,GDL-02,Occidente,Online,Deportes,Mancuernas 10 kg,2,904.51,0.0,520.77,Nuevo,Tarjeta,False,3.0
ORD-001546,2025-03-07,MTY-02,Norte,Tienda,Deportes,Tapete de yoga,1,402.37,0.05,161.65,Empresa,Tarjeta,False,5.0
ORD-001061,2025-04-15,MTY-02,Norte,Tienda,Oficina,Silla ergonómica,1,2808.11,0.0,1832.86,Recurrente,Efectivo,False,5.0
ORD-000127,2025-01-30,PUE-01,Centro,Online,Deportes,Mochila deportiva,2,720.19,0.0,337.44,Recurrente,Tarjeta,False,5.0
ORD-001468,2025-04-19,CHH-01,Norte,Online,Electrónica,Audífonos Bluetooth,2,707.82,0.1,384.58,Recurrente,Efectivo,False,3.0
ORD-000814,2025-06-16,GDL-02,Occidente,Tienda,Electrónica,Audífonos Bluetooth,1,712.08,0.1,379.68,Recurrente,Tarjeta,False,2.0
ORD-003126,2025-12-09,MTY-02,Norte,Tienda,Oficina,Organizador de escritorio,5,314.69,0.1,102.86,Nuevo,Tarjeta,False,5.0
ORD-002252,2025-03-09,MER-01,Sureste,Tienda,Deportes,Mochila deportiva,1,714.93,0.0,337.0,Recurrente,Efectivo,False,5.0
ORD-000764,2025-04-02,GDL-01,Occidente,Tienda,Deportes,Mancuernas 10 kg,1,911.04,0.2,521.49,Recurrente,Tarjeta,False,5.0
ORD-000449,2025-02-22,MER-01,Sureste,Online,Deportes,Mochila deportiva,1,721.86,0.15,350.15,Recurrente,Transferencia,False,5.0
ORD-000424,2025-07-11,CDMX-02,Centro,Online,Oficina,Silla ergonómica,1,2939.81,0.0,1821.85,Recurrente,Tarjeta,False,3.0
ORD-001085,2025-02-02,MTY-02,Norte,Tienda,Hogar,Cafetera programable,1,1467.63,0.1,875.08,Recurrente,Efectivo,False,2.0
ORD-001369,2025-03-01,MTY-01,Norte,Tienda,Deportes,Mancuernas 10 kg,1,900.72,0.05,518.38,Nuevo,Efectivo,False,2.0
ORD-000221,2025-05-11,MTY-02,Norte,Online,Electrónica,Monitor 24 pulgadas,1,3367.64,0.0,2314.61,Nuevo,Tarjeta,False,3.0
ORD-001458,2025-04-22,PUE-01,Centro,Online,Electrónica,Monitor 24 pulgadas,3,3259.16,0.3,2351.45,Recurrente,Tarjeta,False,3.0
ORD-001833,2025-09-18,GDL-02,Occidente,Online,Hogar,Juego de sábanas,1,633.61,0.05,313.16,Recurrente,Efectivo,False,5.0
ORD-003157,2025-09-28,CDMX-01,Centro,Tienda,Hogar,Licuadora,1,1014.56,0.15,563.69,Empresa,Tarjeta,False,5.0
ORD-002708,2025-07-04,GDL-01,Occidente,Tienda,Oficina,Silla ergonómica,2,2998.05,0.0,1815.13,Recurrente,Tarjeta,False,5.0
ORD-000613,2025-07-27,PUE-01,Centro,Online,Electrónica,Teclado mecánico,5,1207.24,0.05,715.61,Nuevo,Tarjeta,False,2.0
ORD-003317,2025-09-24,MTY-02,Norte,Tienda,Oficina,Silla ergonómica,1,2896.14,0.0,1805.52,Recurrente,Tarjeta,False,3.0
ORD-002941,2025-11-02,CDMX-01,Centro,Tienda,Hogar,Licuadora,4,1105.75,0.05,545.61,Nuevo,Efectivo,False,2.0
ORD-002019,2025-07-27,CDMX-02,Centro,Online,Oficina,Organizador de escritorio,3,296.74,0.05,105.26,Nuevo,Tarjeta,False,4.0
ORD-000260,2025-05-25,ZAP-01,Occidente,Online,Electrónica,Audífonos Bluetooth,2,723.5,0.15,378.33,Empresa,Tarjeta,False,4.0
ORD-000567,2025-05-26,CDMX-02,Centro,Tienda,Hogar,Cafetera programable,2,1521.56,0.0,874.28,Recurrente,Efectivo,False,4.0
ORD-002786,2025-05-06,VER-01,Golfo,Tienda,Hogar,Licuadora,1,1054.7,0.1,562.34,Nuevo,Tarjeta,False,5.0
ORD-001333,2025-07-25,GDL-02,Occidente,Tienda,Hogar,Juego de sábanas,2,648.42,0.0,302.55,Nuevo,Tarjeta,False,5.0
ORD-001038,2025-11-29,GDL-02,Occidente,Tienda,Oficina,Organizador de escritorio,3,307.66,0.0,105.77,Recurrente,Transferencia,False,3.0
ORD-000925,2025-04-30,VER-01,Golfo,Tienda,Deportes,Tapete de yoga,2,397.99,0.05,160.37,Nuevo,Efectivo,False,5.0
ORD-000635,2025-04-06,ZAP-01,Occidente,Tienda,Deportes,Mancuernas 10 kg,1,883.4,0.0,513.05,Nuevo,Tarjeta,False,4.0
ORD-001655,2025-09-19,CDMX-01,Centro,Tienda,Deportes,Mancuernas 10 kg,4,905.91,0.1,524.73,Nuevo,Efectivo,False,4.0
ORD-000774,2025-05-11,PUE-01,Centro,Online,Deportes,Mochila deportiva,2,750.34,0.05,340.53,Nuevo,Tarjeta,False,4.0
ORD-000220,2025-11-19,CAN-01,Sureste,Tienda,Hogar,Licuadora,1,1098.84,0.1,550.93,Recurrente,Efectivo,False,3.0
ORD-002814,2025-04-24,MTY-01,Norte,Online,Oficina,Organizador de escritorio,5,292.77,0.2,104.76,Nuevo,Efectivo,False,3.0
ORD-001954,2025-04-16,MTY-01,Norte,Tienda,Hogar,Licuadora,2,993.58,0.1,571.74,Recurrente,Tarjeta,False,
ORD-000931,2025-12-28,GDL-02,Occidente,Tienda,Deportes,Mochila deportiva,1,804.18,0.2,342.19,Recurrente,Tarjeta,False,4.0
ORD-001495,2025-01-27,CDMX-01,Centro,Tienda,Electrónica,Audífonos Bluetooth,2,707.51,0.0,385.88,Nuevo,Tarjeta,False,4.0
ORD-000191,2025-12-03,CAN-01,Sureste,Tienda,Electrónica,Teclado mecánico,3,1346.38,0.05,708.65,Recurrente,Efectivo,False,3.0
ORD-000418,2025-06-10,VER-01,Golfo,Tienda,Oficina,Silla ergonómica,4,2845.9,0.1,1852.23,Recurrente,Transferencia,False,5.0
ORD-003341,2025-04-10,MER-01,Sureste,Tienda,Electrónica,Audífonos Bluetooth,2,695.8,0.2,382.23,Nuevo,Transferencia,False,3.0
ORD-003004,2025-12-31,PUE-01,Centro,Tienda,Deportes,Mochila deportiva,3,836.56,0.2,340.38,Recurrente,Transferencia,False,5.0
ORD-001218,2025-12-04,CDMX-02,Centro,Tienda,Hogar,Licuadora,3,1140.81,0.1,576.14,Recurrente,Efectivo,False,4.0
ORD-000152,2025-04-26,CHH-01,Norte,Tienda,Deportes,Tapete de yoga,3,392.56,0.0,156.99,Recurrente,Tarjeta,False,3.0
ORD-003539,2025-09-08,CDMX-02,Centro,Tienda,Deportes,Mochila deportiva,1,764.19,0.05,342.06,Recurrente,Efectivo,False,5.0
ORD-000572,2025-12-08,GDL-02,Occidente,Online,Hogar,Juego de sábanas,1,698.85,0.05,308.48,Nuevo,Transferencia,True,4.0
ORD-001440,2025-02-16,MER-01,,Tienda,Oficina,Lámpara LED,3,525.68,0.0,237.02,Nuevo,Tarjeta,False,5.0
ORD-000739,2025-04-12,VER-01,Golfo,Tienda,Deportes,Tapete de yoga,2,393.54,0.1,157.51,Recurrente,Tarjeta,False,1.0
ORD-001850,2025-08-05,GDL-02,Occidente,Online,Deportes,Tapete de yoga,1,403.47,0.05,158.45,Nuevo,Tarjeta,False,4.0
ORD-001217,2025-01-17,ZAP-01,Occidente,Tienda,Oficina,Organizador de escritorio,6,298.24,0.15,107.44,Nuevo,Efectivo,False,3.0
ORD-002841,2025-09-27,CHH-01,Norte,Tienda,Hogar,Cafetera programable,5,1499.26,0.1,874.6,Recurrente,Tarjeta,False,5.0
ORD-003349,2025-07-30,MER-01,Sureste,Online,Deportes,Mancuernas 10 kg,1,897.05,0.15,532.4,Recurrente,Tarjeta,False,5.0
ORD-000135,2025-04-14,CDMX-01,Centro,Tienda,Deportes,Mochila deportiva,2,753.79,0.1,332.95,Nuevo,Tarjeta,False,5.0
ORD-001150,2025-05-09,PUE-01,Centro,Online,Hogar,Licuadora,3,978.07,0.15,569.51,Nuevo,Transferencia,False,4.0
ORD-000128,2025-09-30,ZAP-01,Occidente,Tienda,Deportes,Mochila deportiva,2,760.7,0.1,348.49,Nuevo,Tarjeta,False,3.0
ORD-002870,2025-03-08,CHH-01,Norte,Tienda,Oficina,Lámpara LED,6,559.01,0.1,236.92,Nuevo,Efectivo,False,5.0
ORD-002409,2025-06-05,CHH-01,Norte,Tienda,Deportes,Mochila deportiva,3,773.26,0.1,353.49,Nuevo,Tarjeta,False,3.0
ORD-002756,2025-01-19,VER-01,Golfo,Tienda,Deportes,Tapete de yoga,3,395.72,0.05,158.45,Recurrente,Tarjeta,False,4.0
ORD-000232,2025-11-12,MTY-02,Norte,Tienda,Deportes,Tapete de yoga,1,436.39,0.2,161.56,Recurrente,Tarjeta,True,3.0
ORD-000216,2025-12-28,CDMX-01,Centro,Tienda,Deportes,Mochila deportiva,1,835.32,0.1,333.64,Nuevo,Tarjeta,False,5.0
ORD-002836,2025-06-22,MTY-02,Norte,Tienda,Oficina,Organizador de escritorio,2,272.62,0.0,102.57,Nuevo,Tarjeta,False,5.0
ORD-002654,2025-06-17,GDL-02,,Tienda,Hogar,Juego de sábanas,2,615.22,0.15,309.0,Empresa,Tarjeta,False,5.0
ORD-000968,2025-12-05,GDL-01,Occidente,Tienda,Oficina,Lámpara LED,1,614.42,0.05,238.22,Nuevo,Tarjeta,False,4.0
ORD-000267,2025-03-22,VER-01,Golfo,Tienda,Hogar,Licuadora,5,1003.44,0.0,553.22,Nuevo,Tarjeta,False,3.0
ORD-002326,2025-09-05,MTY-01,Norte,Online,Electrónica,Teclado mecánico,2,1253.05,0.05,730.32,Recurrente,Efectivo,False,5.0
ORD-001496,2025-08-25,MTY-02,Norte,Tienda,Electrónica,Teclado mecánico,3,1212.57,0.15,737.12,Recurrente,Efectivo,False,4.0
ORD-003212,2025-02-01,CAN-01,Sureste,Tienda,Electrónica,Teclado mecánico,1,1219.94,0.0,703.75,Recurrente,Efectivo,False,5.0
ORD-000411,2025-05-10,CDMX-02,Centro,Tienda,Deportes,Mancuernas 10 kg,6,912.93,0.0,517.38,Nuevo,Efectivo,False,5.0
ORD-002997,2025-02-03,CDMX-02,Centro,Online,Deportes,Mochila deportiva,2,761.37,0.0,338.32,Nuevo,Transferencia,False,2.0
ORD-003428,2025-11-19,VER-01,Golfo,Tienda,Oficina,Lámpara LED,1,600.05,0.0,240.55,Recurrente,Tarjeta,False,4.0
ORD-001051,2025-04-24,CAN-01,Sureste,Tienda,Oficina,Silla ergonómica,1,3068.66,0.15,1823.67,Recurrente,Tarjeta,False,5.0
ORD-000582,2025-11-23,GDL-01,Occidente,Tienda,Oficina,Lámpara LED,2,588.69,0.1,243.78,Recurrente,Tarjeta,False,4.0
ORD-002233,2025-12-28,ZAP-01,Occidente,Online,Oficina,Organizador de escritorio,1,305.09,0.15,102.86,Recurrente,Efectivo,False,4.0
ORD-002441,2025-08-03,MTY-02,Norte,Tienda,Hogar,Licuadora,2,992.93,0.0,548.64,Nuevo,Tarjeta,False,3.0
ORD-002022,2025-09-20,CDMX-02,Centro,Online,Electrónica,Monitor 24 pulgadas,2,3310.84,0.2,2358.1,Recurrente,Tarjeta,True,3.0
ORD-000093,2025-03-01,CDMX-01,Centro,Tienda,Hogar,Cafetera programable,3,1484.77,0.0,858.65,Recurrente,Tarjeta,False,5.0
ORD-003101,2025-08-23,GDL-01,Occidente,Tienda,Electrónica,Audífonos Bluetooth,4,703.94,0.1,378.45,Recurrente,Efectivo,False,1.0
ORD-002422,2025-06-22,VER-01,Golfo,Tienda,Hogar,Juego de sábanas,1,674.8,0.2,318.15,Nuevo,Tarjeta,False,4.0
ORD-002292,2025-10-09,MTY-01,Norte,Tienda,Hogar,Licuadora,4,958.9,0.0,558.26,Recurrente,Tarjeta,False,3.0
ORD-000208,2025-11-02,CAN-01,Sureste,Online,Hogar,Cafetera programable,1,1640.0,0.0,842.37,Nuevo,Tarjeta,False,4.0
ORD-002489,2025-01-08,CHH-01,Norte,Tienda,Oficina,Silla ergonómica,1,3037.97,0.1,1855.94,Recurrente,Efectivo,False,5.0
ORD-002685,2025-02-06,MTY-02,Norte,Tienda,Deportes,Tapete de yoga,2,402.94,0.0,160.85,Recurrente,Tarjeta,False,4.0
ORD-001745,2025-09-24,MTY-01,Norte,Tienda,Deportes,Mancuernas 10 kg,1,918.69,0.05,531.26,Recurrente,Tarjeta,False,5.0
ORD-002419,2025-03-12,MER-01,Sureste,Tienda,Electrónica,Teclado mecánico,2,1193.13,0.0,727.69,Recurrente,Efectivo,False,2.0
ORD-000524,2025-10-18,MTY-01,Norte,Tienda,Oficina,Silla ergonómica,2,2864.37,0.1,1811.43,Empresa,Efectivo,False,4.0
ORD-000350,2025-06-20,MTY-01,Norte,Tienda,Deportes,Mancuernas 10 kg,3,878.86,0.1,525.93,Recurrente,Tarjeta,False,3.0
ORD-001788,2025-07-16,GDL-01,Occidente,Tienda,Oficina,Silla ergonómica,1,2844.58,0.05,1821.41,Recurrente,Tarjeta,False,3.0
ORD-000288,2025-01-14,VER-01,Golfo,Tienda,Hogar,Juego de sábanas,1,673.45,0.15,306.98,Empresa,Efectivo,True,5.0
ORD-000197,2025-08-04,MER-01,Sureste,Tienda,Electrónica,Audífonos Bluetooth,1,711.83,0.0,392.53,Nuevo,Transferencia,False,4.0
ORD-001050,2025-05-28,CAN-01,Sureste,Tienda,Hogar,Cafetera programable,2,1452.06,0.1,861.5,Recurrente,Tarjeta,False,4.0
ORD-003579,2025-11-03,CHH-01,Norte,Online,Hogar,Cafetera programable,2,1588.68,0.1,879.79,Recurrente,Tarjeta,False,5.0
ORD-000496,2025-02-24,MTY-02,Norte,Tienda,Oficina,Organizador de escritorio,1,275.22,0.1,105.88,Recurrente,Tarjeta,False,4.0
ORD-003205,2025-04-29,GDL-01,Occidente,Tienda,Hogar,Juego de sábanas,3,649.41,0.15,318.1,Recurrente,Tarjeta,False,5.0
ORD-001473,2025-04-27,PUE-01,Centro,Online,Hogar,Cafetera programable,1,1433.58,0.1,876.44,Empresa,Efectivo,False,4.0
ORD-003417,2025-03-12,CHH-01,Norte,Tienda,Oficina,Lámpara LED,6,529.64,0.0,244.6,Nuevo,Efectivo,False,4.0
ORD-002386,2025-12-01,ZAP-01,Occidente,Online,Oficina,Organizador de escritorio,2,313.63,0.0,105.43,Nuevo,Tarjeta,True,3.0
ORD-001349,2025-03-30,VER-01,Golfo,Online,Hogar,Licuadora,3,1005.98,0.05,551.0,Empresa,Tarjeta,False,4.0
ORD-000713,2025-01-01,GDL-01,Occidente,Tienda,Hogar,Cafetera programable,3,1490.23,0.3,885.13,Recurrente,Tarjeta,False,4.0
ORD-002456,2025-05-15,GDL-02,Occidente,Online,Oficina,Organizador de escritorio,2,283.1,0.15,107.28,Empresa,Tarjeta,False,5.0
ORD-003264,2025-05-06,GDL-02,Occidente,Tienda,Hogar,Juego de sábanas,1,654.37,0.2,313.71,Nuevo,Efectivo,False,3.0
ORD-002695,2025-11-20,GDL-01,Occidente,Tienda,Electrónica,Monitor 24 pulgadas,1,3475.44,0.15,2329.51,Recurrente,Tarjeta,False,4.0
ORD-001726,2025-11-18,PUE-01,Centro,Tienda,Electrónica,Monitor 24 pulgadas,1,3537.15,0.15,2330.1,Recurrente,Tarjeta,False,1.0
ORD-001971,2025-04-18,ZAP-01,Occidente,Tienda,Hogar,Licuadora,1,999.99,0.05,573.68,Recurrente,Tarjeta,False,4.0
ORD-000033,2025-06-18,ZAP-01,Occidente,Online,Oficina,Lámpara LED,4,547.51,0.05,246.26,Nuevo,Efectivo,False,4.0
ORD-001352,2025-07-21,PUE-01,Centro,Tienda,Hogar,Cafetera programable,1,1491.13,0.0,877.27,Empresa,Tarjeta,False,3.0
ORD-003489,2025-09-12,VER-01,Golfo,Tienda,Oficina,Silla ergonómica,2,2866.97,0.1,1796.94,Nuevo,Tarjeta,False,5.0
ORD-002683,2025-07-25,CAN-01,Sureste,Online,Electrónica,Audífonos Bluetooth,3,686.45,0.0,393.52,Empresa,Tarjeta,False,4.0
ORD-001417,2025-01-13,MER-01,Sureste,Online,Electrónica,Monitor 24 pulgadas,1,3344.1,0.1,2361.78,Nuevo,Tarjeta,False,4.0
ORD-003462,2025-08-06,VER-01,Golfo,Tienda,Electrónica,Teclado mecánico,1,1150.4,0.0,737.78,Nuevo,Tarjeta,False,4.0
ORD-003507,2025-09-18,CHH-01,Norte,Tienda,Oficina,Silla ergonómica,1,2905.23,0.05,1818.87,Recurrente,Tarjeta,False,5.0
ORD-001617,2025-04-24,MTY-01,Norte,Online,Electrónica,Audífonos Bluetooth,1,700.13,0.0,374.39,Recurrente,Tarjeta,False,5.0
ORD-000693,2025-07-18,CAN-01,Sureste,Tienda,Deportes,Mochila deportiva,4,743.78,0.05,341.84,Empresa,Transferencia,False,5.0
ORD-003136,2025-10-23,CDMX-02,Centro,Tienda,Hogar,Licuadora,2,1005.27,0.15,550.75,Nuevo,Tarjeta,False,4.0
ORD-001071,2025-07-06,MTY-02,Norte,Tienda,Oficina,Silla ergonómica,1,2974.7,0.15,1817.54,Empresa,Transferencia,False,3.0
ORD-000539,2025-11-07,MTY-01,Norte,Online,Electrónica,Audífonos Bluetooth,2,799.32,0.0,394.69,Recurrente,Efectivo,False,4.0
ORD-002621,2025-09-03,PUE-01,Centro,Tienda,Deportes,Tapete de yoga,5,391.95,0.1,161.66,Empresa,Tarjeta,False,4.0
ORD-001457,2025-11-09,CDMX-01,Centro,Online,Deportes,Tapete de yoga,2,443.43,0.2,161.9,Empresa,Tarjeta,False,2.0
ORD-001433,2025-12-17,GDL-01,Occidente,Online,Electrónica,Teclado mecánico,2,1340.13,0.0,726.56,Nuevo,Efectivo,False,5.0
ORD-001836,2025-10-30,VER-01,Golfo,Online,Electrónica,Audífonos Bluetooth,1,743.04,0.1,395.17,Recurrente,Tarjeta,False,4.0
ORD-002964,2025-09-08,MER-01,Sureste,Online,Oficina,Silla ergonómica,2,2948.28,0.1,1788.64,Nuevo,Tarjeta,False,5.0
ORD-003156,2025-12-17,MER-01,Sureste,Tienda,Hogar,Juego de sábanas,2,697.77,0.05,312.69,Recurrente,Tarjeta,False,4.0
ORD-000988,2025-05-12,CDMX-02,Centro,Online,Deportes,Mancuernas 10 kg,2,887.02,0.15,528.16,Nuevo,Tarjeta,False,2.0
ORD-002745,2025-09-02,CAN-01,Sureste,Online,Electrónica,Teclado mecánico,2,1161.19,0.0,726.54,Recurrente,Efectivo,True,5.0
ORD-000998,2025-08-20,GDL-02,Occidente,Online,Hogar,Licuadora,2,1006.79,0.1,553.61,Recurrente,Tarjeta,False,4.0
ORD-001909,2025-12-08,GDL-01,Occidente,Tienda,Oficina,Organizador de escritorio,1,312.07,0.05,106.24,Recurrente,Tarjeta,False,5.0
ORD-003411,2025-06-29,ZAP-01,Occidente,Online,Deportes,Tapete de yoga,1,416.3,0.0,161.93,Empresa,Efectivo,False,5.0
ORD-000255,2025-04-27,MTY-02,Norte,Tienda,Electrónica,Monitor 24 pulgadas,6,3366.64,0.15,2325.36,Recurrente,Tarjeta,False,4.0
ORD-000575,2025-02-12,CDMX-02,Centro,Tienda,Hogar,Juego de sábanas,5,634.57,0.1,311.96,Empresa,Tarjeta,True,5.0
ORD-002871,2025-09-21,ZAP-01,Occidente,Online,Deportes,Mochila deportiva,1,739.23,0.15,338.22,Empresa,Transferencia,True,2.0
ORD-000986,2025-07-09,CHH-01,Norte,Tienda,Hogar,Juego de sábanas,2,656.57,0.0,313.25,Recurrente,Tarjeta,False,3.0
ORD-002229,2025-12-01,MTY-01,Norte,Online,Deportes,Mancuernas 10 kg,3,946.6,0.0,522.9,Nuevo,Efectivo,False,4.0
ORD-003037,2025-01-26,MER-01,Sureste,Tienda,Oficina,Lámpara LED,4,548.26,0.3,238.67,Recurrente,Efectivo,False,5.0
ORD-002433,2025-08-05,VER-01,Golfo,Tienda,Oficina,Organizador de escritorio,4,295.3,0.2,104.74,Recurrente,Transferencia,False,4.0
ORD-001338,2025-05-28,ZAP-01,Occidente,Tienda,Oficina,Lámpara LED,2,534.58,0.0,243.7,Recurrente,Tarjeta,False,4.0
ORD-001316,2025-12-31,MTY-01,Norte,Online,Hogar,Juego de sábanas,1,715.35,0.15,306.4,Empresa,Tarjeta,False,4.0
ORD-001943,2025-07-02,GDL-01,Occidente,Online,Electrónica,Audífonos Bluetooth,1,690.72,0.05,376.61,Recurrente,Tarjeta,False,3.0
ORD-002709,2025-12-05,CDMX-02,Centro,Tienda,Deportes,Mochila deportiva,1,830.07,0.0,342.22,Nuevo,Tarjeta,False,4.0
ORD-000021,2025-07-11,CHH-01,Norte,Tienda,Oficina,Lámpara LED,6,542.22,0.2,235.6,Recurrente,Transferencia,False,2.0
ORD-003394,2025-08-19,GDL-01,Occidente,Tienda,Deportes,Mochila deportiva,1,779.2,0.15,345.15,Nuevo,Efectivo,False,4.0
ORD-000040,2025-03-02,CHH-01,Norte,Tienda,Hogar,Juego de sábanas,1,647.73,0.3,301.32,Recurrente,Tarjeta,False,4.0
ORD-000313,2025-02-07,CHH-01,Norte,Tienda,Electrónica,Audífonos Bluetooth,3,648.31,0.1,383.25,Nuevo,Tarjeta,False,4.0
ORD-001924,2025-11-30,MTY-02,Norte,Tienda,Electrónica,Monitor 24 pulgadas,1,3691.65,0.0,2327.13,Recurrente,Efectivo,False,4.0
ORD-003525,2025-08-08,MTY-02,Norte,Tienda,Hogar,Cafetera programable,1,1433.9,0.0,880.92,Nuevo,Tarjeta,False,5.0
ORD-000865,2025-11-20,VER-01,Golfo,Tienda,Electrónica,Audífonos Bluetooth,1,764.11,0.0,387.33,Recurrente,Tarjeta,False,4.0
ORD-001760,2025-12-13,CAN-01,Sureste,Tienda,Oficina,Organizador de escritorio,2,322.14,0.0,104.15,Recurrente,Efectivo,True,5.0
ORD-003310,2025-08-22,ZAP-01,Occidente,Tienda,Deportes,Tapete de yoga,2,404.9,0.1,161.24,Nuevo,Tarjeta,False,3.0
ORD-001239,2025-08-28,PUE-01,Centro,Tienda,Hogar,Cafetera programable,2,1495.95,0.0,869.71,Nuevo,Efectivo,False,2.0
ORD-000830,2025-04-12,MTY-01,Norte,Tienda,Hogar,Licuadora,5,1005.98,0.0,563.42,Empresa,Tarjeta,False,5.0
ORD-000650,2025-09-12,ZAP-01,Occidente,Tienda,Oficina,Lámpara LED,2,540.23,0.15,243.43,Recurrente,Efectivo,False,5.0
ORD-001556,2025-07-06,CDMX-01,Centro,Online,Oficina,Silla ergonómica,3,2810.1,0.05,1813.18,Recurrente,Efectivo,True,4.0
ORD-000373,2025-12-04,GDL-01,Occidente,Tienda,Electrónica,Monitor 24 pulgadas,1,3462.43,0.0,2412.91,Recurrente,Efectivo,False,5.0
ORD-000464,2025-03-29,MER-01,Sureste,Tienda,Hogar,Cafetera programable,2,1492.22,0.0,846.37,Recurrente,Efectivo,True,5.0
ORD-003346,2025-01-23,MER-01,Sureste,Online,Deportes,Mancuernas 10 kg,2,888.85,0.0,508.94,Recurrente,Tarjeta,False,2.0
ORD-000027,2025-07-27,MER-01,Sureste,Tienda,Hogar,Licuadora,1,1037.68,0.15,567.42,Empresa,Efectivo,False,3.0
ORD-002101,2025-06-01,CDMX-01,Centro,Tienda,Oficina,Lámpara LED,1,561.03,0.05,240.51,Recurrente,Efectivo,False,4.0
ORD-000283,2025-12-11,CDMX-01,Centro,Tienda,Deportes,Tapete de yoga,2,419.15,0.0,156.33,Recurrente,Tarjeta,False,4.0
ORD-002891,2025-02-04,MER-01,Sureste,Tienda,Hogar,Licuadora,1,1047.82,0.05,564.95,Nuevo,Tarjeta,False,5.0
ORD-000052,2025-05-11,PUE-01,Centro,Tienda,Electrónica,Monitor 24 pulgadas,2,3333.56,0.3,2342.59,Recurrente,Tarjeta,False,5.0
ORD-003270,2025-12-11,CDMX-01,Centro,Tienda,Deportes,Mancuernas 10 kg,1,961.63,0.05,518.43,Nuevo,Efectivo,False,4.0
ORD-002692,2025-12-01,ZAP-01,Occidente,Online,Oficina,Lámpara LED,2,642.05,0.2,241.56,Empresa,Tarjeta,False,5.0
ORD-000957,2025-12-29,MTY-02,Norte,Online,Oficina,Lámpara LED,1,621.08,0.05,243.59,Recurrente,Tarjeta,False,5.0
ORD-002706,2025-10-09,MTY-01,Norte,Online,Deportes,Mancuernas 10 kg,4,872.73,0.1,535.91,Nuevo,Tarjeta,False,4.0
ORD-001128,2025-06-18,CDMX-02,Centro,Tienda,Hogar,Juego de sábanas,2,656.7,0.1,309.23,Nuevo,Tarjeta,False,3.0
ORD-002185,2025-11-01,CDMX-02,Centro,Tienda,Deportes,Tapete de yoga,3,428.26,0.15,160.92,Nuevo,Efectivo,False,3.0
ORD-002018,2025-07-17,VER-01,,Tienda,Oficina,Lámpara LED,4,557.4,0.3,237.15,Nuevo,Tarjeta,False,5.0
ORD-000634,2025-01-28,MER-01,Sureste,Tienda,Oficina,Lámpara LED,3,552.23,0.1,243.08,Recurrente,Tarjeta,False,1.0
ORD-002517,2025-01-01,MTY-02,Norte,Tienda,Electrónica,Teclado mecánico,2,1205.66,0.0,734.43,Nuevo,Tarjeta,False,5.0
ORD-001284,2025-10-31,ZAP-01,Occidente,Tienda,Electrónica,Teclado mecánico,2,1208.18,0.05,727.07,Empresa,Tarjeta,False,5.0
ORD-002344,2025-08-24,CHH-01,Norte,Tienda,Hogar,Cafetera programable,1,1485.42,0.0,872.49,Recurrente,Tarjeta,False,5.0
ORD-002748,2025-10-06,ZAP-01,Occidente,Tienda,Deportes,Mochila deportiva,2,726.51,0.2,339.34,Nuevo,Tarjeta,False,5.0
ORD-003577,2025-11-02,MTY-02,Norte,Tienda,Hogar,Juego de sábanas,4,719.36,0.0,297.63,Nuevo,Tarjeta,False,5.0
ORD-002922,2025-12-23,GDL-01,Occidente,Tienda,Hogar,Licuadora,1,1091.49,0.0,557.03,Recurrente,Tarjeta,False,2.0
ORD-003281,2025-12-21,MTY-02,Norte,Online,Oficina,Organizador de escritorio,3,323.01,0.15,105.17,Recurrente,Efectivo,False,4.0
ORD-001540,2025-03-17,MTY-02,Norte,Tienda,Oficina,Lámpara LED,2,572.76,0.2,242.84,Recurrente,Tarjeta,False,5.0
ORD-001334,2025-06-24,CDMX-02,Centro,Tienda,Deportes,Tapete de yoga,1,390.18,0.1,162.94,Nuevo,Efectivo,False,3.0
ORD-002895,2025-11-26,MER-01,Sureste,Tienda,Deportes,Tapete de yoga,1,430.08,0.0,158.7,Nuevo,Tarjeta,False,5.0
ORD-002199,2025-10-09,VER-01,Golfo,Online,Deportes,Mancuernas 10 kg,2,892.12,0.1,535.14,Recurrente,Tarjeta,True,4.0
ORD-002607,2025-11-09,ZAP-01,Occidente,Tienda,Hogar,Licuadora,2,1087.95,0.15,572.44,Nuevo,Tarjeta,False,4.0
ORD-000097,2025-06-11,CHH-01,Norte,Tienda,Hogar,Cafetera programable,3,1404.66,0.0,850.51,Recurrente,Efectivo,False,5.0
ORD-002916,2025-09-16,CHH-01,Norte,Online,Oficina,Organizador de escritorio,4,291.03,0.0,105.16,Recurrente,Efectivo,False,5.0
ORD-001524,2025-03-25,MTY-02,Norte,Online,Hogar,Juego de sábanas,3,636.76,0.2,309.44,Nuevo,Tarjeta,False,5.0
ORD-002538,2025-09-25,MER-01,Sureste,Tienda,Electrónica,Audífonos Bluetooth,6,634.37,0.0,383.1,Recurrente,Tarjeta,False,4.0
ORD-002452,2025-04-23,GDL-01,Occidente,Tienda,Oficina,Lámpara LED,1,528.71,0.05,244.73,Nuevo,Efectivo,True,4.0
ORD-001783,2025-12-25,VER-01,Golfo,Tienda,Electrónica,Teclado mecánico,1,1350.08,0.1,717.52,Nuevo,Tarjeta,False,4.0
ORD-002724,2025-10-09,CDMX-02,Centro,Tienda,Oficina,Lámpara LED,1,545.99,0.1,243.46,Recurrente,Efectivo,False,4.0
ORD-002396,2025-08-19,ZAP-01,Occidente,Tienda,Oficina,Silla ergonómica,1,3005.52,0.15,1812.41,Recurrente,Tarjeta,False,3.0
ORD-001099,2025-09-07,CAN-01,Sureste,Tienda,Deportes,Mancuernas 10 kg,2,874.22,0.0,519.78,Nuevo,Tarjeta,False,5.0
ORD-003359,2025-09-06,VER-01,Golfo,Online,Hogar,Cafetera programable,4,1539.54,0.05,882.29,Nuevo,Efectivo,True,3.0
ORD-000647,2025-05-01,CDMX-01,Centro,Tienda,Oficina,Organizador de escritorio,3,284.33,0.1,105.8,Recurrente,Efectivo,False,5.0
ORD-000371,2025-06-05,MER-01,Sureste,Tienda,Deportes,Tapete de yoga,1,394.88,0.05,154.66,Recurrente,Tarjeta,False,4.0
ORD-001267,2025-03-08,ZAP-01,Occidente,Tienda,Electrónica,Audífonos Bluetooth,1,731.8,0.0,380.65,Recurrente,Tarjeta,False,4.0
ORD-003599,2025-12-16,CDMX-01,Centro,Tienda,Oficina,Lámpara LED,3,616.46,0.0,235.48,Nuevo,Efectivo,False,3.0
ORD-000148,2025-12-06,ZAP-01,Occidente,Online,Hogar,Cafetera programable,4,1642.66,0.1,888.78,Nuevo,Tarjeta,False,4.0
ORD-003169,2025-08-27,MER-01,Sureste,Tienda,Electrónica,Teclado mecánico,1,1231.73,0.0,718.35,Nuevo,Transferencia,False,3.0
ORD-002156,2025-01-12,MTY-02,Norte,Online,Oficina,Silla ergonómica,2,2970.27,0.2,1845.8,Recurrente,Tarjeta,False,3.0
ORD-003311,2025-11-03,GDL-02,Occidente,Tienda,Hogar,Cafetera programable,1,1657.96,0.0,868.05,Nuevo,Tarjeta,False,5.0
ORD-003193,2025-02-02,MTY-02,Norte,Online,Hogar,Juego de sábanas,1,651.4,0.0,308.05,Recurrente,Efectivo,False,4.0
ORD-002512,2025-05-09,GDL-01,Occidente,Online,Oficina,Organizador de escritorio,5,283.25,0.05,102.11,Recurrente,Efectivo,False,2.0
ORD-003600,2025-03-15,CDMX-02,Centro,Online,Oficina,Silla ergonómica,2,2848.67,0.1,1816.21,Nuevo,Tarjeta,False,4.0
ORD-002267,2025-10-10,PUE-01,Centro,Tienda,Hogar,Juego de sábanas,1,642.63,0.3,317.5,Recurrente,Tarjeta,False,2.0
ORD-000273,2025-01-16,MTY-02,Norte,Tienda,Electrónica,Monitor 24 pulgadas,1,3267.18,0.2,2294.57,Nuevo,Tarjeta,False,4.0
ORD-002730,2025-07-04,MER-01,Sureste,Tienda,Deportes,Mancuernas 10 kg,2,909.45,0.1,522.37,Recurrente,Efectivo,False,5.0
ORD-001687,2025-07-28,VER-01,Golfo,Tienda,Hogar,Juego de sábanas,1,633.7,0.1,301.53,Recurrente,Tarjeta,True,3.0
ORD-001122,2025-11-21,VER-01,Golfo,Tienda,Electrónica,Audífonos Bluetooth,2,759.46,0.05,383.22,Recurrente,Transferencia,False,3.0
ORD-002953,2025-06-18,MTY-01,Norte,Online,Deportes,Tapete de yoga,3,397.3,0.1,159.46,Nuevo,Efectivo,False,4.0
ORD-002832,2025-07-26,CAN-01,Sureste,Tienda,Deportes,Mochila deportiva,3,738.81,0.15,338.67,Recurrente,Tarjeta,False,4.0
ORD-001868,2025-11-11,MER-01,Sureste,Tienda,Electrónica,Monitor 24 pulgadas,5,3622.74,0.15,2354.83,Empresa,Tarjeta,False,2.0
ORD-001042,2025-02-27,CHH-01,Norte,Tienda,Oficina,Organizador de escritorio,2,293.61,0.0,104.33,Nuevo,Efectivo,False,5.0
ORD-003206,2025-05-02,ZAP-01,Occidente,Tienda,Deportes,Tapete de yoga,1,388.76,0.0,161.48,Nuevo,Tarjeta,False,5.0
ORD-003053,2025-05-06,MER-01,Sureste,Online,Hogar,Juego de sábanas,6,656.41,0.0,306.04,Nuevo,Tarjeta,False,4.0
ORD-002244,2025-11-23,MTY-02,Norte,Tienda,Electrónica,Teclado mecánico,2,1331.23,0.1,715.21,Recurrente,Tarjeta,False,5.0
ORD-002427,2025-07-30,CDMX-02,Centro,Tienda,Oficina,Lámpara LED,3,552.23,0.05,233.5,Nuevo,Tarjeta,False,1.0
ORD-002908,2025-10-05,CAN-01,Sureste,Tienda,Oficina,Silla ergonómica,3,2685.15,0.05,1803.09,Nuevo,Tarjeta,False,4.0
ORD-000577,2025-08-20,CHH-01,Norte,Tienda,Deportes,Tapete de yoga,4,389.77,0.1,160.01,Recurrente,Tarjeta,False,4.0
ORD-000319,2025-07-24,GDL-02,Occidente,Online,Electrónica,Audífonos Bluetooth,3,712.21,0.2,375.99,Recurrente,Tarjeta,False,4.0
ORD-003443,2025-07-15,GDL-02,Occidente,Tienda,Deportes,Mancuernas 10 kg,2,896.76,0.0,526.32,Recurrente,Tarjeta,False,4.0
ORD-002729,2025-08-18,MER-01,Sureste,Online,Oficina,Lámpara LED,2,556.21,0.0,242.03,Recurrente,Efectivo,True,4.0
ORD-000804,2025-06-26,CAN-01,Sureste,Tienda,Deportes,Mochila deportiva,1,733.28,0.05,334.8,Recurrente,Efectivo,False,4.0
ORD-003308,2025-01-09,GDL-01,Occidente,Online,Deportes,Tapete de yoga,3,414.64,0.0,158.77,Recurrente,Tarjeta,False,3.0
ORD-002400,2025-09-22,ZAP-01,Occidente,Tienda,Hogar,Licuadora,2,979.23,0.05,568.63,Nuevo,Tarjeta,False,4.0
ORD-003283,2025-04-21,GDL-01,Occidente,Online,Oficina,Organizador de escritorio,1,285.62,0.2,102.55,Recurrente,Transferencia,False,4.0
ORD-000047,2025-01-05,GDL-01,Occidente,Tienda,Hogar,Juego de sábanas,2,639.21,0.1,314.41,Nuevo,Transferencia,False,5.0
ORD-003070,2025-06-17,CAN-01,Sureste,Tienda,Oficina,Lámpara LED,2,543.43,0.0,237.22,Nuevo,Tarjeta,False,3.0
ORD-002947,2025-05-11,CDMX-02,Centro,Online,Electrónica,Teclado mecánico,3,1254.5,0.0,721.99,Nuevo,Tarjeta,True,5.0
ORD-000520,2025-09-01,CAN-01,Sureste,Tienda,Deportes,Mochila deportiva,1,758.13,0.15,349.53,Nuevo,Tarjeta,False,4.0
ORD-002454,2025-05-02,GDL-02,Occidente,Tienda,Electrónica,Monitor 24 pulgadas,1,3261.49,0.2,2369.21,Recurrente,Tarjeta,False,4.0
ORD-000246,2025-12-12,MER-01,Sureste,Online,Hogar,Licuadora,1,1095.66,0.1,560.76,Recurrente,Tarjeta,False,5.0
ORD-001639,2025-06-01,MER-01,Sureste,Online,Oficina,Silla ergonómica,5,2962.15,0.0,1827.9,Recurrente,Tarjeta,False,3.0
ORD-000564,2025-07-18,MTY-01,Norte,Tienda,Electrónica,Audífonos Bluetooth,3,701.86,0.1,375.58,Recurrente,Transferencia,True,5.0
ORD-002404,2025-09-29,CDMX-02,Centro,Tienda,Electrónica,Monitor 24 pulgadas,2,3466.29,0.2,2361.09,Nuevo,Efectivo,False,5.0
ORD-001404,2025-02-08,CAN-01,Sureste,Tienda,Hogar,Juego de sábanas,1,659.66,0.1,301.3,Nuevo,Tarjeta,False,4.0
ORD-002893,2025-10-11,MTY-02,Norte,Tienda,Oficina,Silla ergonómica,3,2999.64,0.0,1808.0,Nuevo,Efectivo,False,4.0
ORD-001302,2025-12-28,GDL-02,Occidente,Tienda,Electrónica,Teclado mecánico,3,1295.8,0.1,696.11,Nuevo,Transferencia,False,3.0
ORD-002424,2025-09-19,MTY-01,Norte,Tienda,Oficina,Lámpara LED,2,504.34,0.0,241.57,Recurrente,Efectivo,False,5.0
ORD-000928,2025-07-10,PUE-01,Centro,Online,Electrónica,Teclado mecánico,3,1198.03,0.0,728.02,Recurrente,Tarjeta,False,5.0
ORD-003292,2025-01-31,VER-01,Golfo,Tienda,Deportes,Mochila deportiva,1,742.97,0.0,329.06,Empresa,Tarjeta,False,4.0
ORD-002493,2025-08-05,ZAP-01,Occidente,Tienda,Hogar,Juego de sábanas,3,647.79,0.2,316.11,Recurrente,Tarjeta,False,2.0
ORD-001355,2025-05-16,MTY-01,Norte,Tienda,Electrónica,Teclado mecánico,2,1186.96,0.1,718.46,Nuevo,Tarjeta,False,5.0
ORD-000403,2025-06-19,CDMX-02,Centro,Online,Hogar,Juego de sábanas,1,653.06,0.1,308.88,Recurrente,Efectivo,False,4.0
ORD-002077,2025-01-19,CDMX-02,Centro,Tienda,Deportes,Tapete de yoga,2,407.25,0.05,156.67,Recurrente,Tarjeta,False,5.0
ORD-003161,2025-01-25,MTY-01,Norte,Tienda,Hogar,Cafetera programable,1,1552.04,0.3,882.63,Nuevo,Tarjeta,False,5.0
ORD-001140,2025-12-07,MER-01,Sureste,Tienda,Electrónica,Teclado mecánico,1,1330.95,0.2,737.26,Recurrente,Tarjeta,False,4.0
ORD-001579,2025-05-11,GDL-01,Occidente,Tienda,Oficina,Organizador de escritorio,6,276.75,0.0,106.34,Nuevo,Efectivo,False,4.0
ORD-002146,2025-02-03,GDL-01,Occidente,Tienda,Oficina,Lámpara LED,3,544.76,0.0,236.99,Nuevo,Tarjeta,False,4.0
ORD-000447,2025-11-05,VER-01,Golfo,Online,Hogar,Juego de sábanas,1,718.96,0.0,313.36,Recurrente,Tarjeta,False,4.0
ORD-000611,2025-06-05,PUE-01,Centro,Tienda,Oficina,Organizador de escritorio,1,291.66,0.1,105.02,Nuevo,Efectivo,False,5.0
ORD-000606,2025-12-17,MTY-02,Norte,Online,Electrónica,Teclado mecánico,2,1346.69,0.1,719.95,Recurrente,Tarjeta,False,3.0
ORD-002515,2025-11-29,CDMX-02,Centro,Online,Hogar,Cafetera programable,4,1639.39,0.2,851.14,Recurrente,Tarjeta,False,5.0
ORD-001233,2025-04-22,GDL-01,Occidente,Online,Deportes,Tapete de yoga,4,409.16,0.05,160.41,Nuevo,Transferencia,False,5.0
ORD-000996,2025-06-23,VER-01,Golfo,Online,Oficina,Silla ergonómica,1,3029.15,0.0,1766.51,Empresa,Tarjeta,False,1.0
ORD-003197,2025-11-03,MTY-02,Norte,Online,Deportes,Mancuernas 10 kg,1,1004.63,0.15,509.94,Recurrente,Tarjeta,False,4.0
ORD-000376,2025-09-17,CDMX-01,Centro,Online,Hogar,Cafetera programable,1,1495.71,0.0,897.41,Nuevo,Tarjeta,False,4.0
ORD-002323,2025-04-06,MER-01,Sureste,Tienda,Deportes,Mancuernas 10 kg,1,915.3,0.0,518.98,Recurrente,Transferencia,False,4.0
ORD-002312,2025-01-27,CHH-01,Norte,Online,Electrónica,Monitor 24 pulgadas,3,3246.56,0.2,2331.33,Nuevo,Tarjeta,False,4.0
ORD-001427,2025-06-04,GDL-01,Occidente,Tienda,Electrónica,Monitor 24 pulgadas,1,3417.96,0.05,2346.14,Nuevo,Tarjeta,False,1.0
ORD-002383,2025-09-18,MTY-02,Norte,Tienda,Deportes,Mancuernas 10 kg,5,905.0,0.0,530.74,Recurrente,Tarjeta,False,
ORD-000210,2025-06-03,MTY-02,Norte,Tienda,Hogar,Juego de sábanas,3,660.51,0.0,315.08,Recurrente,Tarjeta,False,3.0
ORD-002540,2025-12-30,VER-01,Golfo,Tienda,Oficina,Organizador de escritorio,4,320.86,0.2,105.15,Empresa,Tarjeta,False,5.0
ORD-000719,2025-11-28,ZAP-01,Occidente,Tienda,Oficina,Organizador de escritorio,1,314.85,0.1,103.36,Recurrente,Efectivo,False,3.0
ORD-000275,2025-11-23,CDMX-01,Centro,Online,Deportes,Tapete de yoga,5,440.52,0.15,157.99,Empresa,Tarjeta,False,4.0
ORD-002362,2025-02-08,ZAP-01,Occidente,Tienda,Deportes,Mochila deportiva,3,758.4,0.1,342.79,Nuevo,Efectivo,False,4.0
ORD-001671,2025-10-29,PUE-01,Centro,Tienda,Electrónica,Audífonos Bluetooth,6,720.82,0.05,387.61,Recurrente,Tarjeta,False,4.0
ORD-003480,2025-02-10,CAN-01,Sureste,Online,Hogar,Licuadora,2,986.29,0.1,574.63,Nuevo,Tarjeta,False,4.0
ORD-002153,2025-08-07,VER-01,Golfo,Tienda,Oficina,Organizador de escritorio,3,281.49,0.0,103.46,Recurrente,Tarjeta,False,3.0
ORD-001980,2025-08-28,CHH-01,Norte,Tienda,Electrónica,Monitor 24 pulgadas,1,3230.23,0.0,2316.83,Nuevo,Efectivo,False,4.0
ORD-003357,2025-02-05,GDL-01,Occidente,Tienda,Electrónica,Monitor 24 pulgadas,2,3392.61,0.15,2300.6,Nuevo,Efectivo,True,3.0
ORD-001499,2025-04-08,CAN-01,Sureste,Tienda,Oficina,Silla ergonómica,1,2973.73,0.05,1837.48,Recurrente,Tarjeta,False,4.0
ORD-002256,2025-01-26,PUE-01,Centro,Tienda,Oficina,Organizador de escritorio,2,289.99,0.1,105.26,Nuevo,Transferencia,False,4.0
ORD-002005,2025-10-19,PUE-01,Centro,Tienda,Oficina,Silla ergonómica,4,2888.15,0.0,1872.38,Recurrente,Efectivo,False,4.0
ORD-002925,2025-06-30,VER-01,Golfo,Tienda,Deportes,Mancuernas 10 kg,1,887.56,0.05,522.23,Nuevo,Transferencia,False,4.0
ORD-002765,2025-11-07,CDMX-01,Centro,Online,Electrónica,Audífonos Bluetooth,2,782.1,0.0,393.44,Empresa,Efectivo,False,4.0
ORD-001380,2025-06-30,MER-01,Sureste,Tienda,Deportes,Mochila deportiva,2,721.61,0.15,343.82,Recurrente,Tarjeta,False,1.0
ORD-002626,2025-11-21,GDL-02,Occidente,Tienda,Oficina,Organizador de escritorio,3,317.03,0.15,103.67,Recurrente,Tarjeta,False,4.0
ORD-000740,2025-07-28,GDL-01,Occidente,Tienda,Electrónica,Monitor 24 pulgadas,3,3326.77,0.15,2344.65,Recurrente,Efectivo,False,4.0
ORD-001746,2025-11-01,GDL-02,Occidente,Online,Deportes,Mochila deportiva,3,824.62,0.05,335.78,Nuevo,Efectivo,False,4.0
ORD-000176,2025-02-02,PUE-01,Centro,Tienda,Deportes,Mancuernas 10 kg,2,888.27,0.0,525.28,Recurrente,Efectivo,False,4.0
ORD-000059,2025-04-25,CHH-01,Norte,Online,Electrónica,Audífonos Bluetooth,1,704.24,0.05,386.47,Recurrente,Tarjeta,False,5.0
ORD-001183,2025-09-22,MER-01,Sureste,Online,Hogar,Licuadora,2,1025.15,0.1,546.44,Recurrente,Tarjeta,False,5.0
ORD-003445,2025-04-13,CDMX-01,Centro,Tienda,Oficina,Silla ergonómica,1,3033.77,0.15,1808.74,Recurrente,Efectivo,False,3.0
ORD-003185,2025-08-20,MTY-02,Norte,Online,Electrónica,Monitor 24 pulgadas,1,3396.61,0.05,2351.23,Empresa,Efectivo,False,5.0
ORD-001109,2025-10-29,MER-01,Sureste,Tienda,Electrónica,Teclado mecánico,1,1211.92,0.1,715.17,Recurrente,Tarjeta,False,3.0
ORD-000688,2025-07-18,CDMX-02,Centro,Tienda,Hogar,Juego de sábanas,1,660.81,0.1,311.29,Empresa,Tarjeta,False,1.0
ORD-002885,2025-02-13,PUE-01,Centro,Online,Hogar,Juego de sábanas,1,654.21,0.15,303.29,Recurrente,Tarjeta,False,3.0
ORD-003235,2025-08-04,PUE-01,Centro,Tienda,Hogar,Licuadora,1,1020.64,0.05,554.59,Nuevo,Efectivo,False,5.0
ORD-000503,2025-09-13,MER-01,Sureste,Online,Electrónica,Teclado mecánico,1,1210.94,0.0,717.81,Nuevo,Tarjeta,False,4.0
ORD-002341,2025-04-26,CAN-01,Sureste,Online,Deportes,Tapete de yoga,1,393.54,0.0,159.12,Empresa,Efectivo,False,5.0
ORD-000302,2025-05-21,CAN-01,Sureste,Online,Electrónica,Teclado mecánico,1,1205.29,0.0,714.65,Recurrente,Efectivo,False,3.0
ORD-000140,2025-07-07,CDMX-01,Centro,Tienda,Deportes,Tapete de yoga,1,383.23,0.2,157.46,Recurrente,Tarjeta,False,5.0
ORD-001157,2025-08-20,CDMX-02,Centro,Tienda,Electrónica,Monitor 24 pulgadas,1,3202.01,0.0,2302.28,Nuevo,Transferencia,True,5.0
ORD-002116,2025-08-20,MTY-02,Norte,Tienda,Electrónica,Monitor 24 pulgadas,3,3311.57,0.1,2296.28,Recurrente,Efectivo,False,5.0
ORD-002464,2025-05-14,GDL-02,Occidente,Online,Electrónica,Monitor 24 pulgadas,2,3252.71,0.1,2364.89,Empresa,Tarjeta,False,5.0
ORD-001941,2025-08-14,CDMX-01,Centro,Tienda,Hogar,Juego de sábanas,1,649.54,0.1,311.82,Recurrente,Efectivo,False,3.0
ORD-001199,2025-07-11,CDMX-01,Centro,Tienda,Electrónica,Audífonos Bluetooth,3,682.36,0.05,390.27,Recurrente,Efectivo,False,5.0
ORD-002822,2025-03-06,MER-01,Sureste,Tienda,Oficina,Organizador de escritorio,1,286.97,0.0,107.03,Recurrente,Tarjeta,False,5.0
ORD-003312,2025-09-08,CDMX-02,Centro,Online,Deportes,Mancuernas 10 kg,1,869.01,0.05,510.06,Recurrente,Tarjeta,False,5.0
ORD-000912,2025-07-20,CHH-01,Norte,Online,Hogar,Licuadora,1,991.41,0.2,570.89,Nuevo,Tarjeta,False,2.0
ORD-003380,2025-10-14,GDL-02,Occidente,Tienda,Electrónica,Audífonos Bluetooth,2,698.62,0.2,375.1,Recurrente,Tarjeta,False,4.0
ORD-000162,2025-01-23,MTY-01,Norte,Tienda,Deportes,Mancuernas 10 kg,2,887.53,0.15,503.76,Nuevo,Tarjeta,False,4.0
ORD-001651,2025-01-12,MER-01,Sureste,Tienda,Oficina,Silla ergonómica,1,2887.24,0.2,1838.64,Nuevo,Tarjeta,False,3.0
ORD-002310,2025-10-07,PUE-01,Centro,Tienda,Deportes,Mochila deportiva,3,748.11,0.15,335.21,Nuevo,Tarjeta,False,4.0
ORD-002608,2025-08-09,MTY-02,Norte,Tienda,Deportes,Tapete de yoga,3,402.03,0.1,160.53,Recurrente,Tarjeta,False,5.0
ORD-000875,2025-06-14,PUE-01,Centro,Tienda,Oficina,Lámpara LED,2,533.13,0.15,238.36,Recurrente,Tarjeta,False,5.0
ORD-002603,2025-03-27,GDL-02,Occidente,Tienda,Electrónica,Audífonos Bluetooth,1,681.08,0.15,375.53,Nuevo,Efectivo,False,3.0
ORD-001736,2025-02-04,GDL-02,Occidente,Tienda,Oficina,Lámpara LED,1,546.65,0.3,241.05,Nuevo,Tarjeta,False,5.0
ORD-002954,2025-12-06,VER-01,Golfo,Tienda,Deportes,Mancuernas 10 kg,1,977.35,0.0,513.58,Empresa,Tarjeta,False,1.0
ORD-003313,2025-09-12,MTY-02,Norte,Tienda,Deportes,Mancuernas 10 kg,1,917.14,0.1,517.02,Recurrente,Tarjeta,False,5.0
ORD-001265,2025-12-13,GDL-01,Occidente,Tienda,Electrónica,Monitor 24 pulgadas,1,3662.57,0.05,2388.81,Recurrente,Tarjeta,False,4.0
ORD-001291,2025-03-19,GDL-02,Occidente,Tienda,Deportes,Mancuernas 10 kg,1,928.59,0.0,515.86,Nuevo,Tarjeta,False,5.0
ORD-001965,2025-11-12,ZAP-01,Occidente,Online,Electrónica,Audífonos Bluetooth,1,748.59,0.0,397.72,Recurrente,Transferencia,False,4.0
ORD-002705,2025-09-21,VER-01,Golfo,Tienda,Deportes,Mancuernas 10 kg,4,869.43,0.1,522.53,Recurrente,Tarjeta,True,4.0
ORD-000531,2025-02-24,CHH-01,Norte,Online,Deportes,Tapete de yoga,2,393.27,0.05,160.83,Recurrente,Tarjeta,True,5.0
ORD-001247,2025-01-04,GDL-02,Occidente,Tienda,Hogar,Juego de sábanas,3,659.79,0.1,309.64,Recurrente,Tarjeta,False,3.0
ORD-002768,2025-10-12,GDL-02,Occidente,Online,Oficina,Organizador de escritorio,1,283.96,0.05,103.6,Recurrente,Transferencia,False,5.0
ORD-001869,2025-08-06,MTY-02,Norte,Online,Deportes,Tapete de yoga,6,413.55,0.2,159.22,Recurrente,Transferencia,False,2.0
ORD-000490,2025-07-15,ZAP-01,Occidente,Tienda,Electrónica,Audífonos Bluetooth,1,698.14,0.1,392.17,Nuevo,Efectivo,False,1.0
ORD-002103,2025-03-15,GDL-02,Occidente,Tienda,Oficina,Silla ergonómica,2,2842.48,0.0,1828.9,Empresa,Tarjeta,False,4.0
ORD-001733,2025-12-26,MTY-01,Norte,Online,Oficina,Organizador de escritorio,2,330.88,0.0,108.0,Recurrente,Tarjeta,False,4.0
ORD-002938,2025-03-21,ZAP-01,,Online,Deportes,Mochila deportiva,1,785.65,0.1,342.65,Recurrente,Tarjeta,False,5.0
ORD-002651,2025-06-19,ZAP-01,Occidente,Tienda,Oficina,Lámpara LED,4,548.77,0.15,245.67,Recurrente,Transferencia,False,4.0
ORD-001103,2025-09-05,ZAP-01,Occidente,Online,Oficina,Lámpara LED,6,567.15,0.15,242.44,Nuevo,Efectivo,False,5.0
ORD-003078,2025-03-01,MTY-02,Norte,Tienda,Deportes,Tapete de yoga,3,413.85,0.05,160.92,Nuevo,Tarjeta,False,5.0
ORD-003409,2025-12-24,VER-01,Golfo,Tienda,Hogar,Cafetera programable,4,1616.93,0.1,877.42,Recurrente,Tarjeta,False,4.0
ORD-002274,2025-12-15,MTY-02,Norte,Tienda,Oficina,Lámpara LED,2,596.54,0.0,238.38,Recurrente,Transferencia,False,4.0
ORD-001226,2025-08-27,CAN-01,Sureste,Tienda,Deportes,Mancuernas 10 kg,2,888.3,0.0,517.33,Nuevo,Tarjeta,False,5.0
ORD-002935,2025-12-14,CHH-01,Norte,Online,Deportes,Mochila deportiva,4,824.34,0.15,336.36,Recurrente,Transferencia,False,4.0
ORD-002405,2025-06-24,MER-01,Sureste,Online,Deportes,Tapete de yoga,2,388.98,0.0,160.25,Recurrente,Efectivo,False,5.0
ORD-003332,2025-09-10,CAN-01,Sureste,Online,Oficina,Silla ergonómica,3,2899.34,0.1,1830.06,Nuevo,Transferencia,False,5.0
ORD-001438,2025-03-16,ZAP-01,Occidente,Tienda,Electrónica,Teclado mecánico,4,1206.65,0.3,720.78,Nuevo,Tarjeta,False,4.0
ORD-000161,2025-01-02,MTY-02,Norte,Tienda,Hogar,Cafetera programable,1,1477.66,0.0,881.46,Nuevo,Tarjeta,False,3.0
ORD-001587,2025-11-14,CHH-01,Norte,Tienda,Hogar,Cafetera programable,2,1658.92,0.05,893.36,Recurrente,Tarjeta,False,4.0
ORD-001686,2025-07-30,GDL-02,Occidente,Tienda,Electrónica,Monitor 24 pulgadas,1,3202.57,0.1,2370.73,Recurrente,Efectivo,False,5.0
ORD-003497,2025-01-28,CAN-01,Sureste,Online,Electrónica,Audífonos Bluetooth,1,713.44,0.15,382.16,Recurrente,Tarjeta,False,1.0
ORD-002819,2025-10-31,MTY-02,Norte,Online,Hogar,Juego de sábanas,1,639.62,0.0,308.37,Recurrente,Efectivo,False,4.0
ORD-001453,2025-02-10,PUE-01,Centro,Tienda,Electrónica,Audífonos Bluetooth,1,696.38,0.05,388.52,Nuevo,Tarjeta,False,5.0
ORD-003248,2025-12-28,GDL-01,Occidente,Online,Electrónica,Teclado mecánico,3,1314.58,0.3,711.41,Recurrente,Tarjeta,False,4.0
ORD-001162,2025-07-26,PUE-01,Centro,Tienda,Electrónica,Audífonos Bluetooth,1,677.97,0.0,388.51,Recurrente,Tarjeta,False,5.0
ORD-002332,2025-10-19,GDL-02,Occidente,Tienda,Oficina,Organizador de escritorio,4,288.75,0.1,104.11,Recurrente,Tarjeta,False,5.0
ORD-002508,2025-09-30,CHH-01,Norte,Tienda,Electrónica,Monitor 24 pulgadas,2,3305.83,0.0,2350.38,Recurrente,Tarjeta,False,5.0
ORD-001482,2025-07-21,GDL-02,Occidente,Tienda,Hogar,Cafetera programable,5,1574.58,0.0,861.13,Nuevo,Transferencia,False,5.0
ORD-000632,2025-09-25,CDMX-01,Centro,Online,Hogar,Cafetera programable,5,1509.64,0.05,865.12,Recurrente,Tarjeta,True,5.0
ORD-003505,2025-05-10,CDMX-01,Centro,Online,Electrónica,Monitor 24 pulgadas,1,3311.7,0.15,2356.89,Nuevo,Efectivo,False,4.0
ORD-003159,2025-07-13,CHH-01,Norte,Online,Oficina,Lámpara LED,3,547.38,0.0,234.72,Recurrente,Efectivo,False,5.0
ORD-003067,2025-06-18,MER-01,Sureste,Tienda,Electrónica,Monitor 24 pulgadas,4,3193.46,0.05,2376.43,Recurrente,Tarjeta,False,4.0
ORD-001844,2025-03-06,MTY-02,Norte,Tienda,Oficina,Organizador de escritorio,2,279.56,0.0,104.57,Recurrente,Tarjeta,False,2.0
ORD-000835,2025-04-18,CHH-01,Norte,Online,Electrónica,Monitor 24 pulgadas,2,3378.15,0.1,2426.2,Nuevo,Tarjeta,False,3.0
ORD-001074,2025-11-03,GDL-02,Occidente,Tienda,Oficina,Organizador de escritorio,4,292.37,0.0,101.52,Nuevo,Tarjeta,False,4.0
ORD-001194,2025-07-27,CDMX-01,Centro,Tienda,Deportes,Mochila deportiva,1,790.99,0.1,333.68,Empresa,Tarjeta,False,5.0
ORD-001062,2025-05-11,CAN-01,Sureste,Online,Oficina,Silla ergonómica,2,2843.57,0.0,1840.79,Nuevo,Efectivo,False,4.0
ORD-002597,2025-09-06,MTY-01,Norte,Tienda,Oficina,Silla ergonómica,1,2845.63,0.15,1774.07,Recurrente,Efectivo,False,4.0
ORD-002073,2025-02-26,GDL-02,Occidente,Tienda,Oficina,Lámpara LED,1,553.47,0.15,235.55,Empresa,Tarjeta,True,3.0
ORD-002133,2025-09-16,GDL-02,Occidente,Tienda,Oficina,Lámpara LED,3,577.77,0.1,238.55,Nuevo,Tarjeta,False,4.0
ORD-003384,2025-11-18,CAN-01,Sureste,Tienda,Electrónica,Audífonos Bluetooth,1,752.03,0.0,393.81,Recurrente,Transferencia,False,4.0
ORD-000700,2025-08-27,MTY-02,Norte,Tienda,Electrónica,Teclado mecánico,1,1294.13,0.0,693.75,Nuevo,Efectivo,False,4.0
ORD-000850,2025-09-22,VER-01,Golfo,Tienda,Oficina,Silla ergonómica,2,3026.3,0.3,1853.59,Nuevo,Efectivo,False,4.0
ORD-003207,2025-05-27,VER-01,Golfo,Tienda,Deportes,Tapete de yoga,1,411.26,0.1,157.84,Nuevo,Tarjeta,False,4.0
ORD-000072,2025-02-28,GDL-02,Occidente,Tienda,Deportes,Tapete de yoga,2,409.4,0.3,161.47,Nuevo,Tarjeta,False,4.0
ORD-003449,2025-09-01,CDMX-02,Centro,Tienda,Deportes,Mancuernas 10 kg,5,911.97,0.2,526.61,Recurrente,Tarjeta,False,4.0
ORD-001151,2025-05-28,PUE-01,Centro,Tienda,Electrónica,Audífonos Bluetooth,2,683.53,0.0,375.31,Nuevo,Transferencia,False,4.0
ORD-002098,2025-12-29,CAN-01,Sureste,Online,Hogar,Juego de sábanas,5,698.73,0.05,312.39,Recurrente,Efectivo,False,4.0
ORD-002275,2025-07-03,CDMX-02,Centro,Online,Hogar,Cafetera programable,1,1452.63,0.05,883.48,Nuevo,Efectivo,False,4.0
ORD-000236,2025-07-15,ZAP-01,Occidente,Tienda,Oficina,Organizador de escritorio,5,279.95,0.0,104.74,Nuevo,Efectivo,False,5.0
ORD-001396,2025-04-14,MTY-02,Norte,Online,Oficina,Organizador de escritorio,4,280.61,0.05,106.11,Nuevo,Tarjeta,False,3.0
ORD-001400,2025-01-08,CAN-01,Sureste,Tienda,Hogar,Cafetera programable,2,1564.36,0.0,850.19,Recurrente,Tarjeta,False,4.0
ORD-001048,2025-03-17,GDL-01,Occidente,Tienda,Hogar,Licuadora,1,1037.63,0.05,550.58,Nuevo,Tarjeta,False,4.0
ORD-002827,2025-10-02,CDMX-02,Centro,Tienda,Oficina,Silla ergonómica,4,2917.45,0.1,1815.66,Recurrente,Tarjeta,False,4.0
ORD-002242,2025-06-28,PUE-01,Centro,Tienda,Hogar,Licuadora,5,972.4,0.0,554.91,Nuevo,Tarjeta,False,3.0
ORD-000709,2025-04-09,ZAP-01,Occidente,Tienda,Hogar,Juego de sábanas,2,619.63,0.15,305.37,Recurrente,Efectivo,False,3.0
ORD-003363,2025-02-03,ZAP-01,Occidente,Online,Deportes,Tapete de yoga,3,398.8,0.05,160.83,Recurrente,Tarjeta,False,4.0
ORD-001244,2025-09-21,PUE-01,Centro,Tienda,Hogar,Cafetera programable,4,1514.58,0.2,870.73,Recurrente,Tarjeta,False,4.0
ORD-001959,2025-07-29,CDMX-01,Centro,Tienda,Oficina,Lámpara LED,2,550.75,0.2,244.4,Recurrente,Transferencia,False,5.0
ORD-002537,2025-02-11,MER-01,Sureste,Tienda,Deportes,Mancuernas 10 kg,4,902.61,0.0,520.09,Empresa,Tarjeta,False,5.0
ORD-000489,2025-12-28,CHH-01,Norte,Tienda,Oficina,Organizador de escritorio,6,314.17,0.15,104.95,Recurrente,Tarjeta,False,4.0
ORD-000570,2025-05-15,CHH-01,Norte,Tienda,Deportes,Tapete de yoga,4,383.12,0.1,162.53,Nuevo,Efectivo,False,2.0
ORD-002479,2025-04-21,MTY-01,Norte,Tienda,Electrónica,Teclado mecánico,3,1169.05,0.05,739.45,Nuevo,Tarjeta,False,3.0
ORD-003555,2025-04-20,VER-01,Golfo,Tienda,Hogar,Cafetera programable,1,1475.24,0.0,862.83,Nuevo,Tarjeta,False,4.0
ORD-003073,2025-07-04,VER-01,Golfo,Online,Hogar,Juego de sábanas,3,666.87,0.05,313.53,Recurrente,Efectivo,False,4.0
ORD-001758,2025-12-28,CDMX-01,Centro,Tienda,Deportes,Mancuernas 10 kg,4,989.26,0.05,528.32,Recurrente,Tarjeta,False,5.0
ORD-000744,2025-05-31,VER-01,Golfo,Online,Deportes,Tapete de yoga,1,402.21,0.1,158.99,Nuevo,Tarjeta,False,5.0
ORD-002254,2025-03-20,GDL-02,Occidente,Tienda,Deportes,Tapete de yoga,2,395.46,0.1,159.63,Nuevo,Tarjeta,False,5.0
ORD-000445,2025-02-27,VER-01,Golfo,Online,Hogar,Cafetera programable,1,1520.2,0.15,882.51,Nuevo,Tarjeta,False,4.0
ORD-001912,2025-08-24,CHH-01,Norte,Tienda,Deportes,Mochila deportiva,1,750.79,0.0,342.34,Recurrente,Tarjeta,False,4.0
ORD-000458,2025-05-25,CDMX-02,Centro,Tienda,Deportes,Mancuernas 10 kg,4,867.27,0.0,515.59,Empresa,Tarjeta,False,4.0
ORD-001514,2025-01-02,MER-01,Sureste,Tienda,Electrónica,Teclado mecánico,4,1195.46,0.15,722.07,Recurrente,Efectivo,False,5.0
ORD-002126,2025-08-04,MER-01,Sureste,Tienda,Electrónica,Audífonos Bluetooth,1,692.26,0.15,386.0,Recurrente,Tarjeta,False,5.0
ORD-001996,2025-04-28,CAN-01,Sureste,Online,Hogar,Cafetera programable,1,1494.08,0.2,853.46,Nuevo,Tarjeta,False,4.0
ORD-003392,2025-05-22,CHH-01,Norte,Tienda,Deportes,Mochila deportiva,3,712.36,0.05,337.95,Recurrente,Efectivo,False,2.0
ORD-000005,2025-04-02,PUE-01,Centro,Online,Electrónica,Teclado mecánico,1,1122.62,0.1,730.28,Nuevo,Tarjeta,False,4.0
ORD-001945,2025-03-19,MTY-02,Norte,Tienda,Deportes,Mochila deportiva,2,719.33,0.2,339.62,Recurrente,Efectivo,False,3.0
ORD-002276,2025-06-15,MER-01,Sureste,Online,Oficina,Organizador de escritorio,5,288.31,0.1,106.53,Recurrente,Tarjeta,False,5.0
ORD-001767,2025-07-22,CDMX-02,Centro,Tienda,Electrónica,Teclado mecánico,2,1169.09,0.1,712.49,Recurrente,Tarjeta,False,5.0
ORD-002268,2025-05-01,CDMX-01,Centro,Tienda,Hogar,Juego de sábanas,1,623.92,0.1,299.5,Nuevo,Tarjeta,False,4.0
ORD-002269,2025-10-08,CHH-01,Norte,Tienda,Hogar,Cafetera programable,1,1557.89,0.2,866.85,Recurrente,Transferencia,False,3.0
ORD-002466,2025-05-20,VER-01,Golfo,Online,Hogar,Juego de sábanas,1,638.57,0.0,304.39,Empresa,Transferencia,False,3.0
ORD-003022,2025-08-28,GDL-01,Occidente,Online,Hogar,Licuadora,2,1048.96,0.05,551.35,Nuevo,Tarjeta,False,3.0
ORD-001953,2025-01-19,GDL-02,Occidente,Online,Deportes,Tapete de yoga,3,417.39,0.1,159.87,Nuevo,Efectivo,False,2.0
ORD-001832,2025-05-08,CDMX-01,Centro,Tienda,Hogar,Licuadora,1,1041.9,0.0,556.47,Nuevo,Tarjeta,False,1.0
ORD-001889,2025-03-02,VER-01,Golfo,Tienda,Deportes,Mancuernas 10 kg,1,896.18,0.0,508.2,Recurrente,Tarjeta,False,5.0
ORD-000301,2025-11-18,CDMX-01,Centro,Online,Hogar,Juego de sábanas,5,678.55,0.0,305.69,Recurrente,Tarjeta,False,5.0
ORD-003597,2025-04-05,MTY-02,Norte,Tienda,Electrónica,Audífonos Bluetooth,2,715.11,1.25,397.55,Empresa,Efectivo,False,4.0
ORD-002078,2025-06-07,VER-01,Golfo,Online,Oficina,Lámpara LED,3,552.49,0.0,241.98,Recurrente,Tarjeta,False,4.0
ORD-003057,2025-01-20,GDL-02,Occidente,Tienda,Deportes,Mochila deportiva,2,761.38,0.0,341.97,Recurrente,Efectivo,False,4.0
ORD-000555,2025-06-19,PUE-01,Centro,Tienda,Electrónica,Monitor 24 pulgadas,2,3286.4,0.0,2338.28,Recurrente,Tarjeta,False,5.0
ORD-000223,2025-02-02,CDMX-02,Centro,Online,Electrónica,Monitor 24 pulgadas,4,3230.75,0.0,2335.9,Nuevo,Tarjeta,True,5.0
ORD-003446,2025-05-18,CDMX-01,Centro,Tienda,Electrónica,Teclado mecánico,1,1183.26,0.0,710.49,Recurrente,Tarjeta,False,3.0
ORD-002803,2025-03-09,VER-01,Golfo,Tienda,Hogar,Juego de sábanas,2,646.55,0.2,312.99,Nuevo,Transferencia,False,5.0
ORD-000147,2025-07-12,CHH-01,Norte,Online,Deportes,Tapete de yoga,1,410.33,0.1,159.08,Recurrente,Tarjeta,False,4.0
ORD-002057,2025-03-12,GDL-02,Occidente,Tienda,Hogar,Cafetera programable,4,1476.59,0.1,879.72,Empresa,Tarjeta,False,5.0
ORD-001888,2025-01-31,VER-01,Golfo,Tienda,Electrónica,Audífonos Bluetooth,4,712.03,0.0,377.59,Recurrente,Tarjeta,False,5.0
ORD-001059,2025-02-11,CDMX-01,Centro,Online,Oficina,Organizador de escritorio,1,285.73,0.05,104.91,Nuevo,Tarjeta,False,4.0
ORD-000367,2025-05-06,MER-01,Sureste,Tienda,Hogar,Juego de sábanas,4,634.46,0.05,305.87,Nuevo,Tarjeta,False,4.0
ORD-001391,2025-11-06,CHH-01,Norte,Tienda,Electrónica,Teclado mecánico,1,1307.16,0.2,709.57,Empresa,Tarjeta,False,4.0
ORD-001968,2025-03-13,MER-01,Sureste,Tienda,Electrónica,Audífonos Bluetooth,1,716.61,0.05,385.29,Recurrente,Tarjeta,False,4.0
ORD-003323,2025-09-10,CAN-01,Sureste,Tienda,Electrónica,Teclado mecánico,1,1240.76,0.05,716.65,Nuevo,Efectivo,False,4.0
ORD-000142,2025-05-10,MTY-02,Norte,Tienda,Hogar,Licuadora,4,996.35,0.05,555.18,Nuevo,Tarjeta,False,3.0
ORD-000472,2025-10-20,MER-01,Sureste,Online,Deportes,Tapete de yoga,6,393.77,0.05,160.58,Nuevo,Transferencia,False,5.0
ORD-001306,2025-08-11,VER-01,Golfo,Tienda,Electrónica,Audífonos Bluetooth,1,680.35,0.0,390.04,Nuevo,Tarjeta,False,5.0
ORD-001203,2025-06-02,GDL-01,Occidente,Tienda,Hogar,Cafetera programable,2,1492.85,0.05,858.2,Recurrente,Tarjeta,False,4.0
ORD-001913,2025-02-11,CDMX-02,Centro,Online,Electrónica,Audífonos Bluetooth,1,674.85,0.3,378.76,Nuevo,Tarjeta,False,1.0
ORD-001723,2025-07-09,CDMX-01,Centro,Tienda,Hogar,Cafetera programable,2,1505.76,0.05,862.11,Recurrente,Tarjeta,True,5.0
ORD-000532,2025-11-05,CDMX-01,Centro,Tienda,Oficina,Organizador de escritorio,2,327.42,0.15,104.41,Recurrente,Tarjeta,False,1.0
ORD-000286,2025-08-21,MTY-01,Norte,Tienda,Hogar,Juego de sábanas,1,651.16,0.0,302.17,Recurrente,Efectivo,False,4.0
ORD-003404,2025-01-13,MER-01,Sureste,Online,Oficina,Lámpara LED,1,542.03,0.15,239.3,Nuevo,Efectivo,False,5.0
ORD-001895,2025-11-13,CHH-01,Norte,Tienda,Hogar,Cafetera programable,2,1702.95,0.1,863.23,Recurrente,Tarjeta,False,3.0
ORD-000791,2025-05-06,PUE-01,Centro,Online,Deportes,Tapete de yoga,1,396.41,0.0,158.48,Nuevo,Tarjeta,False,5.0
ORD-002205,2025-05-01,CDMX-01,Centro,Online,Oficina,Silla ergonómica,1,2747.01,0.0,1826.39,Recurrente,Tarjeta,False,5.0
ORD-000459,2025-10-16,CHH-01,Norte,Online,Deportes,Tapete de yoga,4,407.38,0.05,162.05,Recurrente,Tarjeta,False,4.0
ORD-002436,2025-11-27,GDL-02,Occidente,Tienda,Electrónica,Audífonos Bluetooth,2,776.32,0.05,386.31,Recurrente,Tarjeta,False,3.0
ORD-002896,2025-04-08,MER-01,Sureste,Tienda,Electrónica,Monitor 24 pulgadas,3,3377.71,0.0,2321.41,Recurrente,Tarjeta,False,5.0
ORD-000007,2025-02-24,GDL-01,Occidente,Tienda,Deportes,Mochila deportiva,2,747.48,0.0,343.59,Nuevo,Tarjeta,False,4.0
ORD-003039,2025-02-23,ZAP-01,Occidente,Tienda,Deportes,Mochila deportiva,1,760.03,0.0,341.36,Nuevo,Tarjeta,False,3.0
ORD-000948,2025-12-20,CHH-01,Norte,Online,Oficina,Lámpara LED,2,624.51,0.15,242.89,Recurrente,Tarjeta,False,4.0
ORD-002237,2025-11-23,CHH-01,Norte,Tienda,Oficina,Lámpara LED,1,599.41,0.05,234.63,Recurrente,Efectivo,False,1.0
ORD-000685,2025-11-25,MTY-02,Norte,Tienda,Deportes,Mancuernas 10 kg,1,1004.54,0.1,517.04,Nuevo,Tarjeta,False,3.0
ORD-000339,2025-03-20,CDMX-02,Centro,Online,Hogar,Cafetera programable,1,1475.79,0.05,866.26,Empresa,Transferencia,False,3.0
ORD-002147,2025-09-13,PUE-01,Centro,Online,Oficina,Organizador de escritorio,2,283.55,0.05,105.07,Recurrente,Transferencia,False,2.0
ORD-000597,2025-07-03,MER-01,Sureste,Online,Deportes,Tapete de yoga,6,418.69,0.0,158.03,Nuevo,Tarjeta,False,3.0
ORD-001044,2025-01-23,GDL-01,Occidente,Tienda,Deportes,Tapete de yoga,1,413.08,0.0,155.99,Recurrente,Tarjeta,False,4.0
ORD-002122,2025-02-12,CDMX-02,Centro,Tienda,Oficina,Organizador de escritorio,1,283.49,0.15,104.41,Recurrente,Tarjeta,False,4.0
ORD-001866,2025-06-23,VER-01,Golfo,Tienda,Deportes,Mancuernas 10 kg,1,902.96,0.1,520.43,Recurrente,Efectivo,False,4.0
ORD-003014,2025-02-07,MTY-01,Norte,Online,Hogar,Juego de sábanas,1,672.83,0.0,304.14,Nuevo,Efectivo,False,5.0
ORD-003348,2025-03-19,MER-01,Sureste,Online,Electrónica,Monitor 24 pulgadas,5,3255.19,0.15,2398.5,Recurrente,Efectivo,False,4.0
ORD-000121,2025-02-26,PUE-01,Centro,Tienda,Deportes,Mochila deportiva,3,734.84,0.05,327.84,Recurrente,Efectivo,False,4.0
ORD-003050,2025-06-10,CHH-01,Norte,Tienda,Electrónica,Monitor 24 pulgadas,2,3352.0,0.0,2381.08,Nuevo,Tarjeta,False,5.0
ORD-001939,2025-11-11,PUE-01,Centro,Tienda,Electrónica,Audífonos Bluetooth,4,784.72,0.05,383.85,Recurrente,Tarjeta,False,5.0
ORD-000086,2025-06-06,GDL-01,Occidente,Tienda,Hogar,Licuadora,3,1027.54,0.15,554.68,Nuevo,Tarjeta,False,3.0
ORD-003066,2025-07-15,GDL-01,Occidente,Online,Electrónica,Monitor 24 pulgadas,1,3417.36,0.0,2350.59,Nuevo,Tarjeta,False,4.0
ORD-002381,2025-07-04,CDMX-01,Centro,Tienda,Deportes,Tapete de yoga,1,400.46,0.15,160.95,Nuevo,Efectivo,False,4.0
ORD-002927,2025-10-19,MTY-01,Norte,Tienda,Oficina,Organizador de escritorio,2,300.37,0.0,106.42,Recurrente,Tarjeta,False,5.0
ORD-000775,2025-11-10,GDL-01,Occidente,Online,Electrónica,Monitor 24 pulgadas,1,3694.59,0.0,2302.71,Empresa,Tarjeta,False,4.0
ORD-001672,2025-11-11,MER-01,Sureste,Tienda,Deportes,Tapete de yoga,1,440.16,0.2,159.98,Nuevo,Efectivo,False,4.0
ORD-002138,2025-10-17,GDL-01,Occidente,Tienda,Oficina,Silla ergonómica,5,2787.69,0.05,1788.27,Recurrente,Tarjeta,False,5.0
ORD-001989,2025-12-13,PUE-01,Centro,Online,Deportes,Mancuernas 10 kg,2,998.82,0.1,526.05,Recurrente,Efectivo,False,2.0
ORD-002345,2025-09-21,VER-01,Golfo,Tienda,Oficina,Organizador de escritorio,1,301.43,0.2,106.69,Recurrente,Tarjeta,False,4.0
ORD-001757,2025-07-26,PUE-01,Centro,Tienda,Hogar,Licuadora,2,1051.16,0.0,555.84,Recurrente,Tarjeta,False,4.0
ORD-000588,2025-09-06,MTY-02,Norte,Tienda,Electrónica,Teclado mecánico,2,1190.73,0.05,728.97,Empresa,Tarjeta,False,3.0
ORD-001555,2025-12-31,MER-01,Sureste,Tienda,Deportes,Mancuernas 10 kg,2,964.79,0.2,523.49,Nuevo,Tarjeta,False,5.0
ORD-002704,2025-06-24,CDMX-02,Centro,Tienda,Oficina,Organizador de escritorio,1,283.81,0.0,105.09,Nuevo,Tarjeta,False,3.0
ORD-002968,2025-07-03,MER-01,Sureste,Tienda,Deportes,Mancuernas 10 kg,1,887.78,0.1,513.04,Nuevo,Tarjeta,False,4.0
ORD-002750,2025-01-20,MER-01,Sureste,Online,Deportes,Mancuernas 10 kg,1,911.57,0.2,522.55,Nuevo,Tarjeta,False,4.0
ORD-000322,2025-12-20,MER-01,Sureste,Online,Deportes,Mancuernas 10 kg,1,999.97,0.05,535.52,Recurrente,Transferencia,False,5.0
ORD-002993,2025-12-13,CHH-01,Norte,Tienda,Electrónica,Monitor 24 pulgadas,2,3554.12,0.0,2354.9,Nuevo,Tarjeta,False,4.0
ORD-001055,2025-05-01,CDMX-02,Centro,Tienda,Hogar,Cafetera programable,5,1539.09,0.05,892.89,Nuevo,Tarjeta,False,5.0
ORD-001047,2025-12-09,MTY-02,Norte,Tienda,Oficina,Lámpara LED,1,608.93,0.1,239.86,Recurrente,Transferencia,False,4.0
ORD-003015,2025-09-24,CDMX-01,Centro,Tienda,Hogar,Licuadora,4,979.72,0.1,573.08,Nuevo,Tarjeta,False,4.0
ORD-002279,2025-10-19,MTY-01,Norte,Tienda,Deportes,Mancuernas 10 kg,2,928.94,0.1,520.75,Recurrente,Efectivo,False,4.0
ORD-001765,2025-07-20,MTY-01,Norte,Tienda,Hogar,Juego de sábanas,3,650.65,0.1,310.93,Recurrente,Tarjeta,False,4.0
ORD-001699,2025-12-18,CDMX-01,Centro,Tienda,Electrónica,Teclado mecánico,2,1324.24,0.1,718.2,Recurrente,Tarjeta,False,2.0
ORD-000270,2025-07-04,MTY-02,Norte,Tienda,Hogar,Cafetera programable,4,1546.84,0.0,837.51,Recurrente,Efectivo,False,3.0
ORD-001876,2025-08-01,ZAP-01,Occidente,Tienda,Electrónica,Monitor 24 pulgadas,3,3275.94,0.2,2353.36,Recurrente,Tarjeta,False,3.0
ORD-000715,2025-11-15,GDL-01,Occidente,Tienda,Deportes,Mancuernas 10 kg,1,1006.91,0.0,517.24,Recurrente,Tarjeta,False,3.0
ORD-002972,2025-05-22,MTY-02,Norte,Tienda,Electrónica,Audífonos Bluetooth,2,709.95,0.1,382.37,Recurrente,Efectivo,False,4.0
ORD-000922,2025-12-07,MTY-02,Norte,Online,Electrónica,Teclado mecánico,2,1361.13,0.1,734.16,Recurrente,Tarjeta,True,3.0
ORD-000408,2025-02-13,VER-01,Golfo,Tienda,Hogar,Cafetera programable,3,1515.45,0.15,890.6,Recurrente,Tarjeta,False,5.0
ORD-002945,2025-08-14,VER-01,Golfo,Online,Oficina,Lámpara LED,2,531.19,0.0,234.47,Nuevo,Tarjeta,False,3.0
ORD-002348,2025-06-13,CDMX-02,Centro,Tienda,Oficina,Lámpara LED,2,558.99,0.0,240.47,Recurrente,Tarjeta,False,4.0
ORD-002591,2025-11-14,VER-01,Golfo,Tienda,Hogar,Juego de sábanas,2,720.75,0.05,305.06,Recurrente,Transferencia,False,5.0
ORD-000682,2025-02-10,GDL-02,Occidente,Tienda,Hogar,Licuadora,1,1005.71,0.05,552.37,Recurrente,Tarjeta,False,3.0
ORD-001013,2025-05-12,CAN-01,Sureste,Tienda,Deportes,Mancuernas 10 kg,1,914.38,0.05,507.54,Recurrente,Transferencia,False,5.0
ORD-001544,2025-06-01,ZAP-01,Occidente,Tienda,Electrónica,Monitor 24 pulgadas,5,3242.41,0.1,2298.63,Nuevo,Efectivo,False,4.0
ORD-001883,2025-08-04,VER-01,Golfo,Tienda,Oficina,Silla ergonómica,2,2799.23,0.1,1838.18,Empresa,Tarjeta,False,5.0
ORD-002079,2025-02-03,MTY-02,Norte,Tienda,Deportes,Mancuernas 10 kg,2,888.83,0.0,512.45,Recurrente,Efectivo,False,5.0
ORD-001593,2025-09-15,MTY-02,Norte,Tienda,Hogar,Juego de sábanas,5,649.66,0.15,317.67,Nuevo,Tarjeta,False,3.0
ORD-000026,2025-09-07,CHH-01,Norte,Tienda,Electrónica,Teclado mecánico,2,1211.76,0.0,713.24,Recurrente,Efectivo,False,4.0
ORD-001626,2025-11-02,VER-01,Golfo,Tienda,Deportes,Mochila deportiva,1,817.46,0.2,342.12,Nuevo,Transferencia,False,5.0
ORD-003246,2025-05-11,CHH-01,Norte,Tienda,Deportes,Mochila deportiva,3,761.15,0.05,341.57,Nuevo,Tarjeta,False,4.0
ORD-000550,2025-03-21,CDMX-02,Centro,Online,Deportes,Mochila deportiva,5,752.31,0.15,336.58,Recurrente,Tarjeta,False,4.0
ORD-001618,2025-03-15,MER-01,Sureste,Tienda,Electrónica,Teclado mecánico,1,1191.65,0.3,723.76,Recurrente,Tarjeta,False,5.0
ORD-003595,2025-06-29,PUE-01,Centro,Tienda,Hogar,Juego de sábanas,1,633.61,0.2,308.75,Nuevo,Tarjeta,False,1.0
ORD-002811,2025-03-17,GDL-02,Occidente,Tienda,Electrónica,Monitor 24 pulgadas,1,3272.59,0.05,2356.99,Empresa,Tarjeta,False,3.0
ORD-000523,2025-12-10,VER-01,Golfo,Tienda,Oficina,Silla ergonómica,5,3262.81,0.1,1801.75,Empresa,Tarjeta,False,5.0
ORD-000475,2025-08-30,CAN-01,Sureste,Online,Deportes,Tapete de yoga,4,394.64,0.05,157.71,Recurrente,Tarjeta,False,4.0
ORD-003172,2025-07-15,CDMX-02,Centro,Tienda,Deportes,Mochila deportiva,2,713.4,0.05,341.89,Recurrente,Tarjeta,False,4.0
ORD-002853,2025-11-24,CHH-01,Norte,Tienda,Hogar,Licuadora,2,1070.07,0.05,565.55,Recurrente,Tarjeta,False,5.0
ORD-002533,2025-12-21,ZAP-01,Occidente,Tienda,Oficina,Organizador de escritorio,2,325.16,0.15,103.34,Recurrente,Tarjeta,False,5.0
ORD-000053,2025-05-20,MTY-01,Norte,Tienda,Hogar,Licuadora,1,1028.67,0.15,573.56,Recurrente,Efectivo,False,4.0
ORD-001362,2025-04-24,GDL-02,Occidente,Tienda,Oficina,Lámpara LED,2,558.09,0.0,245.92,Empresa,Tarjeta,False,
ORD-001585,2025-11-14,MTY-01,Norte,Tienda,Deportes,Mochila deportiva,5,824.05,0.15,333.9,Recurrente,Tarjeta,True,5.0
ORD-000088,2025-09-08,GDL-01,Occidente,Tienda,Oficina,Organizador de escritorio,3,300.17,0.15,105.13,Recurrente,Tarjeta,False,5.0
ORD-000729,2025-01-01,PUE-01,Centro,Online,Oficina,Lámpara LED,1,545.96,0.05,237.32,Nuevo,Transferencia,False,4.0
ORD-003238,2025-04-26,CHH-01,Norte,Online,Oficina,Silla ergonómica,4,2834.0,0.2,1826.63,Recurrente,Tarjeta,False,5.0
ORD-001441,2025-06-01,ZAP-01,Occidente,Tienda,Electrónica,Audífonos Bluetooth,2,690.83,0.05,387.44,Recurrente,Efectivo,False,4.0
ORD-003031,2025-11-19,GDL-01,Occidente,Tienda,Deportes,Tapete de yoga,1,452.63,0.0,158.89,Recurrente,Tarjeta,False,3.0
ORD-000978,2025-01-16,GDL-02,Occidente,Online,Electrónica,Monitor 24 pulgadas,2,3315.89,0.05,2370.57,Recurrente,Tarjeta,False,5.0
ORD-000892,2025-07-10,VER-01,Golfo,Tienda,Hogar,Juego de sábanas,1,660.43,0.15,302.22,Empresa,Tarjeta,False,5.0
ORD-001849,2025-08-17,CDMX-02,Centro,Online,Deportes,Tapete de yoga,2,408.58,0.0,158.33,Empresa,Tarjeta,False,5.0
ORD-000669,2025-10-01,GDL-01,Occidente,Online,Oficina,Lámpara LED,2,567.8,0.0,239.13,Recurrente,Tarjeta,True,1.0
ORD-002868,2025-01-17,ZAP-01,Occidente,Tienda,Hogar,Juego de sábanas,3,645.77,0.0,318.47,Nuevo,Tarjeta,False,5.0
ORD-000969,2025-07-19,MER-01,Sureste,Online,Hogar,Cafetera programable,1,1505.48,0.1,861.63,Recurrente,Tarjeta,False,4.0
ORD-001718,2025-05-28,MTY-01,Norte,Tienda,Oficina,Lámpara LED,3,546.44,0.1,240.19,Nuevo,Tarjeta,False,3.0
ORD-000977,2025-03-15,MER-01,Sureste,Tienda,Electrónica,Teclado mecánico,2,1211.53,0.1,702.03,Nuevo,Efectivo,False,5.0
ORD-002241,2025-07-05,ZAP-01,Occidente,Tienda,Oficina,Organizador de escritorio,1,284.32,0.1,104.69,Empresa,Tarjeta,False,3.0
ORD-001940,2025-01-03,VER-01,Golfo,Online,Electrónica,Audífonos Bluetooth,4,673.71,0.0,378.28,Nuevo,Tarjeta,True,4.0
ORD-001416,2025-09-04,MTY-01,Norte,Online,Electrónica,Monitor 24 pulgadas,2,3173.49,0.0,2310.47,Nuevo,Efectivo,True,5.0
ORD-000171,2025-12-11,MTY-01,Norte,Tienda,Electrónica,Audífonos Bluetooth,1,771.47,0.2,389.52,Nuevo,Tarjeta,False,1.0
ORD-001796,2025-04-27,CHH-01,Norte,Online,Oficina,Silla ergonómica,2,2934.51,0.05,1769.88,Recurrente,Tarjeta,False,5.0
ORD-000796,2025-07-15,GDL-01,Occidente,Tienda,Oficina,Lámpara LED,1,555.92,0.0,236.58,Recurrente,Tarjeta,False,5.0
ORD-000074,2025-03-31,CDMX-01,Centro,Online,Electrónica,Teclado mecánico,2,1177.41,0.1,701.73,Recurrente,Transferencia,False,4.0
ORD-001292,2025-02-26,PUE-01,,Tienda,Deportes,Mochila deportiva,4,757.33,0.2,346.32,Nuevo,Tarjeta,False,4.0
ORD-002318,2025-11-13,ZAP-01,Occidente,Tienda,Hogar,Juego de sábanas,3,678.13,0.1,301.08,Empresa,Efectivo,False,4.0
ORD-001899,2025-02-09,MER-01,Sureste,Tienda,Oficina,Organizador de escritorio,1,290.34,0.1,105.67,Recurrente,Tarjeta,False,2.0
ORD-002443,2025-06-03,PUE-01,Centro,Online,Deportes,Mochila deportiva,6,740.62,0.05,346.04,Recurrente,Tarjeta,False,3.0
ORD-000879,2025-02-09,GDL-02,Occidente,Tienda,Hogar,Cafetera programable,1,1517.16,0.0,861.83,Recurrente,Efectivo,False,3.0
ORD-003224,2025-03-14,GDL-02,Occidente,Online,Deportes,Mancuernas 10 kg,1,889.31,0.0,511.91,Recurrente,Tarjeta,True,5.0
ORD-003367,2025-09-04,GDL-01,Occidente,Tienda,Electrónica,Audífonos Bluetooth,5,730.58,0.0,383.75,Recurrente,Efectivo,False,2.0
ORD-000434,2025-09-12,MTY-02,Norte,Online,Hogar,Juego de sábanas,1,628.78,0.05,306.45,Nuevo,Efectivo,False,5.0
ORD-002760,2025-06-26,VER-01,Golfo,Tienda,Oficina,Lámpara LED,3,538.41,0.05,242.78,Empresa,Transferencia,False,4.0
ORD-001469,2025-01-22,VER-01,Golfo,Tienda,Hogar,Cafetera programable,1,1471.02,0.05,859.26,Nuevo,Tarjeta,False,4.0
ORD-000118,2025-11-27,CDMX-02,Centro,Tienda,Oficina,Lámpara LED,2,586.6,0.05,243.3,Empresa,Tarjeta,False,5.0
ORD-000323,2025-02-09,CDMX-01,Centro,Online,Deportes,Mochila deportiva,1,793.46,0.0,341.64,Nuevo,Tarjeta,False,3.0
ORD-002352,2025-08-15,CDMX-01,Centro,Tienda,Oficina,Silla ergonómica,2,2805.08,0.1,1834.0,Recurrente,Efectivo,False,
ORD-002969,2025-10-04,GDL-02,Occidente,Online,Oficina,Lámpara LED,1,544.45,0.1,239.29,Nuevo,Transferencia,True,5.0
ORD-000084,2025-02-12,CDMX-01,Centro,Tienda,Hogar,Cafetera programable,1,1501.87,0.1,866.44,Recurrente,Transferencia,False,3.0
ORD-000338,2025-04-16,VER-01,Golfo,Tienda,Oficina,Silla ergonómica,2,2857.05,0.0,1839.95,Nuevo,Tarjeta,False,4.0
ORD-002723,2025-01-06,GDL-01,Occidente,Online,Hogar,Licuadora,2,1006.97,0.2,570.93,Nuevo,Tarjeta,False,4.0
ORD-002864,2025-08-28,GDL-01,Occidente,Tienda,Oficina,Silla ergonómica,2,2857.14,0.05,1820.11,Recurrente,Efectivo,False,2.0
ORD-000329,2025-01-10,ZAP-01,Occidente,Tienda,Oficina,Organizador de escritorio,2,290.15,0.0,103.64,Recurrente,Tarjeta,False,4.0
ORD-000805,2025-01-12,CHH-01,Norte,Tienda,Deportes,Tapete de yoga,4,402.88,0.2,158.62,Recurrente,Tarjeta,False,4.0
ORD-000417,2025-01-20,CHH-01,Norte,Tienda,Hogar,Juego de sábanas,3,667.54,0.0,315.47,Nuevo,Tarjeta,False,4.0
ORD-003314,2025-02-03,CHH-01,Norte,Online,Oficina,Lámpara LED,1,554.28,0.05,241.54,Recurrente,Efectivo,False,5.0
ORD-001914,2025-03-03,ZAP-01,Occidente,Tienda,Electrónica,Teclado mecánico,3,1190.16,0.15,717.81,Recurrente,Efectivo,False,4.0
ORD-002412,2025-09-01,CDMX-02,Centro,Tienda,Oficina,Silla ergonómica,2,2921.27,0.0,1845.59,Nuevo,Tarjeta,False,3.0
ORD-001578,2025-11-03,MTY-01,Norte,Tienda,Deportes,Tapete de yoga,2,450.22,0.15,160.04,Recurrente,Efectivo,False,3.0
ORD-000163,2025-12-05,MER-01,Sureste,Tienda,Deportes,Tapete de yoga,5,434.89,0.0,160.45,Empresa,Efectivo,False,4.0
ORD-003097,2025-07-29,VER-01,Golfo,Tienda,Deportes,Mochila deportiva,2,743.07,0.3,338.63,Nuevo,Tarjeta,False,3.0
ORD-000745,2025-12-13,PUE-01,Centro,Tienda,Oficina,Organizador de escritorio,2,327.61,0.05,108.27,Empresa,Tarjeta,True,2.0
ORD-002429,2025-05-10,GDL-01,Occidente,Online,Deportes,Tapete de yoga,2,396.41,0.3,157.97,Recurrente,Transferencia,False,5.0
ORD-001716,2025-07-23,GDL-01,Occidente,Online,Oficina,Organizador de escritorio,1,288.69,0.3,109.31,Recurrente,Tarjeta,False,5.0
ORD-002959,2025-05-02,MTY-02,Norte,Tienda,Electrónica,Audífonos Bluetooth,4,692.48,0.1,397.32,Recurrente,Tarjeta,False,5.0
ORD-001214,2025-07-31,MTY-02,Norte,Tienda,Deportes,Mochila deportiva,2,747.99,0.15,344.82,Recurrente,Tarjeta,False,3.0
ORD-002076,2025-04-21,CAN-01,Sureste,Online,Oficina,Silla ergonómica,1,2851.47,0.3,1846.72,Nuevo,Tarjeta,True,4.0
ORD-003493,2025-08-19,VER-01,Golfo,Online,Oficina,Organizador de escritorio,1,300.61,0.1,104.97,Recurrente,Efectivo,False,4.0
ORD-002039,2025-01-04,MTY-01,Norte,Tienda,Oficina,Silla ergonómica,5,2958.37,0.1,1836.76,Recurrente,Efectivo,False,4.0
ORD-001185,2025-02-19,ZAP-01,Occidente,Tienda,Hogar,Cafetera programable,4,1531.2,0.1,843.13,Recurrente,Tarjeta,False,4.0
ORD-003405,2025-03-16,CAN-01,Sureste,Tienda,Deportes,Tapete de yoga,1,396.45,0.0,163.19,Nuevo,Efectivo,False,5.0
ORD-002363,2025-04-02,MER-01,Sureste,Tienda,Deportes,Tapete de yoga,1,400.11,0.0,161.67,Nuevo,Tarjeta,False,4.0
ORD-003301,2025-10-31,CDMX-01,Centro,Tienda,Electrónica,Audífonos Bluetooth,2,678.59,0.05,383.13,Recurrente,Tarjeta,False,2.0
ORD-000257,2025-01-01,GDL-01,Occidente,Tienda,Deportes,Mancuernas 10 kg,3,925.16,0.0,500.37,Empresa,Efectivo,False,1.0
ORD-000662,2025-03-26,CHH-01,Norte,Tienda,Oficina,Lámpara LED,1,540.16,0.15,236.08,Nuevo,Tarjeta,False,2.0
ORD-000975,2025-10-31,CAN-01,Sureste,Tienda,Electrónica,Monitor 24 pulgadas,1,3274.79,0.15,2331.05,Nuevo,Tarjeta,False,5.0
ORD-000623,2025-10-16,CDMX-01,Centro,Tienda,Electrónica,Teclado mecánico,2,1235.46,0.2,712.36,Recurrente,Tarjeta,False,5.0
ORD-001507,2025-04-07,VER-01,Golfo,Tienda,Oficina,Organizador de escritorio,3,297.47,0.15,107.7,Nuevo,Tarjeta,False,5.0
ORD-000681,2025-01-21,ZAP-01,Occidente,Online,Electrónica,Teclado mecánico,1,1218.24,0.0,728.45,Nuevo,Efectivo,False,3.0
ORD-001166,2025-02-02,PUE-01,Centro,Tienda,Electrónica,Teclado mecánico,4,1208.29,0.05,728.64,Nuevo,Tarjeta,True,4.0
ORD-001295,2025-10-05,ZAP-01,Occidente,Online,Deportes,Mancuernas 10 kg,1,917.86,0.0,517.16,Nuevo,Tarjeta,False,5.0
ORD-001576,2025-10-10,ZAP-01,Occidente,Tienda,Oficina,Lámpara LED,1,557.99,0.1,242.54,Recurrente,Tarjeta,False,4.0
ORD-001373,2025-03-29,GDL-01,Occidente,Tienda,Electrónica,Monitor 24 pulgadas,4,3168.7,0.0,2363.98,Recurrente,Tarjeta,False,5.0
ORD-002670,2025-09-22,ZAP-01,Occidente,Tienda,Electrónica,Monitor 24 pulgadas,2,3167.99,0.0,2339.38,Recurrente,Tarjeta,False,4.0
ORD-002703,2025-09-06,CDMX-02,Centro,Tienda,Electrónica,Teclado mecánico,1,1140.42,0.0,727.61,Nuevo,Tarjeta,False,5.0
ORD-002494,2025-09-18,GDL-01,Occidente,Tienda,Deportes,Mochila deportiva,1,752.55,0.15,345.57,Recurrente,Tarjeta,False,3.0
ORD-003420,2025-09-07,GDL-02,Occidente,Tienda,Deportes,Mochila deportiva,1,734.66,0.1,333.78,Recurrente,Tarjeta,False,5.0
ORD-000906,2025-02-12,MER-01,Sureste,Online,Hogar,Licuadora,1,994.74,0.1,550.13,Recurrente,Efectivo,False,5.0
ORD-002898,2025-11-29,GDL-01,Occidente,Tienda,Hogar,Cafetera programable,1,1635.1,0.0,899.29,Recurrente,Tarjeta,False,5.0
ORD-003252,2025-11-01,GDL-02,Occidente,Tienda,Oficina,Silla ergonómica,1,3085.16,0.15,1860.98,Nuevo,Tarjeta,False,4.0
ORD-002961,2025-05-21,VER-01,Golfo,Tienda,Oficina,Lámpara LED,2,545.14,0.05,234.31,Nuevo,Efectivo,False,4.0
ORD-002214,2025-08-26,MER-01,Sureste,Tienda,Hogar,Licuadora,2,1009.94,0.0,556.11,Nuevo,Tarjeta,False,4.0
ORD-003328,2025-06-18,CDMX-01,Centro,Tienda,Deportes,Mancuernas 10 kg,4,883.85,0.15,525.31,Recurrente,Efectivo,False,4.0
ORD-001589,2025-07-09,CAN-01,Sureste,Tienda,Deportes,Mochila deportiva,-1,748.56,0.1,343.34,Nuevo,Efectivo,False,3.0
ORD-000691,2025-09-04,CDMX-02,Centro,Tienda,Hogar,Juego de sábanas,4,657.85,0.1,303.75,Recurrente,Transferencia,False,2.0
ORD-003342,2025-12-07,GDL-02,Occidente,Tienda,Hogar,Cafetera programable,2,1618.56,0.1,867.13,Recurrente,Efectivo,False,3.0
ORD-000846,2025-02-07,VER-01,Golfo,Tienda,Oficina,Lámpara LED,2,551.76,0.05,239.41,Nuevo,Tarjeta,False,5.0
ORD-003288,2025-05-02,CDMX-01,Centro,Tienda,Oficina,Lámpara LED,1,540.8,0.0,242.14,Recurrente,Tarjeta,False,4.0
ORD-001985,2025-04-13,GDL-01,Occidente,Online,Electrónica,Audífonos Bluetooth,3,678.65,0.1,383.19,Recurrente,Efectivo,False,3.0
ORD-000806,2025-05-22,VER-01,Golfo,Online,Oficina,Organizador de escritorio,3,295.39,0.1,104.69,Recurrente,Tarjeta,False,3.0
ORD-002951,2025-06-12,CAN-01,Sureste,Tienda,Hogar,Juego de sábanas,1,637.08,0.2,309.28,Nuevo,Tarjeta,False,4.0
ORD-002402,2025-05-11,CDMX-01,Centro,Online,Electrónica,Audífonos Bluetooth,1,728.94,0.1,391.17,Recurrente,Efectivo,False,5.0
ORD-000720,2025-08-15,CDMX-02,Centro,Tienda,Electrónica,Monitor 24 pulgadas,6,3306.23,0.0,2302.46,Nuevo,Transferencia,False,5.0
ORD-002321,2025-12-05,VER-01,Golfo,Online,Oficina,Organizador de escritorio,3,322.48,0.15,104.68,Recurrente,Tarjeta,True,5.0
ORD-001060,2025-10-16,ZAP-01,Occidente,Tienda,Electrónica,Monitor 24 pulgadas,2,3080.61,0.0,2401.42,Nuevo,Tarjeta,False,5.0
ORD-001865,2025-03-23,CDMX-01,Centro,Online,Hogar,Licuadora,1,989.98,0.05,565.74,Recurrente,Efectivo,False,4.0
ORD-002573,2025-01-01,GDL-02,Occidente,Tienda,Hogar,Juego de sábanas,1,682.22,0.1,315.66,Nuevo,Efectivo,False,4.0
ORD-000785,2025-02-03,PUE-01,Centro,Tienda,Electrónica,Teclado mecánico,3,1188.81,0.15,718.1,Nuevo,Efectivo,False,2.0
ORD-001252,2025-05-08,CAN-01,Sureste,Tienda,Deportes,Mancuernas 10 kg,3,894.26,0.15,518.71,Nuevo,Tarjeta,False,4.0
ORD-002114,2025-09-14,GDL-02,Occidente,Tienda,Electrónica,Teclado mecánico,5,1250.84,0.05,737.6,Recurrente,Tarjeta,False,4.0
ORD-003344,2025-06-06,CAN-01,Sureste,Online,Oficina,Lámpara LED,3,565.27,0.05,238.72,Recurrente,Tarjeta,True,4.0
ORD-002140,2025-12-16,MTY-01,Norte,Tienda,Hogar,Juego de sábanas,1,728.65,0.05,307.55,Empresa,Tarjeta,False,4.0
ORD-000800,2025-10-21,CDMX-01,Centro,Tienda,Oficina,Organizador de escritorio,4,294.52,0.3,104.64,Nuevo,Transferencia,False,4.0
ORD-003596,2025-01-06,MER-01,Sureste,Tienda,Deportes,Mancuernas 10 kg,3,895.05,0.2,520.58,Empresa,Transferencia,False,4.0
ORD-001056,2025-07-14,MER-01,Sureste,Tienda,Electrónica,Teclado mecánico,3,1166.55,0.05,733.37,Recurrente,Efectivo,False,3.0
ORD-000935,2025-04-11,CHH-01,Norte,Tienda,Oficina,Silla ergonómica,1,2792.52,0.1,1817.47,Nuevo,Tarjeta,False,3.0
ORD-000734,2025-08-20,GDL-02,Occidente,Tienda,Hogar,Licuadora,1,1025.88,0.1,562.08,Nuevo,Efectivo,False,1.0
ORD-001273,2025-11-07,CAN-01,Sureste,Tienda,Deportes,Mochila deportiva,1,810.43,0.05,342.45,Recurrente,Efectivo,False,4.0
ORD-002477,2025-12-25,PUE-01,Centro,Tienda,Deportes,Tapete de yoga,1,433.78,0.15,161.89,Nuevo,Tarjeta,False,3.0
ORD-001494,2025-02-19,ZAP-01,Occidente,Tienda,Oficina,Lámpara LED,1,537.91,0.05,236.28,Recurrente,Efectivo,False,5.0
ORD-000438,2025-12-19,MTY-02,Norte,Tienda,Hogar,Cafetera programable,1,1632.36,0.0,871.65,Nuevo,Tarjeta,False,4.0
ORD-001405,2025-12-30,MER-01,Sureste,Online,Oficina,Lámpara LED,2,617.52,0.0,241.53,Nuevo,Tarjeta,False,5.0
ORD-000930,2025-10-21,CDMX-01,Centro,Online,Deportes,Mancuernas 10 kg,2,888.04,0.05,524.48,Recurrente,Tarjeta,False,4.0
ORD-000989,2025-02-19,GDL-01,Occidente,Tienda,Electrónica,Teclado mecánico,1,1191.75,0.1,718.57,Recurrente,Tarjeta,False,5.0
ORD-000815,2025-04-14,ZAP-01,Occidente,Tienda,Hogar,Cafetera programable,1,1594.21,0.0,860.55,Nuevo,Tarjeta,False,5.0
ORD-002198,2025-11-23,CDMX-01,Centro,Online,Deportes,Mancuernas 10 kg,1,1001.28,0.05,518.53,Recurrente,Efectivo,False,5.0
ORD-002042,2025-02-16,CDMX-01,Centro,Online,Electrónica,Monitor 24 pulgadas,1,3083.65,0.1,2395.64,Recurrente,Tarjeta,False,4.0
ORD-001877,2025-05-15,GDL-02,Occidente,Online,Oficina,Organizador de escritorio,2,295.55,0.05,103.79,Nuevo,Tarjeta,False,5.0
ORD-002687,2025-10-09,VER-01,Golfo,Tienda,Deportes,Mancuernas 10 kg,1,872.67,0.15,516.15,Recurrente,Transferencia,False,5.0
ORD-003132,2025-12-12,CDMX-02,Centro,Tienda,Electrónica,Monitor 24 pulgadas,2,3698.45,0.0,2328.72,Nuevo,Tarjeta,False,5.0
ORD-001748,2025-06-16,VER-01,Golfo,Tienda,Oficina,Silla ergonómica,6,2955.26,0.2,1870.94,Recurrente,Tarjeta,False,4.0
ORD-003509,2025-12-15,MTY-02,Norte,Online,Hogar,Juego de sábanas,3,723.87,0.1,310.36,Empresa,Tarjeta,False,5.0
ORD-000663,2025-07-18,PUE-01,Centro,Online,Hogar,Cafetera programable,1,1533.89,0.0,879.97,Recurrente,Efectivo,False,3.0
ORD-003499,2025-05-21,MER-01,Sureste,Online,Deportes,Tapete de yoga,1,399.97,0.15,159.59,Recurrente,Efectivo,True,4.0
ORD-003199,2025-03-06,CHH-01,Norte,Tienda,Electrónica,Teclado mecánico,1,1204.77,0.0,709.82,Recurrente,Efectivo,True,4.0
ORD-002863,2025-09-14,PUE-01,Centro,Tienda,Deportes,Mancuernas 10 kg,1,890.69,0.15,515.65,Empresa,Tarjeta,False,5.0
ORD-000620,2025-04-20,ZAP-01,Occidente,Online,Deportes,Mancuernas 10 kg,1,902.57,0.1,512.37,Nuevo,Tarjeta,False,5.0
ORD-001852,2025-03-20,CAN-01,Sureste,Tienda,Hogar,Juego de sábanas,1,642.36,0.1,307.15,Recurrente,Efectivo,False,5.0
ORD-002886,2025-05-09,GDL-01,Occidente,Online,Electrónica,Monitor 24 pulgadas,1,3310.14,0.15,2345.47,Recurrente,Tarjeta,True,5.0
ORD-000395,2025-09-29,CHH-01,Norte,Online,Oficina,Lámpara LED,4,553.2,0.0,233.55,Recurrente,Tarjeta,False,4.0
ORD-000198,2025-06-25,GDL-01,Occidente,Tienda,Hogar,Cafetera programable,2,1513.87,0.1,865.58,Nuevo,Efectivo,False,4.0
ORD-000187,2025-01-29,MTY-01,Norte,Online,Oficina,Silla ergonómica,2,2855.13,0.0,1829.63,Empresa,Efectivo,False,4.0
ORD-002193,2025-11-08,VER-01,Golfo,Tienda,Hogar,Cafetera programable,3,1673.79,0.0,860.03,Nuevo,Tarjeta,True,3.0
ORD-000008,2025-12-18,CAN-01,Sureste,Online,Electrónica,Teclado mecánico,1,1300.91,0.15,725.92,Recurrente,Efectivo,False,4.0
ORD-000801,2025-11-18,CDMX-02,Centro,Online,Oficina,Silla ergonómica,3,3172.14,0.15,1873.03,Recurrente,Tarjeta,False,2.0
ORD-003103,2025-02-17,ZAP-01,Occidente,Tienda,Hogar,Cafetera programable,6,1449.21,0.1,865.63,Nuevo,Tarjeta,False,4.0
ORD-000547,2025-10-02,CHH-01,Norte,Online,Oficina,Lámpara LED,1,570.75,0.0,248.06,Nuevo,Efectivo,True,3.0
ORD-002585,2025-11-09,PUE-01,Centro,Tienda,Hogar,Licuadora,2,1116.03,0.1,547.19,Recurrente,Tarjeta,False,4.0
ORD-000807,2025-11-24,ZAP-01,Occidente,Online,Hogar,Cafetera programable,1,1643.0,0.0,889.97,Empresa,Tarjeta,False,5.0
ORD-000600,2025-12-01,CHH-01,Norte,Tienda,Hogar,Juego de sábanas,1,723.4,0.0,316.95,Nuevo,Tarjeta,False,4.0
ORD-002894,2025-11-11,ZAP-01,Occidente,Tienda,Deportes,Tapete de yoga,2,420.34,0.05,159.2,Recurrente,Tarjeta,False,3.0
ORD-002236,2025-04-29,ZAP-01,Occidente,Tienda,Electrónica,Audífonos Bluetooth,1,678.61,0.1,384.08,Recurrente,Efectivo,False,5.0
ORD-001104,2025-09-23,CAN-01,Sureste,Tienda,Hogar,Cafetera programable,3,1526.45,0.1,862.9,Nuevo,Tarjeta,False,3.0
ORD-002940,2025-12-26,MER-01,Sureste,Tienda,Deportes,Mancuernas 10 kg,3,1025.55,0.0,513.34,Recurrente,Tarjeta,False,5.0
ORD-001454,2025-08-23,GDL-02,Occidente,Tienda,Electrónica,Audífonos Bluetooth,5,690.94,0.0,382.43,Nuevo,Tarjeta,False,4.0
ORD-001610,2025-05-09,VER-01,Golfo,Tienda,Hogar,Licuadora,1,972.37,0.0,558.07,Nuevo,Tarjeta,False,5.0
ORD-000780,2025-08-27,MTY-02,Norte,Tienda,Electrónica,Monitor 24 pulgadas,2,3410.12,0.0,2289.29,Nuevo,Tarjeta,False,4.0
ORD-001486,2025-09-02,CHH-01,Norte,Online,Electrónica,Monitor 24 pulgadas,1,3212.12,0.0,2377.77,Recurrente,Tarjeta,False,3.0
ORD-002373,2025-06-04,MTY-01,Norte,Online,Oficina,Silla ergonómica,1,2925.98,0.0,1860.36,Recurrente,Tarjeta,False,3.0
ORD-002638,2025-05-20,CDMX-01,Centro,Tienda,Deportes,Tapete de yoga,2,384.91,0.3,161.38,Recurrente,Tarjeta,False,5.0
ORD-000061,2025-02-11,CAN-01,Sureste,Tienda,Electrónica,Teclado mecánico,1,1191.1,0.2,714.54,Recurrente,Tarjeta,False,4.0
ORD-001632,2025-11-02,CAN-01,Sureste,Tienda,Electrónica,Teclado mecánico,1,1267.16,0.1,733.28,Nuevo,Efectivo,False,4.0
ORD-002088,2025-05-27,CHH-01,Norte,Tienda,Deportes,Mochila deportiva,1,772.48,0.05,339.65,Nuevo,Efectivo,False,4.0
ORD-001717,2025-10-31,CAN-01,Sureste,Tienda,Electrónica,Monitor 24 pulgadas,2,3244.03,0.3,2427.18,Nuevo,Efectivo,False,4.0
ORD-002028,2025-04-09,CAN-01,Sureste,Online,Electrónica,Monitor 24 pulgadas,2,3237.18,0.2,2314.22,Recurrente,Tarjeta,False,3.0
ORD-000940,2025-06-03,CDMX-01,Centro,Online,Electrónica,Monitor 24 pulgadas,3,3226.69,0.0,2389.82,Empresa,Tarjeta,False,3.0
ORD-002011,2025-03-13,CHH-01,Norte,Tienda,Electrónica,Monitor 24 pulgadas,2,3370.69,0.05,2344.92,Recurrente,Tarjeta,True,3.0
ORD-002364,2025-10-14,CHH-01,Norte,Tienda,Deportes,Mancuernas 10 kg,2,900.76,0.0,528.96,Recurrente,Efectivo,False,4.0
ORD-000639,2025-10-25,CAN-01,Sureste,Tienda,Hogar,Cafetera programable,1,1479.73,0.15,867.66,Recurrente,Efectivo,False,1.0
ORD-002613,2025-10-15,CDMX-01,Centro,Tienda,Oficina,Organizador de escritorio,2,285.5,0.0,105.5,Empresa,Tarjeta,False,4.0
ORD-000337,2025-05-13,VER-01,Golfo,Tienda,Oficina,Silla ergonómica,2,3034.88,0.0,1801.04,Recurrente,Tarjeta,False,3.0
ORD-001263,2025-11-10,VER-01,Golfo,Tienda,Hogar,Licuadora,4,1146.83,0.3,563.3,Recurrente,Efectivo,True,3.0
ORD-000799,2025-05-03,MER-01,Sureste,Tienda,Oficina,Organizador de escritorio,2,290.73,0.2,105.1,Nuevo,Tarjeta,True,5.0
ORD-001177,2025-07-18,ZAP-01,Occidente,Tienda,Electrónica,Monitor 24 pulgadas,1,3318.13,0.0,2278.6,Empresa,Tarjeta,True,3.0
ORD-003361,2025-05-06,GDL-02,Occidente,Tienda,Deportes,Tapete de yoga,5,400.03,0.05,157.83,Nuevo,Tarjeta,False,4.0
ORD-002380,2025-02-05,CAN-01,Sureste,Tienda,Hogar,Cafetera programable,1,1486.88,0.15,854.69,Nuevo,Tarjeta,False,4.0
ORD-002080,2025-04-07,GDL-02,Occidente,Tienda,Deportes,Mancuernas 10 kg,2,892.24,0.05,521.11,Nuevo,Tarjeta,False,4.0
ORD-002444,2025-05-09,VER-01,Golfo,Tienda,Electrónica,Audífonos Bluetooth,2,711.42,0.0,380.7,Nuevo,Tarjeta,True,2.0
ORD-002295,2025-04-25,GDL-01,Occidente,Tienda,Electrónica,Monitor 24 pulgadas,3,3240.7,0.0,2389.17,Recurrente,Tarjeta,True,4.0
ORD-002504,2025-10-26,GDL-01,Occidente,Online,Deportes,Tapete de yoga,3,394.05,0.05,158.18,Empresa,Efectivo,False,5.0
ORD-001452,2025-09-05,VER-01,Golfo,Online,Oficina,Lámpara LED,2,560.42,0.1,240.56,Recurrente,Efectivo,False,5.0
ORD-000454,2025-03-30,CHH-01,Norte,Tienda,Oficina,Lámpara LED,4,549.96,0.1,237.34,Recurrente,Tarjeta,False,4.0
ORD-003396,2025-06-25,CDMX-02,Centro,Tienda,Electrónica,Monitor 24 pulgadas,1,3388.03,0.2,2372.2,Nuevo,Efectivo,False,4.0
ORD-001583,2025-03-31,ZAP-01,Occidente,Tienda,Electrónica,Teclado mecánico,4,1163.7,0.1,704.17,Recurrente,Tarjeta,False,5.0
ORD-002921,2025-12-25,CAN-01,Sureste,Tienda,Electrónica,Audífonos Bluetooth,2,790.04,0.15,381.76,Recurrente,Efectivo,False,5.0
ORD-000960,2025-01-11,GDL-01,Occidente,Tienda,Oficina,Lámpara LED,2,545.2,0.05,242.38,Recurrente,Tarjeta,False,2.0
ORD-000439,2025-03-08,GDL-02,Occidente,Tienda,Oficina,Organizador de escritorio,3,294.26,0.05,107.82,Recurrente,Efectivo,False,3.0
ORD-002459,2025-11-24,CDMX-01,Centro,Tienda,Hogar,Cafetera programable,2,1607.82,0.0,871.41,Recurrente,Tarjeta,False,4.0
ORD-001901,2025-09-08,CDMX-01,Centro,Tienda,Hogar,Licuadora,3,970.96,0.0,560.78,Nuevo,Tarjeta,False,2.0
ORD-000183,2025-06-12,MTY-02,Norte,Tienda,Deportes,Mancuernas 10 kg,1,896.89,0.2,532.86,Recurrente,Efectivo,False,3.0
ORD-000574,2025-03-23,GDL-01,Occidente,Tienda,Hogar,Juego de sábanas,2,649.43,0.05,313.87,Recurrente,Tarjeta,False,4.0
ORD-001864,2025-05-10,GDL-01,Occidente,Tienda,Electrónica,Teclado mecánico,2,1172.55,0.1,725.77,Nuevo,Tarjeta,False,5.0
ORD-001450,2025-08-27,MTY-01,Norte,Tienda,Deportes,Mancuernas 10 kg,5,900.88,0.15,522.99,Recurrente,Tarjeta,True,5.0
ORD-002476,2025-12-05,PUE-01,Centro,Online,Oficina,Organizador de escritorio,3,321.66,0.05,105.86,Recurrente,Tarjeta,False,5.0
ORD-000328,2025-04-15,GDL-02,Occidente,Online,Electrónica,Audífonos Bluetooth,4,723.53,0.2,382.48,Recurrente,Transferencia,False,3.0
ORD-001574,2025-12-08,MTY-01,Norte,Tienda,Electrónica,Teclado mecánico,2,1332.12,0.3,708.7,Recurrente,Efectivo,False,4.0
ORD-002238,2025-06-20,MTY-01,Norte,Online,Oficina,Organizador de escritorio,4,278.07,0.0,105.87,Nuevo,Tarjeta,False,4.0
ORD-000812,2025-05-26,CAN-01,Sureste,Online,Electrónica,Teclado mecánico,2,1133.42,0.1,727.57,Recurrente,Efectivo,False,3.0
ORD-002325,2025-10-05,CHH-01,Norte,Online,Deportes,Tapete de yoga,3,392.91,0.05,157.19,Recurrente,Tarjeta,False,5.0
ORD-000483,2025-06-07,CDMX-02,Centro,Online,Hogar,Juego de sábanas,5,649.87,0.0,317.7,Recurrente,Tarjeta,False,3.0
ORD-001599,2025-08-21,CHH-01,Norte,Tienda,Electrónica,Audífonos Bluetooth,2,703.32,0.1,387.41,Recurrente,Tarjeta,False,5.0
ORD-003045,2025-12-19,CHH-01,Norte,Online,Oficina,Lámpara LED,1,603.91,0.0,242.52,Nuevo,Efectivo,False,3.0
ORD-002541,2025-04-01,CDMX-02,Centro,Online,Oficina,Organizador de escritorio,2,280.02,0.15,104.17,Recurrente,Tarjeta,False,5.0
ORD-000858,2025-02-19,MER-01,Sureste,Online,Electrónica,Monitor 24 pulgadas,2,3327.26,0.0,2361.5,Recurrente,Efectivo,False,5.0
ORD-000867,2025-08-28,CDMX-01,Centro,Tienda,Hogar,Juego de sábanas,1,628.66,0.1,317.08,Nuevo,Efectivo,False,5.0
ORD-001090,2025-07-14,PUE-01,Centro,Online,Deportes,Mochila deportiva,5,775.04,0.2,337.4,Nuevo,Tarjeta,False,4.0
ORD-001522,2025-04-01,MTY-01,Norte,Tienda,Electrónica,Audífonos Bluetooth,1,715.41,0.1,385.89,Recurrente,Tarjeta,False,4.0
ORD-002481,2025-11-02,CHH-01,Norte,Tienda,Hogar,Juego de sábanas,1,746.66,0.2,309.48,Nuevo,Tarjeta,False,5.0
ORD-002873,2025-12-19,MTY-02,Norte,Online,Oficina,Organizador de escritorio,4,329.03,0.15,101.17,Recurrente,Efectivo,False,5.0
ORD-000383,2025-07-08,MTY-02,Norte,Tienda,Oficina,Lámpara LED,3,567.43,0.1,236.76,Recurrente,Tarjeta,False,3.0
ORD-003203,2025-10-16,GDL-02,Occidente,Online,Deportes,Tapete de yoga,5,412.77,0.1,161.05,Nuevo,Tarjeta,False,5.0
ORD-001547,2025-10-14,CDMX-01,Centro,Tienda,Oficina,Lámpara LED,1,554.54,0.0,243.87,Recurrente,Transferencia,True,4.0
ORD-002902,2025-10-23,PUE-01,Centro,Tienda,Oficina,Organizador de escritorio,-1,299.45,0.1,108.53,Recurrente,Tarjeta,False,2.0
ORD-000414,2025-08-20,MTY-02,Norte,Online,Electrónica,Monitor 24 pulgadas,6,3338.26,0.15,2399.08,Recurrente,Tarjeta,False,5.0
ORD-002300,2025-05-14,CHH-01,Norte,Online,Deportes,Mochila deportiva,1,759.0,0.05,342.88,Recurrente,Tarjeta,False,5.0
ORD-000247,2025-07-20,CHH-01,Norte,Tienda,Oficina,Silla ergonómica,1,2903.79,0.05,1835.17,Nuevo,Efectivo,False,3.0
ORD-001646,2025-04-21,PUE-01,Centro,Tienda,Hogar,Juego de sábanas,6,655.06,0.1,298.09,Nuevo,Tarjeta,False,5.0
ORD-002127,2025-05-25,CDMX-02,Centro,Tienda,Deportes,Mancuernas 10 kg,1,910.85,0.1,524.65,Nuevo,Tarjeta,False,5.0
ORD-000871,2025-04-23,PUE-01,Centro,Online,Deportes,Mochila deportiva,3,739.86,0.0,338.14,Recurrente,Tarjeta,False,5.0
ORD-002793,2025-07-27,ZAP-01,Occidente,Online,Hogar,Cafetera programable,3,1502.66,0.15,868.57,Recurrente,Tarjeta,False,3.0
ORD-002627,2025-09-08,CHH-01,Norte,Tienda,Deportes,Tapete de yoga,1,395.93,0.0,160.08,Recurrente,Tarjeta,False,3.0
ORD-002806,2025-04-23,GDL-01,Occidente,Online,Hogar,Licuadora,2,999.36,0.0,557.69,Recurrente,Transferencia,False,4.0
ORD-002747,2025-07-22,CDMX-01,Centro,Tienda,Deportes,Mochila deportiva,2,729.41,0.1,339.24,Recurrente,Efectivo,False,2.0
ORD-001513,2025-03-13,ZAP-01,Occidente,Tienda,Hogar,Juego de sábanas,1,663.25,0.05,313.88,Recurrente,Tarjeta,False,5.0
ORD-002243,2025-10-11,GDL-02,Occidente,Tienda,Electrónica,Teclado mecánico,4,1208.78,0.0,715.13,Empresa,Tarjeta,False,1.0
ORD-001246,2025-01-01,CDMX-02,Centro,Tienda,Deportes,Mochila deportiva,2,750.37,0.0,338.47,Nuevo,Transferencia,False,5.0
ORD-001231,2025-01-16,CHH-01,Norte,Tienda,Hogar,Licuadora,1,990.96,0.05,559.8,Nuevo,Efectivo,True,2.0
ORD-000384,2025-10-23,PUE-01,Centro,Tienda,Hogar,Licuadora,1,986.63,0.1,544.18,Recurrente,Tarjeta,False,3.0
ORD-001570,2025-07-26,GDL-02,Occidente,Online,Deportes,Mancuernas 10 kg,1,837.06,0.1,521.11,Empresa,Transferencia,False,4.0
ORD-002710,2025-04-24,GDL-02,Occidente,Tienda,Electrónica,Audífonos Bluetooth,3,681.93,0.05,385.88,Nuevo,Transferencia,False,3.0
ORD-001027,2025-03-30,CHH-01,Norte,Tienda,Hogar,Licuadora,2,1024.44,0.0,563.85,Recurrente,Efectivo,False,4.0
ORD-002989,2025-05-12,GDL-01,Occidente,Online,Deportes,Mancuernas 10 kg,5,903.51,0.15,516.88,Nuevo,Efectivo,False,1.0
ORD-000141,2025-11-02,MTY-01,Norte,Tienda,Oficina,Silla ergonómica,1,3101.91,0.0,1840.76,Recurrente,Tarjeta,False,4.0
ORD-000203,2025-02-26,MTY-01,Norte,Tienda,Deportes,Tapete de yoga,2,400.81,0.1,158.23,Nuevo,Tarjeta,False,4.0
ORD-002669,2025-06-02,CAN-01,Sureste,Online,Deportes,Mancuernas 10 kg,3,884.68,0.3,524.35,Nuevo,Tarjeta,True,4.0
ORD-001178,2025-02-12,MTY-02,Norte,Online,Deportes,Mancuernas 10 kg,2,867.43,0.0,523.28,Nuevo,Tarjeta,False,4.0
ORD-002826,2025-10-03,ZAP-01,Occidente,Tienda,Deportes,Mancuernas 10 kg,3,895.27,0.1,520.26,Empresa,Tarjeta,False,3.0
ORD-001470,2025-06-08,GDL-01,Occidente,Online,Oficina,Silla ergonómica,1,2859.76,0.05,1779.09,Recurrente,Tarjeta,False,4.0
ORD-002235,2025-07-13,VER-01,Golfo,Online,Deportes,Tapete de yoga,1,408.85,0.0,157.55,Recurrente,Tarjeta,False,3.0
ORD-002620,2025-12-10,MTY-02,Norte,Online,Hogar,Cafetera programable,1,1524.22,0.0,846.58,Recurrente,Tarjeta,False,2.0
ORD-003575,2025-07-28,CAN-01,Sureste,Tienda,Electrónica,Audífonos Bluetooth,3,701.1,0.0,380.29,Empresa,Efectivo,False,5.0
ORD-003217,2025-09-04,GDL-02,Occidente,Tienda,Hogar,Cafetera programable,2,1485.14,0.15,857.91,Nuevo,Transferencia,False,5.0
ORD-002887,2025-09-20,CDMX-01,Centro,Online,Electrónica,Teclado mecánico,2,1220.39,0.15,716.98,Recurrente,Tarjeta,False,5.0
ORD-000435,2025-12-28,ZAP-01,Occidente,Online,Hogar,Licuadora,1,1100.82,0.0,558.62,Nuevo,Tarjeta,False,5.0
ORD-000768,2025-10-07,ZAP-01,Occidente,Tienda,Deportes,Mancuernas 10 kg,1,908.91,0.0,514.55,Nuevo,Tarjeta,False,2.0
ORD-002442,2025-10-05,ZAP-01,Occidente,Tienda,Hogar,Juego de sábanas,2,673.92,0.05,304.09,Recurrente,Tarjeta,False,2.0
ORD-002200,2025-12-09,MTY-01,Norte,Online,Electrónica,Audífonos Bluetooth,2,749.64,0.0,398.49,Empresa,Tarjeta,False,4.0
ORD-000264,2025-06-29,MTY-02,Norte,Tienda,Oficina,Lámpara LED,1,562.38,0.0,237.52,Nuevo,Efectivo,False,5.0
ORD-003565,2025-02-06,MTY-02,Norte,Online,Hogar,Juego de sábanas,3,667.87,0.1,316.17,Nuevo,Tarjeta,False,5.0
ORD-001208,2025-06-05,GDL-02,Occidente,Online,Deportes,Mochila deportiva,-1,733.78,0.0,342.7,Recurrente,Efectivo,False,5.0
ORD-001946,2025-04-28,GDL-01,Occidente,Tienda,Oficina,Lámpara LED,3,564.15,0.05,242.0,Nuevo,Tarjeta,True,2.0
ORD-003277,2025-03-16,CDMX-01,Centro,Online,Hogar,Licuadora,2,976.03,0.0,567.15,Nuevo,Tarjeta,True,3.0
ORD-001922,2025-05-03,VER-01,Golfo,Online,Electrónica,Audífonos Bluetooth,3,723.19,0.15,377.43,Nuevo,Tarjeta,False,5.0
ORD-001257,2025-12-29,ZAP-01,Occidente,Tienda,Electrónica,Monitor 24 pulgadas,1,3532.03,0.05,2320.16,Recurrente,Tarjeta,False,5.0
ORD-000450,2025-04-07,MTY-02,Norte,Tienda,Oficina,Lámpara LED,1,526.14,0.0,242.99,Empresa,Tarjeta,False,5.0
ORD-003013,2025-03-07,CDMX-02,Centro,Tienda,Electrónica,Audífonos Bluetooth,1,688.85,0.1,376.47,Recurrente,Efectivo,False,5.0
ORD-001794,2025-04-17,CHH-01,Norte,Tienda,Hogar,Cafetera programable,1,1480.09,0.2,868.63,Recurrente,Tarjeta,False,4.0
ORD-002290,2025-07-18,GDL-01,Occidente,Tienda,Electrónica,Monitor 24 pulgadas,2,3308.04,0.15,2347.25,Nuevo,Tarjeta,False,2.0
ORD-000997,2025-06-05,CDMX-01,Centro,Tienda,Electrónica,Audífonos Bluetooth,2,670.8,0.1,385.84,Recurrente,Tarjeta,False,4.0
ORD-002161,2025-10-28,CHH-01,Norte,Tienda,Hogar,Juego de sábanas,5,617.67,0.2,308.02,Empresa,Transferencia,False,3.0
ORD-003042,2025-07-13,MTY-01,Norte,Tienda,Hogar,Juego de sábanas,1,643.43,0.1,306.8,Nuevo,Efectivo,False,4.0
ORD-000941,2025-10-18,MER-01,Sureste,Online,Deportes,Tapete de yoga,3,412.59,0.1,158.94,Nuevo,Efectivo,False,1.0
ORD-002650,2025-06-09,CAN-01,Sureste,Tienda,Oficina,Lámpara LED,2,537.78,0.1,238.61,Recurrente,Tarjeta,False,4.0
ORD-000864,2025-02-26,GDL-01,Occidente,Tienda,Hogar,Juego de sábanas,3,661.26,0.1,305.94,Recurrente,Tarjeta,False,2.0
ORD-003496,2025-07-03,CHH-01,Norte,Tienda,Hogar,Juego de sábanas,3,650.59,0.15,311.34,Recurrente,Tarjeta,False,3.0
ORD-002246,2025-12-25,PUE-01,Centro,Tienda,Electrónica,Teclado mecánico,4,1329.19,0.05,743.45,Recurrente,Tarjeta,True,5.0
ORD-003479,2025-12-18,GDL-01,Occidente,Tienda,Electrónica,Teclado mecánico,5,1318.75,0.1,715.97,Recurrente,Tarjeta,False,5.0
ORD-002164,2025-09-25,CDMX-02,Centro,Online,Deportes,Tapete de yoga,3,394.74,0.1,163.42,Recurrente,Tarjeta,False,5.0
ORD-003229,2025-02-17,CAN-01,Sureste,Tienda,Electrónica,Teclado mecánico,1,1210.82,0.0,724.29,Nuevo,Tarjeta,False,4.0
ORD-002949,2025-03-08,GDL-02,Occidente,Tienda,Hogar,Cafetera programable,1,1484.01,0.0,850.06,Recurrente,Tarjeta,False,3.0
ORD-002002,2025-12-06,MTY-02,Norte,Tienda,Hogar,Cafetera programable,2,1658.91,0.1,878.93,Nuevo,Efectivo,False,5.0
ORD-000064,2025-08-01,CHH-01,Norte,Tienda,Oficina,Organizador de escritorio,4,294.89,0.0,106.67,Recurrente,Tarjeta,False,3.0
ORD-000263,2025-12-03,CAN-01,Sureste,Tienda,Deportes,Tapete de yoga,1,452.41,0.0,159.42,Recurrente,Tarjeta,False,5.0
ORD-001182,2025-10-08,PUE-01,Centro,Tienda,Oficina,Silla ergonómica,1,2725.13,0.0,1777.85,Recurrente,Transferencia,False,5.0
ORD-002382,2025-08-09,MTY-02,Norte,Tienda,Hogar,Licuadora,1,1003.06,0.1,555.22,Nuevo,Efectivo,False,3.0
ORD-002217,2025-12-14,CDMX-01,Centro,Online,Hogar,Juego de sábanas,2,704.56,0.0,308.91,Empresa,Tarjeta,False,4.0
ORD-001136,2025-12-20,CHH-01,Norte,Tienda,Oficina,Silla ergonómica,2,3157.51,0.2,1853.0,Nuevo,Transferencia,False,4.0
ORD-002226,2025-01-28,ZAP-01,Occidente,Tienda,Deportes,Mancuernas 10 kg,1,877.51,0.0,512.79,Nuevo,Efectivo,False,4.0
ORD-001728,2025-06-08,MER-01,Sureste,Tienda,Electrónica,Teclado mecánico,5,1198.96,0.0,717.85,Nuevo,Tarjeta,False,4.0
ORD-001534,2025-05-09,GDL-01,Occidente,Tienda,Electrónica,Monitor 24 pulgadas,1,3290.47,0.1,2420.12,Recurrente,Transferencia,True,3.0
ORD-003192,2025-01-21,MTY-02,Norte,Tienda,Hogar,Juego de sábanas,4,620.97,0.3,317.43,Empresa,Tarjeta,False,4.0
ORD-003230,2025-06-21,GDL-02,Occidente,Tienda,Hogar,Cafetera programable,6,1539.91,0.05,881.44,Recurrente,Efectivo,False,4.0
ORD-002035,2025-06-13,VER-01,Golfo,Tienda,Hogar,Licuadora,1,995.05,0.1,572.03,Nuevo,Efectivo,False,5.0
ORD-003077,2025-04-14,MER-01,Sureste,Tienda,Electrónica,Teclado mecánico,3,1194.68,0.15,700.47,Nuevo,Efectivo,False,3.0
ORD-003368,2025-01-06,CDMX-02,Centro,Online,Hogar,Juego de sábanas,3,651.12,0.05,309.71,Nuevo,Efectivo,False,1.0
ORD-003030,2025-03-18,CDMX-01,Centro,Tienda,Hogar,Cafetera programable,4,1511.59,0.0,856.69,Recurrente,Efectivo,False,5.0
ORD-002327,2025-09-06,MER-01,Sureste,Tienda,Hogar,Licuadora,2,974.5,0.05,561.08,Nuevo,Efectivo,False,4.0
ORD-001983,2025-02-18,VER-01,Golfo,Tienda,Hogar,Juego de sábanas,4,649.82,0.05,312.01,Recurrente,Efectivo,False,2.0
ORD-000789,2025-06-17,VER-01,Golfo,Tienda,Electrónica,Monitor 24 pulgadas,5,3283.71,0.1,2262.22,Recurrente,Tarjeta,False,4.0
ORD-001173,2025-06-14,CHH-01,Norte,Online,Electrónica,Monitor 24 pulgadas,2,3471.13,0.1,2330.92,Recurrente,Tarjeta,False,4.0
ORD-000646,2025-10-12,CHH-01,Norte,Tienda,Hogar,Cafetera programable,5,1513.14,0.0,873.4,Nuevo,Transferencia,False,4.0
ORD-003457,2025-02-08,VER-01,Golfo,Online,Electrónica,Teclado mecánico,1,1152.97,0.05,722.65,Empresa,Tarjeta,False,4.0
ORD-002410,2025-09-21,CHH-01,Norte,Tienda,Electrónica,Monitor 24 pulgadas,2,3284.45,0.1,2366.4,Empresa,Transferencia,False,4.0
ORD-002174,2025-03-25,MTY-01,Norte,Online,Oficina,Silla ergonómica,1,2786.87,0.05,1825.64,Recurrente,Tarjeta,False,2.0
ORD-001053,2025-07-12,ZAP-01,Occidente,Tienda,Deportes,Mochila deportiva,1,733.61,0.3,346.61,Recurrente,Efectivo,False,2.0
ORD-002892,2025-06-02,CAN-01,Sureste,Tienda,Deportes,Mochila deportiva,1,737.09,0.2,341.06,Nuevo,Efectivo,False,2.0
ORD-002245,2025-08-09,VER-01,Golfo,Tienda,Hogar,Cafetera programable,1,1444.77,0.0,887.72,Recurrente,Efectivo,True,5.0
ORD-001918,2025-06-14,GDL-02,Occidente,Tienda,Electrónica,Audífonos Bluetooth,2,688.01,0.0,387.19,Nuevo,Tarjeta,False,1.0
ORD-003578,2025-08-01,CHH-01,Norte,Tienda,Electrónica,Audífonos Bluetooth,2,683.3,0.1,393.87,Recurrente,Tarjeta,False,5.0
ORD-002599,2025-11-23,ZAP-01,Occidente,Tienda,Deportes,Mancuernas 10 kg,5,1021.2,0.1,513.38,Nuevo,Efectivo,False,5.0
ORD-000471,2025-10-23,CHH-01,Norte,Tienda,Electrónica,Audífonos Bluetooth,2,707.17,0.2,387.27,Recurrente,Tarjeta,False,5.0
ORD-001114,2025-12-09,MTY-02,,Tienda,Hogar,Juego de sábanas,2,721.23,0.0,308.52,Nuevo,Transferencia,False,4.0
ORD-000174,2025-07-06,MER-01,Sureste,Tienda,Electrónica,Monitor 24 pulgadas,1,3094.7,0.05,2332.49,Empresa,Transferencia,False,5.0
ORD-002546,2025-03-31,MTY-02,Norte,Online,Electrónica,Monitor 24 pulgadas,2,3301.94,0.0,2290.84,Recurrente,Tarjeta,False,3.0
ORD-002976,2025-06-05,CDMX-01,Centro,Tienda,Electrónica,Teclado mecánico,6,1240.97,0.2,732.22,Nuevo,Tarjeta,False,5.0
ORD-000566,2025-09-08,VER-01,Golfo,Tienda,Electrónica,Audífonos Bluetooth,4,700.59,0.1,381.18,Nuevo,Transferencia,False,3.0
ORD-000983,2025-02-23,MER-01,Sureste,Online,Deportes,Tapete de yoga,2,411.67,0.2,161.2,Empresa,Tarjeta,False,3.0
ORD-000919,2025-03-24,MTY-02,Norte,Online,Electrónica,Monitor 24 pulgadas,1,3391.19,0.15,2379.84,Empresa,Tarjeta,True,4.0
ORD-002491,2025-02-05,MTY-01,Norte,Tienda,Oficina,Organizador de escritorio,1,295.19,0.0,105.7,Recurrente,Tarjeta,False,5.0
ORD-001715,2025-04-07,GDL-01,Occidente,Online,Electrónica,Monitor 24 pulgadas,2,3254.88,0.0,2284.86,Recurrente,Efectivo,False,4.0
ORD-001033,2025-06-12,CDMX-01,Centro,Tienda,Oficina,Organizador de escritorio,1,274.6,0.0,103.66,Recurrente,Tarjeta,False,4.0
ORD-000085,2025-09-21,MTY-02,Norte,Online,Deportes,Mochila deportiva,3,705.8,0.15,326.1,Recurrente,Efectivo,False,5.0
ORD-001974,2025-08-30,MER-01,Sureste,Tienda,Electrónica,Teclado mecánico,1,1161.14,0.1,727.69,Recurrente,Tarjeta,False,2.0
ORD-000277,2025-06-15,ZAP-01,Occidente,Tienda,Hogar,Juego de sábanas,4,658.84,0.2,315.25,Nuevo,Tarjeta,False,4.0
ORD-001212,2025-07-24,PUE-01,Centro,Online,Deportes,Tapete de yoga,3,390.46,0.1,156.45,Nuevo,Tarjeta,False,5.0
ORD-002134,2025-02-06,GDL-01,Occidente,Online,Electrónica,Monitor 24 pulgadas,2,3136.19,0.15,2336.09,Recurrente,Tarjeta,False,3.0
ORD-003222,2025-08-31,CHH-01,Norte,Tienda,Hogar,Licuadora,2,978.88,0.3,552.51,Nuevo,Transferencia,False,3.0
ORD-003150,2025-02-13,CDMX-02,Centro,Online,Oficina,Organizador de escritorio,1,281.76,0.1,105.71,Recurrente,Tarjeta,False,4.0
ORD-000750,2025-10-08,PUE-01,Centro,Tienda,Electrónica,Monitor 24 pulgadas,5,3365.24,0.0,2331.28,Recurrente,Efectivo,False,4.0
ORD-000036,2025-10-17,GDL-01,Occidente,Tienda,Hogar,Cafetera programable,1,1544.48,0.0,854.8,Recurrente,Efectivo,False,4.0
ORD-002615,2025-10-31,PUE-01,Centro,Online,Oficina,Lámpara LED,3,549.81,0.3,242.52,Recurrente,Tarjeta,False,5.0
ORD-002570,2025-10-27,MTY-02,Norte,Tienda,Deportes,Mochila deportiva,1,782.54,0.0,328.84,Nuevo,Efectivo,False,4.0
ORD-002094,2025-09-22,GDL-02,Occidente,Tienda,Electrónica,Teclado mecánico,4,1215.14,0.0,737.18,Recurrente,Tarjeta,False,1.0
ORD-003027,2025-10-04,CHH-01,Norte,Tienda,Hogar,Licuadora,3,979.51,0.15,567.97,Empresa,Tarjeta,False,4.0
ORD-003188,2025-05-17,CDMX-02,Centro,Tienda,Deportes,Tapete de yoga,2,397.13,0.3,159.14,Nuevo,Tarjeta,False,4.0
ORD-002169,2025-03-04,CAN-01,Sureste,Tienda,Electrónica,Audífonos Bluetooth,2,708.54,0.15,388.46,Recurrente,Transferencia,False,4.0
ORD-002539,2025-09-16,GDL-01,Occidente,Online,Hogar,Cafetera programable,2,1507.48,0.0,880.75,Recurrente,Efectivo,False,5.0
ORD-001107,2025-12-26,GDL-01,Occidente,Tienda,Deportes,Mancuernas 10 kg,5,994.77,0.05,524.95,Nuevo,Tarjeta,False,3.0
ORD-003421,2025-03-30,MER-01,Sureste,Tienda,Hogar,Juego de sábanas,2,633.72,0.1,317.09,Recurrente,Tarjeta,False,3.0
ORD-001176,2025-01-25,GDL-02,Occidente,Online,Electrónica,Teclado mecánico,2,1172.76,0.0,729.41,Nuevo,Efectivo,False,3.0
ORD-003444,2025-09-23,MTY-01,Norte,Tienda,Oficina,Silla ergonómica,1,2940.45,0.05,1770.68,Nuevo,Efectivo,False,4.0
ORD-002586,2025-11-14,CHH-01,Norte,Online,Oficina,Silla ergonómica,2,3161.78,0.05,1817.88,Recurrente,Tarjeta,False,5.0
ORD-002946,2025-05-07,CHH-01,Norte,Tienda,Deportes,Tapete de yoga,2,414.12,0.05,157.5,Recurrente,Transferencia,False,3.0
ORD-002023,2025-04-01,MER-01,Sureste,Tienda,Deportes,Mochila deportiva,3,793.66,0.1,345.98,Recurrente,Tarjeta,False,4.0
ORD-002271,2025-05-10,CAN-01,Sureste,Tienda,Electrónica,Monitor 24 pulgadas,1,3363.81,0.1,2374.19,Nuevo,Transferencia,False,3.0
ORD-001248,2025-04-09,MTY-01,Norte,Tienda,Hogar,Cafetera programable,1,1516.13,0.2,870.59,Nuevo,Tarjeta,False,5.0
ORD-000813,2025-07-08,CDMX-01,Centro,Tienda,Deportes,Mancuernas 10 kg,1,929.59,0.2,523.94,Recurrente,Tarjeta,False,5.0
ORD-000051,2025-11-13,CHH-01,Norte,Online,Electrónica,Teclado mecánico,3,1349.81,0.3,724.03,Nuevo,Efectivo,False,1.0
ORD-003158,2025-02-13,MER-01,Sureste,Online,Electrónica,Audífonos Bluetooth,2,705.63,0.1,389.97,Recurrente,Transferencia,False,5.0
ORD-000966,2025-11-26,GDL-02,Occidente,Tienda,Electrónica,Audífonos Bluetooth,1,776.14,0.1,370.23,Nuevo,Tarjeta,False,4.0
ORD-000494,2025-03-05,CDMX-01,Centro,Tienda,Hogar,Cafetera programable,4,1550.22,0.0,868.2,Nuevo,Tarjeta,False,1.0
ORD-000782,2025-07-16,CDMX-02,Centro,Tienda,Oficina,Organizador de escritorio,3,285.88,0.0,102.14,Recurrente,Tarjeta,False,4.0
ORD-002043,2025-08-11,MTY-01,Norte,Tienda,Deportes,Mochila deportiva,2,729.44,0.05,333.12,Recurrente,Tarjeta,False,5.0
ORD-003182,2025-01-24,CDMX-02,Centro,Online,Hogar,Juego de sábanas,4,684.58,0.1,305.49,Recurrente,Tarjeta,False,4.0
ORD-000402,2025-03-13,GDL-02,Occidente,Tienda,Electrónica,Audífonos Bluetooth,2,705.77,0.0,389.91,Empresa,Tarjeta,False,1.0
ORD-003147,2025-08-18,CHH-01,Norte,Online,Electrónica,Monitor 24 pulgadas,2,3243.35,0.1,2276.38,Nuevo,Efectivo,False,5.0
ORD-000136,2025-03-23,MTY-02,Norte,Tienda,Oficina,Organizador de escritorio,1,273.79,0.15,105.36,Recurrente,Efectivo,True,5.0
ORD-001034,2025-11-01,CDMX-02,Centro,Tienda,Electrónica,Monitor 24 pulgadas,1,3740.38,0.05,2288.21,Recurrente,Tarjeta,False,3.0
ORD-003488,2025-10-30,CDMX-01,Centro,Tienda,Electrónica,Audífonos Bluetooth,1,713.56,0.0,388.61,Recurrente,Tarjeta,False,5.0
ORD-000045,2025-07-18,VER-01,Golfo,Tienda,Hogar,Cafetera programable,1,1486.78,0.1,852.77,Recurrente,Tarjeta,False,5.0
ORD-000332,2025-11-05,VER-01,Golfo,Tienda,Oficina,Organizador de escritorio,2,313.3,0.1,105.41,Recurrente,Tarjeta,False,4.0
ORD-002664,2025-08-25,MTY-01,Norte,Tienda,Electrónica,Monitor 24 pulgadas,3,3188.86,0.05,2424.08,Nuevo,Tarjeta,False,5.0
ORD-002006,2025-08-12,CDMX-01,Centro,Tienda,Oficina,Organizador de escritorio,1,274.15,0.3,107.5,Recurrente,Tarjeta,False,4.0
ORD-002867,2025-11-05,MTY-02,Norte,Tienda,Deportes,Mochila deportiva,4,825.79,0.0,331.13,Nuevo,Tarjeta,False,4.0
ORD-002393,2025-11-30,PUE-01,Centro,Tienda,Oficina,Organizador de escritorio,2,310.66,0.05,105.23,Recurrente,Tarjeta,False,3.0
ORD-000271,2025-09-22,CHH-01,Norte,Tienda,Deportes,Mancuernas 10 kg,2,916.1,0.15,515.88,Recurrente,Tarjeta,False,1.0
ORD-002004,2025-04-01,PUE-01,Centro,Online,Hogar,Cafetera programable,2,1495.07,0.0,864.15,Nuevo,Efectivo,False,5.0
ORD-001394,2025-09-21,CAN-01,Sureste,Tienda,Oficina,Silla ergonómica,1,2896.27,0.15,1812.28,Recurrente,Tarjeta,False,5.0
ORD-000991,2025-07-04,ZAP-01,Occidente,Tienda,Deportes,Mancuernas 10 kg,1,889.49,0.05,520.05,Nuevo,Transferencia,False,5.0
ORD-001401,2025-02-24,CDMX-02,Centro,Online,Electrónica,Monitor 24 pulgadas,1,3242.05,0.15,2371.32,Nuevo,Tarjeta,True,3.0
ORD-003439,2025-12-29,CDMX-02,Centro,Tienda,Electrónica,Monitor 24 pulgadas,5,3584.13,0.05,2345.35,Recurrente,Efectivo,False,4.0
ORD-000605,2025-03-15,CHH-01,Norte,Tienda,Electrónica,Audífonos Bluetooth,6,720.33,0.1,379.89,Nuevo,Tarjeta,False,4.0
ORD-000965,2025-09-24,GDL-01,Occidente,Tienda,Electrónica,Teclado mecánico,1,1170.0,0.0,721.98,Nuevo,Efectivo,False,4.0
ORD-001241,2025-01-08,CAN-01,Sureste,Tienda,Hogar,Licuadora,1,967.54,0.15,558.94,Recurrente,Efectivo,False,4.0
ORD-000004,2025-05-04,PUE-01,Centro,Online,Electrónica,Audífonos Bluetooth,1,721.52,0.0,391.68,Recurrente,Tarjeta,False,5.0
ORD-001606,2025-03-21,VER-01,,Tienda,Oficina,Lámpara LED,1,569.19,0.3,246.9,Recurrente,Tarjeta,True,4.0
ORD-001911,2025-06-30,CHH-01,Norte,Tienda,Oficina,Organizador de escritorio,1,293.16,0.1,104.97,Recurrente,Tarjeta,False,5.0
ORD-002625,2025-10-31,CAN-01,Sureste,Tienda,Hogar,Licuadora,1,1018.45,0.1,560.29,Nuevo,Efectivo,False,4.0
ORD-000467,2025-03-01,MER-01,Sureste,Tienda,Oficina,Lámpara LED,1,546.6,0.0,236.53,Recurrente,Tarjeta,False,4.0
ORD-001021,2025-12-06,CAN-01,Sureste,Online,Oficina,Organizador de escritorio,1,315.6,0.0,104.42,Recurrente,Transferencia,False,3.0
ORD-002799,2025-02-13,ZAP-01,Occidente,Tienda,Oficina,Lámpara LED,6,555.36,0.15,241.79,Recurrente,Efectivo,False,2.0
ORD-002495,2025-06-23,MTY-01,Norte,Online,Oficina,Organizador de escritorio,4,290.33,0.05,104.24,Nuevo,Tarjeta,False,5.0
ORD-001392,2025-06-24,PUE-01,Centro,Online,Electrónica,Teclado mecánico,6,1178.33,0.0,724.52,Nuevo,Transferencia,False,5.0
ORD-000684,2025-12-30,ZAP-01,Occidente,Online,Deportes,Mancuernas 10 kg,1,957.95,0.3,534.49,Recurrente,Tarjeta,False,4.0
ORD-000501,2025-02-03,CHH-01,Norte,Tienda,Oficina,Lámpara LED,1,554.9,0.1,248.26,Nuevo,Transferencia,False,3.0
ORD-002785,2025-03-31,MER-01,Sureste,Tienda,Hogar,Cafetera programable,2,1564.09,0.1,875.1,Recurrente,Tarjeta,False,4.0
ORD-001992,2025-12-05,CDMX-02,Centro,Online,Oficina,Silla ergonómica,4,3252.55,0.05,1844.04,Recurrente,Tarjeta,False,3.0
ORD-003173,2025-08-09,PUE-01,Centro,Tienda,Electrónica,Audífonos Bluetooth,2,706.04,0.15,390.71,Recurrente,Tarjeta,False,5.0
ORD-002995,2025-12-14,MTY-02,Norte,Tienda,Hogar,Cafetera programable,2,1610.17,0.0,859.48,Nuevo,Tarjeta,True,4.0
ORD-003099,2025-09-27,ZAP-01,Occidente,Tienda,Deportes,Mancuernas 10 kg,1,873.01,0.15,510.9,Recurrente,Transferencia,False,4.0
ORD-000124,2025-03-07,MTY-02,Norte,Tienda,Deportes,Mancuernas 10 kg,1,926.75,0.2,514.82,Nuevo,Tarjeta,True,4.0
ORD-000105,2025-11-16,CDMX-02,Centro,Tienda,Deportes,Mochila deportiva,1,782.89,0.0,336.23,Recurrente,Tarjeta,False,5.0
ORD-001493,2025-11-01,CHH-01,Norte,Tienda,Hogar,Juego de sábanas,2,706.53,0.0,302.28,Nuevo,Tarjeta,False,4.0
ORD-002287,2025-09-26,VER-01,Golfo,Tienda,Oficina,Silla ergonómica,2,2857.86,0.1,1864.13,Recurrente,Tarjeta,False,5.0
ORD-001326,2025-06-13,GDL-02,Occidente,Tienda,Deportes,Mancuernas 10 kg,1,885.97,0.15,533.15,Nuevo,Tarjeta,False,4.0
ORD-001046,2025-01-12,CHH-01,Norte,Tienda,Deportes,Mancuernas 10 kg,2,919.81,0.1,523.38,Recurrente,Tarjeta,False,4.0
ORD-001521,2025-08-09,MER-01,Sureste,Online,Oficina,Lámpara LED,3,550.59,0.1,237.62,Nuevo,Tarjeta,False,3.0
ORD-001750,2025-08-24,CAN-01,Sureste,Online,Oficina,Silla ergonómica,2,2957.26,0.15,1804.53,Recurrente,Tarjeta,False,4.0
ORD-001826,2025-04-29,GDL-01,Occidente,Online,Hogar,Licuadora,1,1023.29,0.0,567.01,Nuevo,Tarjeta,False,2.0
ORD-002131,2025-03-21,MTY-02,Norte,Tienda,Deportes,Mochila deportiva,1,736.99,0.0,339.39,Recurrente,Tarjeta,False,5.0
ORD-003048,2025-05-15,MTY-02,Norte,Online,Hogar,Cafetera programable,4,1538.63,0.1,875.76,Nuevo,Tarjeta,True,5.0
ORD-002278,2025-05-25,VER-01,Golfo,Tienda,Hogar,Cafetera programable,2,1499.22,0.15,872.85,Nuevo,Efectivo,False,2.0
ORD-002813,2025-02-04,CHH-01,Norte,Tienda,Oficina,Lámpara LED,5,561.58,0.0,235.61,Recurrente,Efectivo,False,2.0
ORD-003183,2025-01-21,CHH-01,Norte,Tienda,Oficina,Lámpara LED,2,531.21,0.05,244.81,Nuevo,Transferencia,False,4.0
ORD-001258,2025-04-11,GDL-02,,Tienda,Hogar,Cafetera programable,3,1469.08,0.1,874.44,Nuevo,Efectivo,False,5.0
ORD-001818,2025-01-07,MTY-02,Norte,Tienda,Oficina,Organizador de escritorio,2,285.14,0.1,103.14,Nuevo,Tarjeta,False,5.0
ORD-000366,2025-11-25,CHH-01,Norte,Tienda,Hogar,Cafetera programable,3,1615.77,0.1,856.82,Recurrente,Tarjeta,False,3.0
ORD-001031,2025-08-22,CDMX-02,Centro,Tienda,Electrónica,Audífonos Bluetooth,1,701.56,0.1,390.92,Recurrente,Tarjeta,False,5.0
ORD-001896,2025-11-24,CDMX-02,Centro,Online,Deportes,Mancuernas 10 kg,1,972.72,0.05,530.77,Empresa,Efectivo,False,4.0
ORD-000913,2025-09-25,MTY-02,Norte,Online,Deportes,Tapete de yoga,2,415.63,0.05,163.19,Recurrente,Efectivo,False,3.0
ORD-003104,2025-05-02,PUE-01,Centro,Online,Oficina,Silla ergonómica,4,2946.81,0.0,1801.51,Recurrente,Efectivo,False,4.0
ORD-000621,2025-02-18,GDL-01,Occidente,Tienda,Hogar,Cafetera programable,2,1467.34,0.1,853.73,Recurrente,Tarjeta,False,4.0
ORD-000756,2025-06-20,MER-01,Sureste,Tienda,Oficina,Organizador de escritorio,2,289.06,0.0,103.41,Nuevo,Tarjeta,False,4.0
ORD-001357,2025-12-24,VER-01,Golfo,Tienda,Electrónica,Monitor 24 pulgadas,1,3605.59,0.0,2340.06,Empresa,Tarjeta,False,4.0
ORD-001298,2025-11-29,CHH-01,Norte,Online,Oficina,Organizador de escritorio,3,323.65,0.0,107.51,Recurrente,Tarjeta,False,4.0
ORD-000368,2025-03-06,CHH-01,Norte,Tienda,Oficina,Organizador de escritorio,1,290.8,0.05,105.17,Recurrente,Efectivo,False,4.0
ORD-003401,2025-12-13,MTY-02,Norte,Tienda,Deportes,Mochila deportiva,1,820.75,0.0,326.31,Nuevo,Tarjeta,False,5.0
ORD-001703,2025-12-22,CDMX-02,Centro,Tienda,Hogar,Juego de sábanas,1,726.41,0.0,302.16,Nuevo,Tarjeta,False,5.0
ORD-002522,2025-02-04,GDL-02,Occidente,Online,Deportes,Mochila deportiva,1,732.89,0.15,337.58,Nuevo,Tarjeta,False,5.0
ORD-001568,2025-05-10,GDL-02,Occidente,Tienda,Electrónica,Audífonos Bluetooth,2,709.62,0.0,374.69,Recurrente,Transferencia,False,5.0
ORD-001158,2025-01-18,GDL-02,Occidente,Tienda,Hogar,Cafetera programable,2,1471.86,0.0,843.13,Nuevo,Efectivo,False,5.0
ORD-000364,2025-10-11,MER-01,Sureste,Tienda,Electrónica,Monitor 24 pulgadas,3,3411.08,0.05,2345.71,Nuevo,Transferencia,False,4.0
ORD-000816,2025-05-09,CDMX-02,Centro,Tienda,Electrónica,Monitor 24 pulgadas,2,3288.81,0.05,2359.97,Empresa,Transferencia,False,3.0
ORD-003251,2025-09-13,MTY-01,Norte,Online,Deportes,Mochila deportiva,1,731.63,0.0,338.18,Empresa,Tarjeta,False,4.0
ORD-000584,2025-08-19,ZAP-01,Occidente,Online,Hogar,Juego de sábanas,1,625.4,0.0,312.11,Nuevo,Tarjeta,False,5.0
ORD-002432,2025-11-18,CDMX-02,Centro,Tienda,Deportes,Tapete de yoga,2,453.35,0.0,158.95,Recurrente,Tarjeta,False,4.0
ORD-000670,2025-07-09,CDMX-02,Centro,Tienda,Electrónica,Audífonos Bluetooth,4,687.93,0.1,393.78,Nuevo,Tarjeta,False,5.0
ORD-002647,2025-11-19,CAN-01,Sureste,Online,Hogar,Licuadora,1,1106.55,0.2,548.79,Recurrente,Tarjeta,False,5.0
ORD-001386,2025-08-21,CDMX-01,Centro,Tienda,Oficina,Lámpara LED,1,548.13,0.05,239.81,Recurrente,Efectivo,False,3.0
ORD-002525,2025-07-26,CDMX-02,Centro,Online,Hogar,Juego de sábanas,1,651.25,0.15,311.57,Recurrente,Tarjeta,False,5.0
ORD-003240,2025-05-24,PUE-01,Centro,Online,Hogar,Juego de sábanas,1,685.93,0.0,314.86,Recurrente,Tarjeta,False,5.0
ORD-001661,2025-02-02,PUE-01,Centro,Tienda,Oficina,Silla ergonómica,1,2901.93,0.05,1856.23,Recurrente,Tarjeta,False,5.0
ORD-000071,2025-01-05,ZAP-01,Occidente,Tienda,Hogar,Licuadora,3,1025.0,0.1,571.25,Recurrente,Tarjeta,False,5.0
ORD-001944,2025-04-15,MTY-02,Norte,Tienda,Electrónica,Audífonos Bluetooth,1,668.33,0.05,394.06,Recurrente,Efectivo,False,5.0
ORD-000222,2025-10-30,MTY-01,Norte,Tienda,Oficina,Organizador de escritorio,1,289.37,0.1,103.22,Recurrente,Efectivo,False,1.0
ORD-003556,2025-02-15,MTY-01,Norte,Tienda,Hogar,Cafetera programable,2,1480.53,0.05,881.41,Nuevo,Tarjeta,False,5.0
ORD-002062,2025-05-29,MTY-01,Norte,Tienda,Hogar,Cafetera programable,3,1495.12,0.05,864.67,Nuevo,Transferencia,False,5.0
ORD-000716,2025-08-22,CHH-01,Norte,Tienda,Electrónica,Teclado mecánico,4,1212.26,0.0,708.37,Recurrente,Transferencia,True,4.0
ORD-000629,2025-07-09,ZAP-01,Occidente,Tienda,Deportes,Tapete de yoga,6,403.96,0.0,160.15,Recurrente,Transferencia,False,5.0
ORD-001859,2025-06-20,CDMX-02,Centro,Online,Oficina,Organizador de escritorio,1,296.38,0.2,103.53,Empresa,Tarjeta,False,4.0
ORD-001814,2025-08-11,PUE-01,Centro,Online,Deportes,Tapete de yoga,2,398.39,0.3,159.94,Recurrente,Efectivo,False,4.0
ORD-001506,2025-06-26,MTY-02,Norte,Tienda,Hogar,Licuadora,2,995.59,0.1,557.48,Nuevo,Tarjeta,False,4.0
ORD-000276,2025-03-15,CHH-01,Norte,Online,Oficina,Organizador de escritorio,1,289.29,0.0,103.35,Nuevo,Tarjeta,False,5.0
ORD-000231,2025-02-22,PUE-01,Centro,Tienda,Electrónica,Audífonos Bluetooth,1,694.62,0.1,382.41,Nuevo,Tarjeta,False,4.0
ORD-002554,2025-12-24,MTY-02,,Online,Deportes,Mancuernas 10 kg,1,1004.29,0.1,524.52,Nuevo,Tarjeta,False,3.0
ORD-001221,2025-08-24,CAN-01,Sureste,Tienda,Electrónica,Teclado mecánico,4,1169.06,0.05,724.06,Nuevo,Tarjeta,False,5.0
ORD-001948,2025-01-15,CHH-01,Norte,Tienda,Oficina,Organizador de escritorio,6,284.03,0.1,105.16,Recurrente,Tarjeta,False,4.0
ORD-003223,2025-09-02,CDMX-02,Centro,Tienda,Hogar,Licuadora,1,981.37,0.3,564.12,Recurrente,Transferencia,False,3.0
ORD-003001,2025-11-20,PUE-01,Centro,Tienda,Electrónica,Teclado mecánico,1,1311.32,0.1,711.24,Nuevo,Tarjeta,False,3.0
ORD-002282,2025-10-02,MTY-01,Norte,Tienda,Oficina,Organizador de escritorio,2,288.18,0.2,101.45,Empresa,Tarjeta,False,4.0
ORD-002778,2025-05-28,CDMX-02,Centro,Online,Oficina,Silla ergonómica,2,2886.81,0.0,1837.73,Nuevo,Tarjeta,False,4.0
ORD-002614,2025-03-22,MTY-01,Norte,Tienda,Electrónica,Audífonos Bluetooth,1,696.74,0.0,380.07,Recurrente,Tarjeta,False,4.0
ORD-002320,2025-08-19,CAN-01,Sureste,Tienda,Electrónica,Teclado mecánico,1,1190.63,0.1,711.28,Nuevo,Tarjeta,False,1.0
ORD-003250,2025-05-13,CDMX-01,Centro,Tienda,Deportes,Mochila deportiva,2,763.03,0.1,333.87,Nuevo,Tarjeta,False,4.0
ORD-003002,2025-11-10,GDL-01,Occidente,Online,Hogar,Licuadora,3,1105.55,0.0,550.82,Recurrente,Tarjeta,False,4.0
ORD-003460,2025-08-29,MER-01,Sureste,Tienda,Electrónica,Teclado mecánico,3,1243.61,0.05,700.62,Recurrente,Tarjeta,False,3.0
ORD-001153,2025-05-10,MER-01,Sureste,Online,Hogar,Cafetera programable,1,1537.7,0.0,844.95,Recurrente,Tarjeta,False,3.0
ORD-000130,2025-09-15,CAN-01,Sureste,Tienda,Deportes,Mochila deportiva,2,761.07,0.15,337.95,Recurrente,Efectivo,False,4.0
ORD-000851,2025-03-15,CAN-01,Sureste,Online,Hogar,Juego de sábanas,2,623.9,0.0,310.09,Recurrente,Transferencia,False,5.0
ORD-001708,2025-05-16,PUE-01,Centro,Tienda,Oficina,Silla ergonómica,1,2935.66,0.1,1835.02,Recurrente,Tarjeta,False,5.0
ORD-003111,2025-06-17,GDL-02,Occidente,Tienda,Electrónica,Monitor 24 pulgadas,1,3205.95,0.05,2312.55,Nuevo,Transferencia,False,2.0
ORD-002788,2025-04-23,CDMX-02,Centro,Tienda,Deportes,Tapete de yoga,1,407.47,0.1,160.18,Nuevo,Tarjeta,False,5.0
ORD-002697,2025-04-08,MER-01,Sureste,Tienda,Hogar,Licuadora,2,1005.44,0.1,544.19,Recurrente,Efectivo,False,4.0
ORD-001304,2025-06-16,CDMX-01,Centro,Tienda,Hogar,Licuadora,4,1012.99,0.0,555.18,Empresa,Transferencia,False,3.0
ORD-000194,2025-06-26,CHH-01,Norte,Tienda,Oficina,Organizador de escritorio,2,289.35,0.0,104.33,Nuevo,Tarjeta,False,4.0
ORD-002289,2025-10-13,VER-01,Golfo,Tienda,Hogar,Cafetera programable,3,1554.65,0.15,887.89,Recurrente,Tarjeta,False,5.0
ORD-000735,2025-06-26,MTY-01,Norte,Tienda,Deportes,Tapete de yoga,2,404.01,0.2,160.66,Nuevo,Transferencia,False,4.0
ORD-003302,2025-10-29,MER-01,Sureste,Tienda,Deportes,Mochila deportiva,2,742.49,0.05,339.81,Nuevo,Tarjeta,False,2.0
ORD-003186,2025-09-19,CAN-01,Sureste,Online,Hogar,Juego de sábanas,1,632.47,0.15,316.28,Recurrente,Transferencia,False,5.0
ORD-002846,2025-08-29,MER-01,Sureste,Tienda,Deportes,Tapete de yoga,4,381.27,0.2,155.65,Nuevo,Tarjeta,False,2.0
ORD-000304,2025-03-02,MTY-01,Norte,Tienda,Hogar,Cafetera programable,1,1539.45,0.05,872.3,Nuevo,Tarjeta,False,4.0
ORD-001040,2025-08-11,ZAP-01,Occidente,Tienda,Electrónica,Audífonos Bluetooth,1,720.17,0.05,391.75,Recurrente,Tarjeta,False,4.0
ORD-000578,2025-06-27,VER-01,Golfo,Tienda,Deportes,Tapete de yoga,2,404.35,0.0,161.44,Nuevo,Efectivo,False,3.0
ORD-000003,2025-08-23,PUE-01,Centro,Online,Electrónica,Teclado mecánico,3,1198.85,0.0,723.3,Nuevo,Tarjeta,False,3.0
ORD-000546,2025-01-17,ZAP-01,Occidente,Tienda,Electrónica,Audífonos Bluetooth,4,702.09,0.0,381.81,Recurrente,Tarjeta,False,5.0
ORD-001255,2025-04-15,GDL-01,Occidente,Tienda,Oficina,Silla ergonómica,1,2879.24,0.15,1817.07,Nuevo,Tarjeta,False,2.0
ORD-003125,2025-07-09,MTY-01,Norte,Tienda,Oficina,Lámpara LED,1,539.72,0.0,246.16,Recurrente,Tarjeta,False,4.0
ORD-001853,2025-08-28,PUE-01,Centro,Online,Electrónica,Monitor 24 pulgadas,3,3285.83,0.0,2316.9,Empresa,Tarjeta,False,5.0
ORD-000589,2025-08-17,VER-01,Golfo,Tienda,Oficina,Organizador de escritorio,1,299.79,0.05,105.42,Empresa,Efectivo,True,5.0
ORD-003016,2025-07-16,CAN-01,Sureste,Online,Deportes,Mochila deportiva,1,784.51,0.0,335.91,Empresa,Efectivo,False,5.0
ORD-003335,2025-06-07,GDL-02,Occidente,Tienda,Electrónica,Teclado mecánico,5,1236.71,0.1,751.25,Nuevo,Tarjeta,False,4.0
ORD-002010,2025-01-15,CDMX-02,Centro,Tienda,Oficina,Silla ergonómica,1,2851.13,0.15,1804.79,Empresa,Tarjeta,False,5.0
ORD-003407,2025-12-24,GDL-02,Occidente,Tienda,Electrónica,Monitor 24 pulgadas,3,3568.08,0.2,2383.73,Nuevo,Tarjeta,False,2.0
ORD-000592,2025-10-26,GDL-02,Occidente,Tienda,Oficina,Lámpara LED,1,550.29,0.0,243.62,Empresa,Tarjeta,False,4.0
ORD-000143,2025-08-13,MTY-01,Norte,Tienda,Hogar,Juego de sábanas,1,641.38,0.0,314.67,Empresa,Tarjeta,False,5.0
ORD-000967,2025-01-22,MER-01,Sureste,Online,Hogar,Cafetera programable,1,1579.57,0.0,861.23,Recurrente,Transferencia,False,5.0
ORD-002758,2025-12-12,MER-01,,Tienda,Deportes,Tapete de yoga,1,435.64,0.1,159.19,Empresa,Tarjeta,False,5.0
ORD-002679,2025-02-13,MTY-02,Norte,Online,Electrónica,Teclado mecánico,1,1220.99,0.3,710.58,Nuevo,Efectivo,False,5.0
ORD-001611,2025-12-30,CDMX-01,Centro,Tienda,Oficina,Silla ergonómica,5,3214.59,0.0,1786.79,Nuevo,Efectivo,False,2.0
ORD-000019,2025-06-24,MTY-02,Norte,Online,Hogar,Licuadora,2,977.35,0.0,542.97,Nuevo,Tarjeta,False,4.0
ORD-001536,2025-02-15,MTY-01,Norte,Online,Hogar,Cafetera programable,2,1529.1,0.15,862.68,Nuevo,Efectivo,False,5.0
ORD-000479,2025-08-08,GDL-01,Occidente,Online,Deportes,Mancuernas 10 kg,2,903.12,0.1,523.93,Recurrente,Tarjeta,False,4.0
ORD-001354,2025-09-26,CHH-01,Norte,Online,Deportes,Mancuernas 10 kg,3,880.31,0.05,526.32,Nuevo,Tarjeta,False,4.0
ORD-000857,2025-01-25,VER-01,Golfo,Tienda,Electrónica,Teclado mecánico,3,1150.08,0.1,719.43,Recurrente,Tarjeta,False,5.0
ORD-000776,2025-05-27,MER-01,Sureste,Tienda,Deportes,Mancuernas 10 kg,1,878.01,0.2,526.49,Recurrente,Tarjeta,False,3.0
ORD-002859,2025-05-25,CDMX-02,Centro,Tienda,Oficina,Organizador de escritorio,1,298.82,0.0,105.41,Nuevo,Efectivo,False,5.0
ORD-003370,2025-11-18,VER-01,Golfo,Online,Deportes,Mochila deportiva,1,780.28,0.0,344.13,Nuevo,Tarjeta,False,5.0
ORD-002262,2025-02-23,CDMX-02,Centro,Tienda,Electrónica,Monitor 24 pulgadas,2,3321.43,0.2,2346.85,Nuevo,Tarjeta,False,4.0
ORD-001637,2025-11-20,MTY-02,Norte,Tienda,Deportes,Tapete de yoga,3,441.96,0.1,157.71,Recurrente,Tarjeta,False,2.0
ORD-003256,2025-01-03,MTY-01,Norte,Tienda,Deportes,Mancuernas 10 kg,5,917.39,0.2,525.18,Recurrente,Tarjeta,False,5.0
ORD-000915,2025-10-31,MER-01,Sureste,Tienda,Hogar,Cafetera programable,2,1441.52,0.3,900.41,Nuevo,Tarjeta,False,5.0
ORD-000308,2025-04-26,CDMX-01,Centro,Tienda,Electrónica,Audífonos Bluetooth,1,712.37,0.05,389.15,Recurrente,Tarjeta,False,2.0
ORD-000379,2025-02-16,MER-01,Sureste,Tienda,Deportes,Mochila deportiva,1,763.53,0.0,338.05,Nuevo,Efectivo,False,3.0
ORD-002994,2025-08-13,CDMX-02,Centro,Tienda,Deportes,Tapete de yoga,1,401.83,0.05,162.47,Nuevo,Efectivo,False,5.0
ORD-000029,2025-04-09,CAN-01,Sureste,Online,Electrónica,Monitor 24 pulgadas,3,3250.28,0.0,2360.71,Recurrente,Tarjeta,False,5.0
ORD-001705,2025-11-01,VER-01,Golfo,Tienda,Hogar,Cafetera programable,1,1659.76,0.0,893.58,Recurrente,Efectivo,False,5.0
ORD-002375,2025-10-22,CDMX-01,Centro,Tienda,Hogar,Juego de sábanas,5,643.48,0.2,315.98,Recurrente,Efectivo,False,3.0
ORD-003516,2025-03-07,MER-01,Sureste,Online,Hogar,Licuadora,2,1004.08,0.05,555.76,Recurrente,Tarjeta,False,4.0
ORD-003155,2025-11-20,CAN-01,Sureste,Tienda,Electrónica,Monitor 24 pulgadas,2,3650.76,0.1,2350.63,Nuevo,Efectivo,False,4.0
ORD-002462,2025-05-13,ZAP-01,Occidente,Tienda,Electrónica,Monitor 24 pulgadas,1,3322.85,0.0,2383.12,Nuevo,Efectivo,False,5.0
ORD-000241,2025-03-13,PUE-01,Centro,Tienda,Oficina,Lámpara LED,1,538.26,0.1,235.71,Nuevo,Tarjeta,False,5.0
ORD-002470,2025-04-16,ZAP-01,Occidente,Tienda,Hogar,Licuadora,3,1022.65,0.0,559.55,Empresa,Tarjeta,False,4.0
ORD-002553,2025-06-25,CHH-01,Norte,Tienda,Electrónica,Monitor 24 pulgadas,1,3184.47,0.05,2366.91,Recurrente,Transferencia,False,4.0
ORD-001657,2025-04-07,MTY-01,Norte,Online,Oficina,Lámpara LED,2,556.58,0.1,244.6,Recurrente,Tarjeta,False,4.0
ORD-002125,2025-05-24,GDL-02,Occidente,Tienda,Deportes,Mochila deportiva,2,780.93,0.0,339.07,Recurrente,Tarjeta,False,4.0
ORD-002074,2025-01-18,MTY-01,Norte,Tienda,Electrónica,Monitor 24 pulgadas,1,3371.62,0.1,2290.38,Empresa,Tarjeta,False,4.0
ORD-002766,2025-07-05,MTY-02,Norte,Tienda,Electrónica,Teclado mecánico,2,1160.97,0.1,721.81,Nuevo,Efectivo,False,3.0
ORD-000280,2025-03-30,CDMX-02,Centro,Tienda,Hogar,Juego de sábanas,3,630.28,0.2,311.86,Recurrente,Efectivo,False,3.0
ORD-000279,2025-04-26,CDMX-02,Centro,Tienda,Hogar,Juego de sábanas,5,647.45,0.2,305.92,Recurrente,Tarjeta,False,5.0
ORD-000300,2025-11-22,GDL-02,Occidente,Tienda,Oficina,Organizador de escritorio,1,310.47,0.2,104.83,Nuevo,Tarjeta,False,3.0
ORD-003316,2025-05-15,GDL-01,Occidente,Tienda,Deportes,Tapete de yoga,3,370.85,0.1,161.26,Nuevo,Tarjeta,True,5.0
ORD-003162,2025-03-01,CDMX-02,Centro,Tienda,Hogar,Juego de sábanas,2,614.18,0.05,308.39,Recurrente,Tarjeta,False,4.0
ORD-000126,2025-08-10,MTY-02,Norte,Online,Hogar,Juego de sábanas,1,666.82,0.1,309.94,Nuevo,Tarjeta,False,4.0
ORD-002253,2025-06-22,PUE-01,Centro,Online,Hogar,Licuadora,3,1005.88,0.0,564.38,Recurrente,Tarjeta,False,3.0
ORD-002808,2025-10-10,CDMX-01,Centro,Tienda,Electrónica,Monitor 24 pulgadas,6,3349.79,0.3,2307.32,Nuevo,Tarjeta,False,4.0
ORD-000651,2025-12-12,VER-01,Golfo,Tienda,Electrónica,Teclado mecánico,4,1340.92,0.05,704.4,Recurrente,Tarjeta,False,5.0
ORD-000137,2025-05-15,MTY-02,Norte,Tienda,Hogar,Cafetera programable,1,1473.44,0.15,832.15,Recurrente,Tarjeta,False,4.0
ORD-000884,2025-01-30,MTY-02,Norte,Tienda,Electrónica,Teclado mecánico,1,1159.24,0.1,722.79,Nuevo,Efectivo,False,5.0
ORD-002635,2025-07-22,CAN-01,Sureste,Tienda,Electrónica,Teclado mecánico,1,1209.17,0.1,727.74,Recurrente,Tarjeta,False,4.0
ORD-000365,2025-11-22,MER-01,Sureste,Tienda,Oficina,Organizador de escritorio,6,314.72,0.1,103.21,Recurrente,Tarjeta,False,5.0
ORD-001455,2025-09-30,CDMX-01,Centro,Tienda,Hogar,Licuadora,1,1003.85,0.0,563.04,Nuevo,Efectivo,False,5.0
ORD-001449,2025-07-06,VER-01,Golfo,Tienda,Hogar,Juego de sábanas,2,681.62,0.2,311.1,Recurrente,Transferencia,False,5.0
ORD-002513,2025-05-01,GDL-02,Occidente,Tienda,Electrónica,Audífonos Bluetooth,1,692.01,0.1,385.74,Empresa,Efectivo,False,4.0
ORD-003399,2025-02-13,CAN-01,Sureste,Tienda,Hogar,Cafetera programable,2,1482.79,0.1,866.66,Recurrente,Tarjeta,False,5.0
ORD-002408,2025-04-26,CDMX-02,Centro,Tienda,Deportes,Mochila deportiva,2,748.25,0.05,342.98,Nuevo,Efectivo,False,4.0
ORD-003008,2025-02-10,PUE-01,Centro,Online,Electrónica,Audífonos Bluetooth,3,711.71,0.1,384.75,Recurrente,Efectivo,False,4.0
ORD-002468,2025-10-13,GDL-02,Occidente,Tienda,Electrónica,Teclado mecánico,4,1240.11,0.05,716.44,Nuevo,Tarjeta,True,5.0
ORD-001072,2025-11-18,CHH-01,Norte,Online,Oficina,Organizador de escritorio,4,320.26,0.2,106.08,Nuevo,Tarjeta,False,4.0
ORD-000701,2025-04-26,MTY-02,Norte,Tienda,Electrónica,Monitor 24 pulgadas,1,3224.56,0.1,2321.08,Nuevo,Tarjeta,False,4.0
ORD-001268,2025-11-26,PUE-01,Centro,Online,Oficina,Silla ergonómica,2,3266.99,0.0,1829.83,Nuevo,Tarjeta,False,4.0
ORD-001317,2025-11-08,CDMX-02,Centro,Tienda,Oficina,Lámpara LED,2,603.0,0.0,237.67,Nuevo,Efectivo,False,3.0
ORD-000321,2025-09-17,CDMX-02,Centro,Tienda,Hogar,Juego de sábanas,5,665.82,0.2,305.09,Nuevo,Efectivo,False,4.0
ORD-001808,2025-02-20,GDL-01,Occidente,Online,Oficina,Silla ergonómica,1,3007.07,0.1,1828.28,Recurrente,Transferencia,False,4.0
ORD-000327,2025-12-19,MTY-01,Norte,Tienda,Oficina,Lámpara LED,2,597.37,0.3,232.13,Recurrente,Efectivo,False,5.0
ORD-002531,2025-08-15,VER-01,Golfo,Online,Electrónica,Teclado mecánico,2,1254.82,0.05,713.38,Recurrente,Tarjeta,False,5.0
ORD-001439,2025-02-27,PUE-01,Centro,Online,Hogar,Cafetera programable,2,1553.85,0.1,891.84,Recurrente,Tarjeta,False,1.0
ORD-002632,2025-05-26,CHH-01,Norte,Tienda,Electrónica,Audífonos Bluetooth,6,702.56,0.0,375.62,Recurrente,Tarjeta,False,5.0
ORD-002305,2025-03-04,GDL-02,Occidente,Tienda,Electrónica,Teclado mecánico,4,1238.52,0.05,703.22,Nuevo,Tarjeta,True,3.0
ORD-002184,2025-08-24,CDMX-01,Centro,Online,Oficina,Lámpara LED,1,546.44,0.0,244.14,Recurrente,Tarjeta,False,2.0
ORD-001518,2025-02-03,MER-01,Sureste,Tienda,Deportes,Mochila deportiva,2,786.86,0.2,342.01,Nuevo,Tarjeta,False,1.0
ORD-001269,2025-07-10,MTY-02,Norte,Tienda,Oficina,Lámpara LED,2,559.24,0.15,236.87,Recurrente,Efectivo,True,4.0
ORD-000262,2025-09-05,CAN-01,Sureste,Online,Oficina,Lámpara LED,3,550.98,0.0,244.54,Recurrente,Tarjeta,True,4.0
ORD-002875,2025-04-04,ZAP-01,Occidente,Tienda,Electrónica,Monitor 24 pulgadas,1,3319.16,0.15,2346.21,Nuevo,Tarjeta,False,4.0
ORD-000043,2025-06-30,CHH-01,Norte,Online,Deportes,Mochila deportiva,3,755.27,0.2,342.67,Recurrente,Efectivo,False,3.0
ORD-000120,2025-01-28,VER-01,Golfo,Tienda,Oficina,Silla ergonómica,1,2798.88,0.0,1802.72,Recurrente,Tarjeta,False,5.0
ORD-001900,2025-07-08,CHH-01,Norte,Online,Electrónica,Monitor 24 pulgadas,3,3282.04,0.0,2332.7,Recurrente,Efectivo,False,3.0
ORD-001511,2025-10-30,CHH-01,Norte,Tienda,Oficina,Organizador de escritorio,1,292.43,0.1,107.65,Recurrente,Tarjeta,False,3.0
ORD-002336,2025-06-06,MTY-01,Norte,Tienda,Deportes,Mochila deportiva,1,750.13,0.1,329.32,Recurrente,Tarjeta,False,5.0
ORD-001123,2025-08-01,CHH-01,Norte,Tienda,Oficina,Lámpara LED,1,546.75,0.3,236.13,Recurrente,Efectivo,True,5.0
ORD-002450,2025-05-17,CDMX-01,Centro,Online,Oficina,Lámpara LED,2,560.24,0.1,232.03,Recurrente,Tarjeta,False,4.0
ORD-003135,2025-08-01,CHH-01,Norte,Tienda,Deportes,Mochila deportiva,5,745.09,0.0,351.16,Recurrente,Tarjeta,False,5.0
ORD-003408,2025-02-04,GDL-02,Occidente,Tienda,Oficina,Silla ergonómica,2,2928.52,0.05,1799.1,Recurrente,Tarjeta,False,1.0
ORD-002356,2025-01-07,CAN-01,Sureste,Tienda,Oficina,Silla ergonómica,2,2870.24,0.15,1874.07,Empresa,Tarjeta,False,4.0
ORD-002071,2025-12-30,MTY-01,Norte,Tienda,Oficina,Lámpara LED,2,610.4,0.0,239.94,Nuevo,Efectivo,False,4.0
ORD-000873,2025-01-13,GDL-02,Occidente,Tienda,Deportes,Mochila deportiva,1,774.03,0.15,343.26,Recurrente,Tarjeta,True,3.0
ORD-001500,2025-12-25,PUE-01,Centro,Tienda,Deportes,Mochila deportiva,2,837.47,0.2,336.78,Nuevo,Transferencia,False,4.0
ORD-002263,2025-02-19,CDMX-02,Centro,Tienda,Oficina,Organizador de escritorio,6,294.4,0.0,103.55,Recurrente,Tarjeta,False,5.0
ORD-003258,2025-02-19,CHH-01,Norte,Tienda,Electrónica,Teclado mecánico,3,1173.79,0.0,712.64,Recurrente,Tarjeta,False,5.0
ORD-003562,2025-05-01,MER-01,Sureste,Online,Deportes,Mancuernas 10 kg,2,910.21,0.05,516.7,Recurrente,Transferencia,False,5.0
ORD-003486,2025-08-07,PUE-01,Centro,Online,Electrónica,Audífonos Bluetooth,4,712.61,0.1,379.85,Empresa,Efectivo,False,4.0
ORD-002911,2025-07-25,GDL-02,Occidente,Tienda,Oficina,Silla ergonómica,2,2905.52,0.1,1826.83,Nuevo,Tarjeta,False,5.0
ORD-000421,2025-09-17,VER-01,Golfo,Tienda,Hogar,Cafetera programable,1,1464.87,0.0,874.26,Recurrente,Tarjeta,False,1.0
ORD-001673,2025-11-29,CDMX-02,Centro,Tienda,Deportes,Mochila deportiva,1,841.49,0.05,338.62,Nuevo,Tarjeta,False,3.0
ORD-001242,2025-02-10,CDMX-01,Centro,Online,Electrónica,Teclado mecánico,1,1208.96,0.0,720.26,Empresa,Tarjeta,False,5.0
ORD-000155,2025-02-04,MTY-01,Norte,Tienda,Oficina,Lámpara LED,6,555.78,0.1,239.6,Nuevo,Transferencia,False,4.0
ORD-003403,2025-09-19,MTY-01,Norte,Online,Deportes,Mochila deportiva,3,726.47,0.0,341.63,Recurrente,Transferencia,False,3.0
ORD-003153,2025-12-03,CDMX-01,Centro,Tienda,Oficina,Organizador de escritorio,2,322.96,0.0,104.58,Recurrente,Efectivo,True,2.0
ORD-003327,2025-12-13,CAN-01,Sureste,Tienda,Deportes,Mochila deportiva,1,798.8,0.05,344.12,Nuevo,Transferencia,False,1.0
ORD-000351,2025-03-13,ZAP-01,Occidente,Tienda,Deportes,Tapete de yoga,2,412.12,0.05,158.47,Recurrente,Efectivo,False,5.0
ORD-001932,2025-04-18,ZAP-01,Occidente,Online,Electrónica,Monitor 24 pulgadas,1,3202.42,0.0,2330.34,Nuevo,Tarjeta,False,3.0
ORD-000848,2025-08-30,MTY-01,Norte,Tienda,Oficina,Lámpara LED,2,549.67,0.15,246.68,Nuevo,Tarjeta,False,4.0
ORD-002303,2025-06-20,MTY-02,Norte,Tienda,Electrónica,Audífonos Bluetooth,1,686.1,0.05,373.38,Recurrente,Tarjeta,False,5.0
ORD-001330,2025-04-15,MTY-02,Norte,Online,Electrónica,Teclado mecánico,2,1150.5,0.0,715.57,Empresa,Tarjeta,True,3.0
ORD-002606,2025-04-17,VER-01,Golfo,Tienda,Hogar,Licuadora,2,1035.82,0.0,561.14,Recurrente,Efectivo,False,4.0
ORD-000596,2025-08-18,MTY-01,Norte,Tienda,Electrónica,Teclado mecánico,4,1161.38,0.0,729.17,Nuevo,Tarjeta,False,
ORD-002777,2025-09-14,ZAP-01,Occidente,Tienda,Hogar,Cafetera programable,1,1534.68,0.1,862.32,Recurrente,Efectivo,False,4.0
ORD-003038,2025-08-04,CHH-01,Norte,Tienda,Hogar,Cafetera programable,1,1500.16,0.0,850.24,Recurrente,Efectivo,False,4.0
ORD-002036,2025-02-24,MTY-02,Norte,Tienda,Deportes,Mancuernas 10 kg,1,904.1,0.0,530.98,Recurrente,Tarjeta,True,5.0
ORD-000788,2025-07-16,CDMX-01,Centro,Tienda,Oficina,Silla ergonómica,2,2940.04,0.3,1825.68,Recurrente,Tarjeta,False,3.0
ORD-002643,2025-09-07,CDMX-01,Centro,Tienda,Hogar,Cafetera programable,2,1496.08,0.1,855.6,Nuevo,Efectivo,False,4.0
ORD-002016,2025-06-20,GDL-01,Occidente,Tienda,Hogar,Cafetera programable,3,1514.14,0.05,865.86,Recurrente,Tarjeta,False,2.0
ORD-000406,2025-09-14,CHH-01,Norte,Online,Oficina,Silla ergonómica,1,2973.06,0.2,1880.97,Nuevo,Tarjeta,False,3.0
ORD-003071,2025-10-18,CDMX-02,Centro,Tienda,Oficina,Lámpara LED,3,549.98,0.15,244.42,Recurrente,Efectivo,False,5.0
ORD-002666,2025-12-08,CAN-01,Sureste,Online,Hogar,Licuadora,1,1126.29,0.2,563.74,Recurrente,Tarjeta,False,4.0
ORD-000370,2025-12-01,PUE-01,Centro,Tienda,Hogar,Juego de sábanas,2,692.99,0.0,302.4,Empresa,Efectivo,False,4.0
ORD-003464,2025-08-22,GDL-01,Occidente,Tienda,Electrónica,Monitor 24 pulgadas,3,3268.86,0.15,2416.13,Nuevo,Tarjeta,False,4.0
ORD-002328,2025-06-11,MER-01,Sureste,Online,Hogar,Cafetera programable,2,1454.23,0.0,867.21,Nuevo,Tarjeta,False,3.0
ORD-003089,2025-06-07,GDL-01,Occidente,Tienda,Electrónica,Monitor 24 pulgadas,1,3439.39,0.0,2376.58,Nuevo,Transferencia,False,3.0
ORD-003520,2025-12-14,VER-01,Golfo,Tienda,Electrónica,Teclado mecánico,1,1345.71,0.0,721.8,Nuevo,Transferencia,False,4.0
ORD-001545,2025-06-25,GDL-02,Occidente,Tienda,Oficina,Lámpara LED,1,559.13,0.05,237.25,Nuevo,Tarjeta,False,4.0
ORD-000297,2025-10-15,CDMX-01,Centro,Tienda,Oficina,Organizador de escritorio,1,292.24,0.0,105.22,Empresa,Tarjeta,False,4.0
ORD-002854,2025-06-07,CDMX-01,Centro,Tienda,Hogar,Cafetera programable,2,1561.82,0.15,860.85,Nuevo,Tarjeta,False,3.0
ORD-000170,2025-02-22,MTY-01,Norte,Tienda,Electrónica,Monitor 24 pulgadas,2,3245.19,0.1,2291.09,Nuevo,Tarjeta,False,4.0
ORD-003081,2025-06-26,MTY-01,Norte,Tienda,Deportes,Mancuernas 10 kg,2,864.18,0.05,515.35,Recurrente,Transferencia,False,3.0
ORD-000707,2025-12-02,GDL-02,Occidente,Tienda,Deportes,Mochila deportiva,3,828.54,0.1,340.57,Nuevo,Tarjeta,False,5.0
ORD-001910,2025-06-22,MTY-02,Norte,Online,Electrónica,Monitor 24 pulgadas,1,3242.85,0.0,2353.89,Recurrente,Transferencia,False,5.0
ORD-002649,2025-04-23,CHH-01,Norte,Tienda,Deportes,Mancuernas 10 kg,2,911.09,0.05,509.31,Nuevo,Tarjeta,False,2.0
ORD-003228,2025-05-13,GDL-02,Occidente,Tienda,Electrónica,Audífonos Bluetooth,4,681.41,0.15,385.13,Recurrente,Tarjeta,False,5.0
ORD-003591,2025-01-31,CDMX-02,Centro,Tienda,Oficina,Lámpara LED,1,545.86,0.0,249.29,Recurrente,Transferencia,False,4.0
ORD-003461,2025-07-14,GDL-01,Occidente,Tienda,Hogar,Juego de sábanas,1,651.2,0.1,305.48,Recurrente,Tarjeta,True,2.0
ORD-000091,2025-06-13,PUE-01,Centro,Tienda,Electrónica,Teclado mecánico,1,1244.63,0.05,723.9,Nuevo,Tarjeta,False,4.0
ORD-002604,2025-04-10,ZAP-01,Occidente,Tienda,Hogar,Licuadora,2,966.74,0.15,558.35,Nuevo,Tarjeta,False,4.0
ORD-001615,2025-03-31,MER-01,Sureste,Online,Oficina,Silla ergonómica,6,2891.32,0.0,1757.27,Recurrente,Tarjeta,False,4.0
ORD-000932,2025-12-19,CDMX-02,Centro,Tienda,Deportes,Mochila deportiva,2,825.05,0.0,343.4,Recurrente,Transferencia,False,3.0
ORD-001768,2025-10-15,MTY-01,Norte,Online,Oficina,Organizador de escritorio,1,288.85,0.0,107.91,Nuevo,Efectivo,False,4.0
ORD-001377,2025-07-08,CHH-01,Norte,Tienda,Electrónica,Monitor 24 pulgadas,2,3413.37,0.15,2353.17,Recurrente,Tarjeta,False,5.0
ORD-003438,2025-02-05,MTY-02,Norte,Tienda,Oficina,Organizador de escritorio,2,292.0,0.2,102.66,Recurrente,Tarjeta,False,3.0
ORD-002099,2025-03-03,CAN-01,Sureste,Tienda,Electrónica,Audífonos Bluetooth,2,721.17,0.1,390.34,Recurrente,Tarjeta,False,5.0
